state_id,dataset,family,seed,task_id,difficulty,ambiguity,drift,retention_pressure,cost_pressure,specialization_need,action,accuracy,retention,stability,cost,cost_good,specialization,future_forgetting,goal,goal_label,score,policy
SplitMNIST_seed0_task1,SplitMNIST,digits,0,1,0.1156408304387371,0.13874287450119005,0.07039288584742817,0.1967933289232454,0.27993992864489575,0.302377879258495,RC2O_static,0.995,0.999,0.9837635547948866,0.4671910043078755,0.6106741630767704,0.4818124878699457,0.0010000000000000009,Goal_A_accuracy,Goal A: maximize accuracy,1.7503131983139044,fixed_RC2O_static
SplitFashionMNIST_seed0_task1,SplitFashionMNIST,fashion,0,1,0.3807521821563378,0.46717666120450047,0.1808695683462322,0.4199432028836281,0.3864781342229844,0.6399003384425044,RC2O_static,0.9155642743355761,0.999,0.9628944380745459,0.5601092169629893,0.5332423191975089,0.6280356253769535,0.0010000000000000009,Goal_A_accuracy,Goal A: maximize accuracy,1.6547673030880983,fixed_RC2O_static
SplitKMNIST_seed0_task1,SplitKMNIST,characters,0,1,0.4697127088414757,0.34179762127425806,0.20590011227468663,0.4435468756372052,0.44819700435955007,0.6791779298840739,RC2O_static,0.8832078655016291,0.999,0.9668241511306324,0.5845749928016113,0.512854172665324,0.6435008820421162,0.0010000000000000009,Goal_A_accuracy,Goal A: maximize accuracy,1.6144189600173753,fixed_RC2O_static
RotatedMNIST_seed0_task1,RotatedMNIST,digits,0,1,0.3146463308271441,0.3200415082748845,0.4499043764199615,0.46608603500679896,0.38304810754680935,0.5089663714789666,RC2O_static,0.9216590075311131,0.999,0.9270814026873122,0.5345017002180062,0.5545819164849948,0.578576235840147,0.0010000000000000009,Goal_A_accuracy,Goal A: maximize accuracy,1.6542017850495025,fixed_RC2O_static
PermutedMNIST_seed0_task1,PermutedMNIST,digits,0,1,0.30620350844740607,0.21106340804060866,0.5252767818175056,0.5003298580041625,0.39079667592747497,0.44182189438722463,RC2O_static,0.939600159625098,0.999,0.923852513612841,0.5403902465456057,0.5496747945453285,0.5297615801731032,0.0010000000000000009,Goal_A_accuracy,Goal A: maximize accuracy,1.6707717140451417,fixed_RC2O_static
SplitCIFAR10_seed0_task1,SplitCIFAR10,natural-images,0,1,0.5951231963401031,0.5642485168109856,0.369689596676834,0.5708510588190269,0.5682309930521252,0.8229390949639573,RC2O_static,0.8368967388660946,0.999,0.9230627964592786,0.6231936350025524,0.4806719708312063,0.7275130758815801,0.0010000000000000009,Goal_A_accuracy,Goal A: maximize accuracy,1.5551488477227888,fixed_RC2O_static
SplitCIFAR100Coarse_seed0_task1,SplitCIFAR100Coarse,natural-images,0,1,0.7891440889045508,0.6550693630389074,0.4404313897209378,0.7220676082286035,0.6244076210190063,0.9984088392064309,RC2O_static,0.7744473400298311,0.999,0.9007443917779925,0.7078514401319509,0.4101237998900409,0.7996526203089416,0.0010000000000000009,Goal_A_accuracy,Goal A: maximize accuracy,1.473898475823886,fixed_RC2O_static
SVHNContinual_seed0_task1,SVHNContinual,digits-real,0,1,0.5907885437820896,0.48600740830339945,0.4872015484154762,0.6489232905809461,0.43056991716068865,0.7045170752924451,RC2O_static,0.8503758560264163,0.999,0.9166554486575802,0.6213873195000512,0.48217723374995725,0.6641344318001651,0.0010000000000000009,Goal_A_accuracy,Goal A: maximize accuracy,1.5648493038866698,fixed_RC2O_static
SplitMNIST_seed0_task2,SplitMNIST,digits,0,2,0.15015739537106806,0.12839042954153182,0.06453189473949407,0.24627945302147272,0.38476746754935676,0.21538772341289958,RC2O_static,0.9832736256757642,0.999,0.999,0.47582471814528315,0.6034794015455973,0.44641771125738083,0.0010000000000000009,Goal_A_accuracy,Goal A: maximize accuracy,1.733681743375003,fixed_RC2O_static
SplitFashionMNIST_seed0_task2,SplitFashionMNIST,fashion,0,2,0.3685302569197805,0.4567965547888964,0.2479400497607773,0.4461506030568815,0.48076073829601057,0.6184799924875616,RC2O_static,0.9079639515759761,0.999,0.9440015262343417,0.560698403947587,0.5327513300436775,0.6328513875341866,0.0010000000000000009,Goal_A_accuracy,Goal A: maximize accuracy,1.6428654401629077,fixed_RC2O_static
SplitKMNIST_seed0_task2,SplitKMNIST,characters,0,2,0.4315588178495182,0.37162351144443273,0.28890191823904277,0.4733827163151329,0.5073865355255709,0.6230696342963967,RC2O_static,0.8887581173797872,0.999,0.9500378663084783,0.5890970612832338,0.5090857822639718,0.605085641743531,0.0010000000000000009,Goal_A_accuracy,Goal A: maximize accuracy,1.614620469071756,fixed_RC2O_static
RotatedMNIST_seed0_task2,RotatedMNIST,digits,0,2,0.30585475540657026,0.3490682138047014,0.47873358958863993,0.47270523306366846,0.3567686524257889,0.5346692773775623,RC2O_static,0.9243107384295952,0.999,0.9313485059550002,0.5414194114236972,0.5488171571469189,0.5875939512930175,0.0010000000000000009,Goal_A_accuracy,Goal A: maximize accuracy,1.6584818097742375,fixed_RC2O_static
PermutedMNIST_seed0_task2,PermutedMNIST,digits,0,2,0.3142711755917313,0.2868605979484679,0.612701949171781,0.5330519641142752,0.5065051799223501,0.48096093558145175,RC2O_static,0.9093690193544552,0.999,0.9077370768907485,0.5458612183764019,0.5451156513529984,0.5530410639174437,0.0010000000000000009,Goal_A_accuracy,Goal A: maximize accuracy,1.6324375072537256,fixed_RC2O_static
SplitCIFAR10_seed0_task2,SplitCIFAR10,natural-images,0,2,0.6409294866074664,0.5394724043628817,0.2768408068454159,0.5518869410178018,0.5972224096938984,0.7809047050536093,RC2O_static,0.8308731092053232,0.999,0.9400629293321137,0.6632192129911254,0.4473173225073954,0.6952637239615147,0.0010000000000000009,Goal_A_accuracy,Goal A: maximize accuracy,1.5436089305533622,fixed_RC2O_static
SplitCIFAR100Coarse_seed0_task2,SplitCIFAR100Coarse,natural-images,0,2,0.8370038088674012,0.6705661471532373,0.4354246031941269,0.8119930352228502,0.5938712504143434,0.9879015943091742,RC2O_static,0.7595215771388586,0.9896114340269404,0.9122415351641842,0.7121985826111725,0.40650118115735623,0.7964759857475227,0.010388565973059594,Goal_A_accuracy,Goal A: maximize accuracy,1.453938776895424,fixed_RC2O_static
SVHNContinual_seed0_task2,SVHNContinual,digits-real,0,2,0.582384810889269,0.47937970924600243,0.5039061394990499,0.6511932332451321,0.5653672581963015,0.6453525879162197,RC2O_static,0.8485403736030703,0.999,0.9010046227987829,0.6399074933847385,0.46674375551271785,0.6370673541903188,0.0010000000000000009,Goal_A_accuracy,Goal A: maximize accuracy,1.555957271393959,fixed_RC2O_static
SplitMNIST_seed0_task3,SplitMNIST,digits,0,3,0.11840572901619742,0.13935579531224807,0.06773201240546381,0.2430181565392833,0.3337902830202953,0.3111632328036094,RC2O_static,0.995,0.999,0.999,0.48591338700338293,0.5950721774971809,0.46110950793753447,0.0010000000000000009,Goal_A_accuracy,Goal A: maximize accuracy,1.7489681685434715,fixed_RC2O_static
SplitFashionMNIST_seed0_task3,SplitFashionMNIST,fashion,0,3,0.4026070629431854,0.43116451019978635,0.2372383101070944,0.4813944673365708,0.5559463359358148,0.6546950256144441,RC2O_static,0.8933107914473435,0.999,0.9453125257823192,0.5810423126634326,0.5157980727804727,0.6288606798624691,0.0010000000000000009,Goal_A_accuracy,Goal A: maximize accuracy,1.6226512434408216,fixed_RC2O_static
SplitKMNIST_seed0_task3,SplitKMNIST,characters,0,3,0.4399578681610788,0.40216473523398555,0.2858285550041667,0.4989818328968745,0.5621207078661286,0.6683680962158971,RC2O_static,0.8974374129215195,0.999,0.9443657194948794,0.5955620180841604,0.5036983182631996,0.634620554799564,0.0010000000000000009,Goal_A_accuracy,Goal A: maximize accuracy,1.6270335113824075,fixed_RC2O_static
RotatedMNIST_seed0_task3,RotatedMNIST,digits,0,3,0.29555749646793283,0.29057310098826605,0.5643342902529968,0.5297858529819985,0.4284624317107788,0.5499321099797583,RC2O_static,0.9344254285914126,0.999,0.9072652070913427,0.5255370762218777,0.5620524364817685,0.5680072197712108,0.0010000000000000009,Goal_A_accuracy,Goal A: maximize accuracy,1.666877532428265,fixed_RC2O_static
PermutedMNIST_seed0_task3,PermutedMNIST,digits,0,3,0.3234725104655376,0.24981202616291312,0.640758142906764,0.5314057959696514,0.5444085068720945,0.47794208042103453,RC2O_static,0.9181264033579828,0.999,0.8950028388638327,0.5661546567309806,0.5282044527241827,0.5593531909431217,0.0010000000000000009,Goal_A_accuracy,Goal A: maximize accuracy,1.6404141943937838,fixed_RC2O_static
SplitCIFAR10_seed0_task3,SplitCIFAR10,natural-images,0,3,0.6409084803212819,0.5964730543019499,0.34629753266279356,0.6508863433033627,0.6587311995675998,0.8156240234387195,RC2O_static,0.8219486329252723,0.999,0.9237276013890854,0.6645107707096702,0.44624102440860813,0.7214363124313609,0.0010000000000000009,Goal_A_accuracy,Goal A: maximize accuracy,1.53251266504895,fixed_RC2O_static
SplitCIFAR100Coarse_seed0_task3,SplitCIFAR100Coarse,natural-images,0,3,0.7519233787273665,0.6888454773930675,0.5027827072170505,0.7533388778681649,0.6897732714847741,0.9340123684663801,RC2O_static,0.7821835981204144,0.9888690434383214,0.8908241571019544,0.7020270692340852,0.41497744230492895,0.7583667070271571,0.011130956561678618,Goal_A_accuracy,Goal A: maximize accuracy,1.4759047970086001,fixed_RC2O_static
SVHNContinual_seed0_task3,SVHNContinual,digits-real,0,3,0.5706976280268954,0.48040529130484205,0.5947552598045589,0.702894158359452,0.6726127984293899,0.694507388895887,RC2O_static,0.8386281562165412,0.9908051181175348,0.8982706747989038,0.6537500297179376,0.45520830856838534,0.6721979411121005,0.0091948818824652,Goal_A_accuracy,Goal A: maximize accuracy,1.5434677009879443,fixed_RC2O_static
SplitMNIST_seed0_task4,SplitMNIST,digits,0,4,0.18525204303982962,0.0723214737618836,0.09434468433861336,0.280087776258653,0.47024766294986736,0.28950346268958566,RC2O_static,0.9670028139547133,0.999,0.999,0.512951928131854,0.5725400598901217,0.4472954570163007,0.0010000000000000009,Goal_A_accuracy,Goal A: maximize accuracy,1.7103370691340338,fixed_RC2O_static
SplitFashionMNIST_seed0_task4,SplitFashionMNIST,fashion,0,4,0.3891909280210307,0.4250609251826696,0.28062115274915805,0.43870433785264823,0.5944977679011091,0.5950286985093669,RC2O_static,0.9067573717405466,0.999,0.943622994454832,0.5796571778822395,0.5169523517648005,0.6096529182049629,0.0010000000000000009,Goal_A_accuracy,Goal A: maximize accuracy,1.6374006908408845,fixed_RC2O_static
SplitKMNIST_seed0_task4,SplitKMNIST,characters,0,4,0.40891624113554775,0.3903225615493837,0.2640033016637626,0.4682722436151559,0.6226267777926504,0.6463692691921309,RC2O_static,0.9040645189072072,0.999,0.9501140624451483,0.5825091815840177,0.5145756820133186,0.6211346050964661,0.0010000000000000009,Goal_A_accuracy,Goal A: maximize accuracy,1.6359187867117597,fixed_RC2O_static
RotatedMNIST_seed0_task4,RotatedMNIST,digits,0,4,0.316903101454213,0.3084488885698326,0.5559602735186167,0.4864588889082124,0.6036367545600482,0.5120282468618095,RC2O_static,0.9206871202937428,0.999,0.9066741663433784,0.5662353376422025,0.5281372186314979,0.5680720300066139,0.0010000000000000009,Goal_A_accuracy,Goal A: maximize accuracy,1.6462309501824965,fixed_RC2O_static
PermutedMNIST_seed0_task4,PermutedMNIST,digits,0,4,0.32282837326154157,0.20964190399331073,0.6424089713039788,0.532052816126734,0.5340252447673753,0.36541191909343096,RC2O_static,0.9355116777877635,0.999,0.9035946581879775,0.5746929571535934,0.5210892023720055,0.5069009909000142,0.0010000000000000009,Goal_A_accuracy,Goal A: maximize accuracy,1.6574778152901029,fixed_RC2O_static
SplitCIFAR10_seed0_task4,SplitCIFAR10,natural-images,0,4,0.5878694360117495,0.5362476691695974,0.42808053014802955,0.6414781733222988,0.6354029073287497,0.8081779193625046,RC2O_static,0.8230179883397786,0.999,0.9244345500758002,0.6404960887043207,0.46625325941306606,0.7100813846789066,0.0010000000000000009,Goal_A_accuracy,Goal A: maximize accuracy,1.5348211323452905,fixed_RC2O_static
SplitCIFAR100Coarse_seed0_task4,SplitCIFAR100Coarse,natural-images,0,4,0.8029460515928258,0.6693333139351509,0.5525307134709384,0.8379991311555857,0.7794374539500976,0.9236748638044845,RC2O_static,0.7511384723847867,0.999,0.89073531064303,0.7321334102475838,0.38988882479368014,0.7745523182411873,0.0010000000000000009,Goal_A_accuracy,Goal A: maximize accuracy,1.4387275013809246,fixed_RC2O_static
SVHNContinual_seed0_task4,SVHNContinual,digits-real,0,4,0.6116274021384005,0.48522090363929393,0.6404280030619915,0.6883902639860887,0.6897716641259805,0.6590538305720246,RC2O_static,0.8402911859826505,0.999,0.8890580621421158,0.6512423158174244,0.4572980701521463,0.6455228425891957,0.0010000000000000009,Goal_A_accuracy,Goal A: maximize accuracy,1.5437547830737646,fixed_RC2O_static
SplitMNIST_seed0_task5,SplitMNIST,digits,0,5,0.13838087749215947,0.1017541802655163,0.07917179012981182,0.291401737769978,0.5356209470768569,0.24491673230835093,RC2O_static,0.995,0.999,0.9937010351340054,0.5100430647019822,0.5749641127483481,0.4343113911290509,0.0010000000000000009,Goal_A_accuracy,Goal A: maximize accuracy,1.7434827056578406,fixed_RC2O_static
SplitFashionMNIST_seed0_task5,SplitFashionMNIST,fashion,0,5,0.3677343403138047,0.42025209460791313,0.3036322937822363,0.5089304808077337,0.6334666384843415,0.6779051082656592,RC2O_static,0.9071891302501618,0.999,0.9499613620509388,0.6067479601185531,0.4943766999012057,0.6639703771277182,0.0010000000000000009,Goal_A_accuracy,Goal A: maximize accuracy,1.6420653248232353,fixed_RC2O_static
SplitKMNIST_seed0_task5,SplitKMNIST,characters,0,5,0.4481963268651736,0.39685475698278444,0.3617931681967128,0.5105603466756653,0.6468182749767682,0.6687289751245816,RC2O_static,0.886986216875763,0.999,0.9324341862139636,0.6120466473928333,0.48996112717263884,0.6464940053265765,0.0010000000000000009,Goal_A_accuracy,Goal A: maximize accuracy,1.6119934122767197,fixed_RC2O_static
RotatedMNIST_seed0_task5,RotatedMNIST,digits,0,5,0.3389213900699279,0.29718176813105585,0.6149772522652208,0.5507819143121175,0.6270009190222688,0.4830783468026229,RC2O_static,0.9233770196362809,0.999,0.9061563893308038,0.5740983549928447,0.5215847041726294,0.5618741909823499,0.0010000000000000009,Goal_A_accuracy,Goal A: maximize accuracy,1.6482406224604695,fixed_RC2O_static
PermutedMNIST_seed0_task5,PermutedMNIST,digits,0,5,0.35678682835845554,0.23502761334811392,0.7131178362041983,0.5830930474536621,0.5943984447707402,0.41900179837778556,RC2O_static,0.9076372945835229,0.999,0.8874511472129545,0.564607140576074,0.5294940495199383,0.5375589076405135,0.0010000000000000009,Goal_A_accuracy,Goal A: maximize accuracy,1.624119586027392,fixed_RC2O_static
SplitCIFAR10_seed0_task5,SplitCIFAR10,natural-images,0,5,0.6341080583895364,0.5049368983136355,0.4713382031398682,0.6548650410983033,0.7603690150583142,0.8191969331606075,RC2O_static,0.8271677403185265,0.9912286176099723,0.9076479717896673,0.6806578596386776,0.43278511696776856,0.7040589871779325,0.008771382390027727,Goal_A_accuracy,Goal A: maximize accuracy,1.5315984359836714,fixed_RC2O_static
SplitCIFAR100Coarse_seed0_task5,SplitCIFAR100Coarse,natural-images,0,5,0.7757683300593559,0.681560986747505,0.6234940788336261,0.7965117729626255,0.7826339626856182,0.9388151790198968,RC2O_static,0.7689258643011516,0.9928404835716187,0.870856045858684,0.7138169637898182,0.4051525301751515,0.768895427819467,0.007159516428381307,Goal_A_accuracy,Goal A: maximize accuracy,1.4574006539476088,fixed_RC2O_static
SVHNContinual_seed0_task5,SVHNContinual,digits-real,0,5,0.5924111433657719,0.4898963087480462,0.6122421565009929,0.7283905902376918,0.7335259322757786,0.626666038150048,RC2O_static,0.8270686964095502,0.999,0.8856837870892131,0.6743189779112486,0.43806751840729274,0.6435415209134138,0.0010000000000000009,Goal_A_accuracy,Goal A: maximize accuracy,1.5245993425073903,fixed_RC2O_static
SplitMNIST_seed1_task1,SplitMNIST,digits,1,1,0.1412010818066855,0.06742883692384186,0.03662732449902006,0.2533001818547762,0.2753819666529619,0.2701761282379126,RC2O_static,0.9829696793503644,0.999,0.999,0.477229832812594,0.6023084726561716,0.4569838479477444,0.0010000000000000009,Goal_A_accuracy,Goal A: maximize accuracy,1.7342413312483471,fixed_RC2O_static
SplitFashionMNIST_seed1_task1,SplitFashionMNIST,fashion,1,1,0.41041833063543803,0.44375406808292506,0.19845685180309924,0.43021508820464843,0.4501174862454107,0.6209350900294169,RC2O_static,0.8763978473021639,0.999,0.9621644400378964,0.5755221558511234,0.5203982034573971,0.6155472708467113,0.0010000000000000009,Goal_A_accuracy,Goal A: maximize accuracy,1.6031665225638,fixed_RC2O_static
SplitKMNIST_seed1_task1,SplitKMNIST,characters,1,1,0.40992842836207904,0.4100721449511301,0.2139282124714011,0.45890837737958257,0.41630854200454764,0.7081277651824076,RC2O_static,0.8891497741697341,0.999,0.967531435281348,0.5714260677806962,0.5238116101827532,0.6546024308927147,0.0010000000000000009,Goal_A_accuracy,Goal A: maximize accuracy,1.6241583371119166,fixed_RC2O_static
RotatedMNIST_seed1_task1,RotatedMNIST,digits,1,1,0.2906920235384069,0.28477477584893685,0.42585316826160313,0.42793214578729544,0.3817029377995565,0.469784728151274,RC2O_static,0.9211443807207214,0.999,0.9342211614356961,0.5232930026169359,0.5639224978192201,0.5455942177432715,0.0010000000000000009,Goal_A_accuracy,Goal A: maximize accuracy,1.6522653216725054,fixed_RC2O_static
PermutedMNIST_seed1_task1,PermutedMNIST,digits,1,1,0.3210417234032721,0.2513543414975021,0.5150454782616497,0.4946254982190633,0.3762536837102827,0.44703333662785005,RC2O_static,0.9202938284452369,0.999,0.9228739470294516,0.5390624998693921,0.5507812501088398,0.5469409726441593,0.0010000000000000009,Goal_A_accuracy,Goal A: maximize accuracy,1.6483205998862638,fixed_RC2O_static
SplitCIFAR10_seed1_task1,SplitCIFAR10,natural-images,1,1,0.5896277139646589,0.5563696010624222,0.2948426931429208,0.6256854474364846,0.45306153223791623,0.7156946476662303,RC2O_static,0.8391558010858708,0.999,0.9411974213090699,0.6214748388036361,0.4821043009969699,0.6716870883243478,0.0010000000000000009,Goal_A_accuracy,Goal A: maximize accuracy,1.555253503485831,fixed_RC2O_static
SplitCIFAR100Coarse_seed1_task1,SplitCIFAR100Coarse,natural-images,1,1,0.7691142062934752,0.6985454725455252,0.352806142848499,0.7414296450316046,0.6114983021682535,0.9177840209929593,RC2O_static,0.780698409122131,0.9972169128891994,0.917559262815631,0.6830426034631139,0.43079783044740505,0.7708930316128353,0.002783087110800553,Goal_A_accuracy,Goal A: maximize accuracy,1.4829802152533322,fixed_RC2O_static
SVHNContinual_seed1_task1,SVHNContinual,digits-real,1,1,0.6031366885636421,0.4732479189147264,0.39831940376209096,0.635248138004372,0.5116579205083807,0.7142319997056367,RC2O_static,0.8160251278125132,0.999,0.9206061189732893,0.6419181545957049,0.4650682045035792,0.6655708369038534,0.0010000000000000009,Goal_A_accuracy,Goal A: maximize accuracy,1.5209362317523782,fixed_RC2O_static
SplitMNIST_seed1_task2,SplitMNIST,digits,1,2,0.16244999488984335,0.10986911560568266,0.10217055774717239,0.26280959472266235,0.36817537936074735,0.33808761072364724,RC2O_static,0.9759725384630873,0.999,0.999,0.4992147148287318,0.5839877376427235,0.47715588506657436,0.0010000000000000009,Goal_A_accuracy,Goal A: maximize accuracy,1.7256800353497888,fixed_RC2O_static
SplitFashionMNIST_seed1_task2,SplitFashionMNIST,fashion,1,2,0.4315114128310036,0.441533418061148,0.25035097779407656,0.4887921037892913,0.47459758513169953,0.5960761947807884,RC2O_static,0.8901693094659318,0.999,0.9525808219363607,0.5584115070627852,0.534657077447679,0.6346443258706622,0.0010000000000000009,Goal_A_accuracy,Goal A: maximize accuracy,1.6222789004547031,fixed_RC2O_static
SplitKMNIST_seed1_task2,SplitKMNIST,characters,1,2,0.4656656983473609,0.3473480689464505,0.26080713549801476,0.49181373716337656,0.5040878402945852,0.5848600686180363,RC2O_static,0.8974644465014023,0.999,0.9624098448547793,0.5847775916151309,0.5126853403207243,0.5973076446840022,0.0010000000000000009,Goal_A_accuracy,Goal A: maximize accuracy,1.6269413333554426,fixed_RC2O_static
RotatedMNIST_seed1_task2,RotatedMNIST,digits,1,2,0.3265682319593292,0.2789012436695616,0.5441066649648169,0.5538402914421798,0.4996565756466801,0.5012156463283127,RC2O_static,0.913785482218199,0.999,0.911021824435607,0.5611426230218417,0.5323811474817985,0.5850972982405842,0.0010000000000000009,Goal_A_accuracy,Goal A: maximize accuracy,1.640382971010328,fixed_RC2O_static
PermutedMNIST_seed1_task2,PermutedMNIST,digits,1,2,0.31306995848012326,0.2647169260343134,0.5039710459105972,0.5009038266173627,0.4969106352354117,0.5139940208212204,RC2O_static,0.9287271490865388,0.999,0.9227023719195442,0.5568321090335601,0.5359732424720333,0.5609401444560445,0.0010000000000000009,Goal_A_accuracy,Goal A: maximize accuracy,1.6587556308389129,fixed_RC2O_static
SplitCIFAR10_seed1_task2,SplitCIFAR10,natural-images,1,2,0.6253031061571721,0.5887812447262923,0.27882544326857994,0.6106002449812726,0.6112840535218916,0.7929443735764788,RC2O_static,0.8403401678653277,0.999,0.9358643937732491,0.6572108172339319,0.4523243189717233,0.7175527273272487,0.0010000000000000009,Goal_A_accuracy,Goal A: maximize accuracy,1.5575425735275443,fixed_RC2O_static
SplitCIFAR100Coarse_seed1_task2,SplitCIFAR100Coarse,natural-images,1,2,0.8131131115253547,0.6727614997841525,0.43902156199287384,0.7452575117226714,0.6623221628899711,0.9498368631491109,RC2O_static,0.768754812976937,0.9973858800085047,0.8955654242221185,0.705273169917011,0.4122723584024909,0.7935830601907461,0.0026141199914953006,Goal_A_accuracy,Goal A: maximize accuracy,1.465210341715939,fixed_RC2O_static
SVHNContinual_seed1_task2,SVHNContinual,digits-real,1,2,0.5860008705986327,0.46468216528598055,0.5558026677902348,0.6741227598033842,0.5761773171410235,0.6649684074015767,RC2O_static,0.8449047553678315,0.999,0.896683299365181,0.6372511266937917,0.46895739442184026,0.6420589756093689,0.0010000000000000009,Goal_A_accuracy,Goal A: maximize accuracy,1.5514850761176875,fixed_RC2O_static
SplitMNIST_seed1_task3,SplitMNIST,digits,1,3,0.1840498088315293,0.09953857297524371,0.09774200012531535,0.2699265100771329,0.38713672990923864,0.2684318691796249,RC2O_static,0.9708819600875236,0.999,0.999,0.5134661766753424,0.5721115194372146,0.4553325582168608,0.0010000000000000009,Goal_A_accuracy,Goal A: maximize accuracy,1.715946857874812,fixed_RC2O_static
SplitFashionMNIST_seed1_task3,SplitFashionMNIST,fashion,1,3,0.36552637014116496,0.48694053026354267,0.2614808878770518,0.39933448249222075,0.49048393723552836,0.6309231452777158,RC2O_static,0.9080692301288151,0.999,0.939980323849452,0.5812005539854084,0.5156662050121597,0.6339366086629541,0.0010000000000000009,Goal_A_accuracy,Goal A: maximize accuracy,1.640793867605948,fixed_RC2O_static
SplitKMNIST_seed1_task3,SplitKMNIST,characters,1,3,0.431881273228102,0.3757576381290579,0.3521853195438866,0.49430772849060095,0.5244671595124806,0.6591911401736178,RC2O_static,0.8993387385972778,0.999,0.942324980633644,0.5959931082159248,0.5033390764867294,0.641046145728091,0.0010000000000000009,Goal_A_accuracy,Goal A: maximize accuracy,1.629710692563126,fixed_RC2O_static
RotatedMNIST_seed1_task3,RotatedMNIST,digits,1,3,0.32670573425184485,0.32451877748576796,0.4869325951830318,0.4963206837439743,0.5159352054760277,0.6044239330605587,RC2O_static,0.9132576110367006,0.999,0.920605503567373,0.5586686156009246,0.5344428203325629,0.6109408451594616,0.0010000000000000009,Goal_A_accuracy,Goal A: maximize accuracy,1.643951205880184,fixed_RC2O_static
PermutedMNIST_seed1_task3,PermutedMNIST,digits,1,3,0.3463406319390595,0.23080609365980087,0.5907726257952066,0.5327731515677512,0.4725150457372488,0.4709169165108234,RC2O_static,0.9188064165068754,0.999,0.9122829788931253,0.5666987274163614,0.5277510604863656,0.5406938006160509,0.0010000000000000009,Goal_A_accuracy,Goal A: maximize accuracy,1.6419449535778048,fixed_RC2O_static
SplitCIFAR10_seed1_task3,SplitCIFAR10,natural-images,1,3,0.6554451046891967,0.5882470330735468,0.4473537773161577,0.667943574963561,0.6110606447596912,0.7580463244379467,RC2O_static,0.8218299845629589,0.9938955126159212,0.9160844990163983,0.6555473141457624,0.453710571545198,0.7005839671011408,0.006104487384078761,Goal_A_accuracy,Goal A: maximize accuracy,1.5286034875747725,fixed_RC2O_static
SplitCIFAR100Coarse_seed1_task3,SplitCIFAR100Coarse,natural-images,1,3,0.7918281031699116,0.6931600126146504,0.5162677364520123,0.7243649381211288,0.7163780334006072,0.9975914102186239,RC2O_static,0.7754788557983348,0.999,0.8956272584747391,0.7334181891717506,0.3888181756902078,0.8260362933834705,0.0010000000000000009,Goal_A_accuracy,Goal A: maximize accuracy,1.474928105426497,fixed_RC2O_static
SVHNContinual_seed1_task3,SVHNContinual,digits-real,1,3,0.6164853751164437,0.5207570971588229,0.5476872805723473,0.6276024382509342,0.6201201942979018,0.7058778860762227,RC2O_static,0.8472716444384814,0.999,0.9108440231982562,0.6601747965935257,0.44985433617206183,0.6723507432844507,0.0010000000000000009,Goal_A_accuracy,Goal A: maximize accuracy,1.5576866669734915,fixed_RC2O_static
SplitMNIST_seed1_task4,SplitMNIST,digits,1,4,0.20195450084444358,0.07471616778281728,0.18807453512544722,0.28107126478444927,0.5047457731895469,0.2615865195679625,RC2O_static,0.9763088801274244,0.999,0.9827124794349498,0.512110167084974,0.5732415274291882,0.4570354724206025,0.0010000000000000009,Goal_A_accuracy,Goal A: maximize accuracy,1.7205706720595022,fixed_RC2O_static
SplitFashionMNIST_seed1_task4,SplitFashionMNIST,fashion,1,4,0.39131769793887156,0.547123078620316,0.25933227393754826,0.44635952801099865,0.5947686714736051,0.6647997021294646,RC2O_static,0.8939723687783752,0.999,0.9303232993347545,0.5713212871380908,0.5238989273849243,0.6629447977529778,0.0010000000000000009,Goal_A_accuracy,Goal A: maximize accuracy,1.6254483283869723,fixed_RC2O_static
SplitKMNIST_seed1_task4,SplitKMNIST,characters,1,4,0.4120980908295716,0.37353689742943746,0.2620260216520839,0.47827367604779275,0.5399584643513752,0.6925469090122468,RC2O_static,0.9003779999989798,0.999,0.9568748299018335,0.58723337886557,0.5106388509453583,0.6457020426212415,0.0010000000000000009,Goal_A_accuracy,Goal A: maximize accuracy,1.63438781384066,fixed_RC2O_static
RotatedMNIST_seed1_task4,RotatedMNIST,digits,1,4,0.29016477051897926,0.3143753478234113,0.559948835798045,0.5234075399151786,0.5205772712950277,0.5441774823084808,RC2O_static,0.9493768541284486,0.999,0.9110506994167118,0.549130446514717,0.5423912945710692,0.5776695680091518,0.0010000000000000009,Goal_A_accuracy,Goal A: maximize accuracy,1.6851347588310897,fixed_RC2O_static
PermutedMNIST_seed1_task4,PermutedMNIST,digits,1,4,0.34234954901552295,0.2300218736109157,0.6576161305897169,0.5786080759254457,0.5343438022162803,0.48260954030143677,RC2O_static,0.9182068855204497,0.999,0.8982883214676534,0.5561304113731741,0.536557990522355,0.5315003501433431,0.0010000000000000009,Goal_A_accuracy,Goal A: maximize accuracy,1.63905768918728,fixed_RC2O_static
SplitCIFAR10_seed1_task4,SplitCIFAR10,natural-images,1,4,0.6308233085156676,0.5878155453697678,0.3718970344032895,0.629110995507831,0.6733343965800674,0.7991907299821233,RC2O_static,0.828102117572254,0.999,0.9198341473905964,0.6722984605263733,0.4397512828946889,0.7124422548654684,0.0010000000000000009,Goal_A_accuracy,Goal A: maximize accuracy,1.5380721228499226,fixed_RC2O_static
SplitCIFAR100Coarse_seed1_task4,SplitCIFAR100Coarse,natural-images,1,4,0.79002626300174,0.6342717682706962,0.5014316793151644,0.7719438695355011,0.785331289664574,0.9448725395949185,RC2O_static,0.7775603881877198,0.999,0.8910573739057501,0.7328478284725841,0.3892934762728465,0.7677067198669631,0.0010000000000000009,Goal_A_accuracy,Goal A: maximize accuracy,1.4710591109344933,fixed_RC2O_static
SVHNContinual_seed1_task4,SVHNContinual,digits-real,1,4,0.5603237787616734,0.5023999556018484,0.6071717971843381,0.6421228253161184,0.678624187247489,0.6720337546464061,RC2O_static,0.8320691391883897,0.9975527459545062,0.9016689609507678,0.6426392194956193,0.46446731708698386,0.657318343735707,0.0024472540454938407,Goal_A_accuracy,Goal A: maximize accuracy,1.5369035206989978,fixed_RC2O_static
SplitMNIST_seed1_task5,SplitMNIST,digits,1,5,0.1692596978520151,0.1300871711100096,0.04376918222847759,0.28291567121049416,0.5532403417290499,0.2833544591222786,RC2O_static,0.9823032531475666,0.999,0.999,0.520751683002246,0.566040264164795,0.4681216563867693,0.0010000000000000009,Goal_A_accuracy,Goal A: maximize accuracy,1.7308952584896147,fixed_RC2O_static
SplitFashionMNIST_seed1_task5,SplitFashionMNIST,fashion,1,5,0.38662635374056525,0.458214248691706,0.2655645480135361,0.4315922477060668,0.6044013611056935,0.6732835197486579,RC2O_static,0.8947275000691199,0.999,0.9498061574392913,0.5731785086227494,0.5223512428143755,0.6458620247025832,0.0010000000000000009,Goal_A_accuracy,Goal A: maximize accuracy,1.6274516254539895,fixed_RC2O_static
SplitKMNIST_seed1_task5,SplitKMNIST,characters,1,5,0.40349277794386396,0.442321042302932,0.34212448310162924,0.4574136362948369,0.5870531915490932,0.6583080456633699,RC2O_static,0.8985844983148525,0.999,0.9366460968463037,0.6014820017219609,0.49876499856503254,0.6356597782244187,0.0010000000000000009,Goal_A_accuracy,Goal A: maximize accuracy,1.6269200150994563,fixed_RC2O_static
RotatedMNIST_seed1_task5,RotatedMNIST,digits,1,5,0.35676060850946123,0.2875568893258405,0.7002950742487211,0.5671393659994899,0.568213593706577,0.49832062388410486,RC2O_static,0.91420730788276,0.999,0.8988699944265433,0.5659787739696571,0.5283510216919524,0.5697060838299797,0.0010000000000000009,Goal_A_accuracy,Goal A: maximize accuracy,1.6371453445696247,fixed_RC2O_static
PermutedMNIST_seed1_task5,PermutedMNIST,digits,1,5,0.3209297170788323,0.2917281388036251,0.654555480115323,0.5521461113558415,0.5843251734683311,0.480321285346126,RC2O_static,0.9232325009513744,0.9976843214110933,0.8997474400071641,0.573826290639421,0.5218114244671491,0.5473856852466329,0.002315678588906689,Goal_A_accuracy,Goal A: maximize accuracy,1.6453435335144442,fixed_RC2O_static
SplitCIFAR10_seed1_task5,SplitCIFAR10,natural-images,1,5,0.6330664908622213,0.5496347766142244,0.45894260361929456,0.6498391324986418,0.6988371954646971,0.7767976022631671,RC2O_static,0.8248790061884657,0.999,0.9064927529522915,0.6604355226523769,0.44963706445635254,0.7010986596047104,0.0010000000000000009,Goal_A_accuracy,Goal A: maximize accuracy,1.5318962430845322,fixed_RC2O_static
SplitCIFAR100Coarse_seed1_task5,SplitCIFAR100Coarse,natural-images,1,5,0.7710723221501569,0.6594913764709285,0.5727920113514886,0.7489437563131799,0.7742575306729389,1.0,RC2O_static,0.7707482300734743,0.999,0.8854833585084645,0.7291755734954981,0.39235368875375154,0.7982541983235724,0.0010000000000000009,Goal_A_accuracy,Goal A: maximize accuracy,1.465068580075845,fixed_RC2O_static
SVHNContinual_seed1_task5,SVHNContinual,digits-real,1,5,0.5903521956629811,0.4691885850278141,0.6312688681712095,0.7002632692622633,0.7576513044512806,0.726902149280249,RC2O_static,0.8441047387934959,0.999,0.8831413056187132,0.677246917362414,0.4356275688646549,0.6756731177194762,0.0010000000000000009,Goal_A_accuracy,Goal A: maximize accuracy,1.54848218799309,fixed_RC2O_static
SplitMNIST_seed2_task1,SplitMNIST,digits,2,1,0.1507801433555985,0.10143014859189539,0.10364652376207192,0.25143092818134644,0.25052565757441186,0.29300366907885467,RC2O_static,0.9897530695884635,0.999,0.999,0.4651442562003182,0.6123797864997349,0.48260069947804685,0.0010000000000000009,Goal_A_accuracy,Goal A: maximize accuracy,1.7462893855833574,fixed_RC2O_static
SplitFashionMNIST_seed2_task1,SplitFashionMNIST,fashion,2,1,0.40066181276053725,0.44507347271644654,0.23451611494557628,0.49357430232011024,0.46596749632275475,0.6259836226917374,RC2O_static,0.8949835005222655,0.999,0.95047216059409,0.5771665070103017,0.5190279108247486,0.630327595084179,0.0010000000000000009,Goal_A_accuracy,Goal A: maximize accuracy,1.625985750332838,fixed_RC2O_static
SplitKMNIST_seed2_task1,SplitKMNIST,characters,2,1,0.42719807237425006,0.3487060136998262,0.22863562740492877,0.4456931286766152,0.4539620862151731,0.6687945289807565,RC2O_static,0.90121431606041,0.999,0.9585404345387989,0.5727573527849891,0.522702206012509,0.6235139860858189,0.0010000000000000009,Goal_A_accuracy,Goal A: maximize accuracy,1.6346705794661651,fixed_RC2O_static
RotatedMNIST_seed2_task1,RotatedMNIST,digits,2,1,0.29905518199764436,0.24021535026139512,0.4189602067701992,0.43305401150068684,0.39140195709833486,0.4965692580761236,RC2O_static,0.9409817548348594,0.999,0.9409634188507376,0.538399418755833,0.5513338177034726,0.567094960866465,0.0010000000000000009,Goal_A_accuracy,Goal A: maximize accuracy,1.6789645842281786,fixed_RC2O_static
PermutedMNIST_seed2_task1,PermutedMNIST,digits,2,1,0.35564727080584174,0.2700683468630563,0.5196930200663868,0.5310528670180544,0.4328877374827303,0.4748950457832441,RC2O_static,0.922639776105135,0.999,0.9174373807165292,0.5542890216115264,0.5380924819903947,0.5476860149039456,0.0010000000000000009,Goal_A_accuracy,Goal A: maximize accuracy,1.6492431769283322,fixed_RC2O_static
SplitCIFAR10_seed2_task1,SplitCIFAR10,natural-images,2,1,0.661393144674172,0.5374582613657736,0.3086905319695931,0.6010293017472977,0.565551180590767,0.8651676801165903,RC2O_static,0.8266659535040672,0.999,0.9365722541714827,0.6425796239935959,0.4645169800053367,0.7338171821548547,0.0010000000000000009,Goal_A_accuracy,Goal A: maximize accuracy,1.5434016962218255,fixed_RC2O_static
SplitCIFAR100Coarse_seed2_task1,SplitCIFAR100Coarse,natural-images,2,1,0.7809010999956233,0.7020395691474365,0.37977316069236355,0.7410627283934746,0.5701814880887224,0.9190468780122998,RC2O_static,0.7696668546217684,0.9972287610659716,0.908577437403989,0.6949079635979856,0.42091003033501195,0.7604000816673995,0.0027712389340284194,Goal_A_accuracy,Goal A: maximize accuracy,1.465808385354543,fixed_RC2O_static
SVHNContinual_seed2_task1,SVHNContinual,digits-real,2,1,0.5633665041161232,0.49161761621344774,0.41842074233600424,0.6137620287423091,0.530404015444869,0.7436268985579215,RC2O_static,0.839806641932948,0.999,0.9256789306428082,0.6304426706721705,0.4746311077731912,0.6877484749448771,0.0010000000000000009,Goal_A_accuracy,Goal A: maximize accuracy,1.554598100284413,fixed_RC2O_static
SplitMNIST_seed2_task2,SplitMNIST,digits,2,2,0.1365161113011586,0.14243491765981306,0.09481523943490536,0.2925785030959676,0.37966421567921416,0.32895464078270453,RC2O_static,0.995,0.999,0.999,0.4889692986124722,0.5925255844896065,0.4886044287841418,0.0010000000000000009,Goal_A_accuracy,Goal A: maximize accuracy,1.7514630013273746,fixed_RC2O_static
SplitFashionMNIST_seed2_task2,SplitFashionMNIST,fashion,2,2,0.39216592874978384,0.4538230682910619,0.18612280836677741,0.45478541262715566,0.5212691123254068,0.593641328389066,RC2O_static,0.8931528055971587,0.999,0.9485619478695062,0.5859851827705498,0.5116790143578751,0.6198146599320052,0.0010000000000000009,Goal_A_accuracy,Goal A: maximize accuracy,1.6216246666058622,fixed_RC2O_static
SplitKMNIST_seed2_task2,SplitKMNIST,characters,2,2,0.42528538715278313,0.399671535183187,0.23936537298814345,0.4493722474532167,0.39241707474120685,0.7147251254701994,RC2O_static,0.9094364315365884,0.999,0.9525129473279703,0.5804578665064534,0.5162851112446222,0.6623627083986561,0.0010000000000000009,Goal_A_accuracy,Goal A: maximize accuracy,1.6472872634842588,fixed_RC2O_static
RotatedMNIST_seed2_task2,RotatedMNIST,digits,2,2,0.30634692278281694,0.29474536505159943,0.49925974012136975,0.4582301474189383,0.3849378045078447,0.599756383213272,RC2O_static,0.9398858856385344,0.999,0.9308175384549588,0.5362734365477189,0.5531054695435675,0.6028287049846368,0.0010000000000000009,Goal_A_accuracy,Goal A: maximize accuracy,1.6798234052692322,fixed_RC2O_static
PermutedMNIST_seed2_task2,PermutedMNIST,digits,2,2,0.2930926218820866,0.26513863182659847,0.538288909866798,0.47181237922283215,0.42558731343906153,0.46164923669534397,RC2O_static,0.9225938862317842,0.999,0.9227441390542117,0.5361924985546443,0.5531729178711298,0.5436272427195126,0.0010000000000000009,Goal_A_accuracy,Goal A: maximize accuracy,1.6510839947069262,fixed_RC2O_static
SplitCIFAR10_seed2_task2,SplitCIFAR10,natural-images,2,2,0.5851627668696491,0.5232021127120186,0.33013044317168483,0.5981258369970281,0.5623650595625325,0.7264191142421776,RC2O_static,0.8330554327404514,0.999,0.9250741297735405,0.6421200017713067,0.46489999852391106,0.6873012191207742,0.0010000000000000009,Goal_A_accuracy,Goal A: maximize accuracy,1.5450505321560637,fixed_RC2O_static
SplitCIFAR100Coarse_seed2_task2,SplitCIFAR100Coarse,natural-images,2,2,0.7268590118434352,0.6658653819845225,0.4985588187173504,0.7342935034705377,0.6817924365092294,0.8612412365328956,RC2O_static,0.798577136129563,0.9940088779159888,0.8920479601567544,0.70176027567986,0.41519977026678334,0.7329588811789283,0.005991122084011202,Goal_A_accuracy,Goal A: maximize accuracy,1.4953466988090354,fixed_RC2O_static
SVHNContinual_seed2_task2,SVHNContinual,digits-real,2,2,0.5494469091915636,0.4769299570497869,0.48815515982766144,0.6324788526817721,0.5090973516548516,0.7138743559923201,RC2O_static,0.8549982172090043,0.999,0.9046363514409741,0.6275565889536402,0.47703617587196645,0.6684663652361685,0.0010000000000000009,Goal_A_accuracy,Goal A: maximize accuracy,1.568743478338215,fixed_RC2O_static
SplitMNIST_seed2_task3,SplitMNIST,digits,2,3,0.13105550003207225,0.09982958088337249,0.09302547359785406,0.2506102464554514,0.44921137140839845,0.28391218910984756,RC2O_static,0.995,0.999,0.999,0.5001006973561064,0.5832494188699113,0.45315946696926934,0.0010000000000000009,Goal_A_accuracy,Goal A: maximize accuracy,1.746990888583918,fixed_RC2O_static
SplitFashionMNIST_seed2_task3,SplitFashionMNIST,fashion,2,3,0.33381395994618895,0.4484938036471359,0.3247690321046144,0.43089290508965405,0.48087416635062086,0.6437575716903422,RC2O_static,0.9242464337942509,0.999,0.9425419060923883,0.5513480342166366,0.5405433048194694,0.6399260865704965,0.0010000000000000009,Goal_A_accuracy,Goal A: maximize accuracy,1.6644862672956684,fixed_RC2O_static
SplitKMNIST_seed2_task3,SplitKMNIST,characters,2,3,0.44315128387095176,0.3898499322321634,0.2759205480314769,0.50993628938514,0.5346919238343283,0.6518361451328278,RC2O_static,0.8861626871177457,0.999,0.9539801498812102,0.5829496423510868,0.5142086313740943,0.6195796608314607,0.0010000000000000009,Goal_A_accuracy,Goal A: maximize accuracy,1.613929210599919,fixed_RC2O_static
RotatedMNIST_seed2_task3,RotatedMNIST,digits,2,3,0.38369785565266634,0.2562452672010205,0.5218404293164506,0.6161409794628477,0.5144939908682541,0.47947962233296765,RC2O_static,0.9142666351140105,0.999,0.9211022820773713,0.5813788915881444,0.515517590343213,0.5648958687564726,0.0010000000000000009,Goal_A_accuracy,Goal A: maximize accuracy,1.6387899821140874,fixed_RC2O_static
PermutedMNIST_seed2_task3,PermutedMNIST,digits,2,3,0.3603518485788121,0.25801184558844326,0.5608335648905618,0.5697349258848045,0.5285975825049662,0.4010021556687567,RC2O_static,0.9117192127371476,0.999,0.9201997663201251,0.5611964792070641,0.5323362673274465,0.5313277047471515,0.0010000000000000009,Goal_A_accuracy,Goal A: maximize accuracy,1.633795378076913,fixed_RC2O_static
SplitCIFAR10_seed2_task3,SplitCIFAR10,natural-images,2,3,0.6096594993657131,0.5145184151305742,0.35191651081777336,0.6223468321924149,0.5596230206377104,0.7759311084609678,RC2O_static,0.8380665476887601,0.999,0.9243276003050689,0.6448292524068028,0.46264228966099763,0.6906645330018405,0.0010000000000000009,Goal_A_accuracy,Goal A: maximize accuracy,1.5513130069229941,fixed_RC2O_static
SplitCIFAR100Coarse_seed2_task3,SplitCIFAR100Coarse,natural-images,2,3,0.7629835268947399,0.6952627324404606,0.48484518505244173,0.7212045645047555,0.6907043340877023,1.0,RC2O_static,0.7783203898975224,0.999,0.9065049472295994,0.7053776574005837,0.4121852854995136,0.793305225081094,0.0010000000000000009,Goal_A_accuracy,Goal A: maximize accuracy,1.4791752805144036,fixed_RC2O_static
SVHNContinual_seed2_task3,SVHNContinual,digits-real,2,3,0.5916505508407276,0.5393765274060061,0.5405137326594532,0.6652699218870556,0.5686688851089744,0.6778270285155533,RC2O_static,0.8337968235292417,0.999,0.90363386862395,0.6402984167535274,0.4664179860387272,0.6682136440146239,0.0010000000000000009,Goal_A_accuracy,Goal A: maximize accuracy,1.5410042727104798,fixed_RC2O_static
SplitMNIST_seed2_task4,SplitMNIST,digits,2,4,0.13738382373373115,0.10924384599934318,0.13620155681204676,0.2830131575003036,0.4605991464890704,0.2603136777211199,RC2O_static,0.995,0.999,0.9928611214927299,0.48752268745688976,0.5937310937859253,0.4418947467763412,0.0010000000000000009,Goal_A_accuracy,Goal A: maximize accuracy,1.745991752280136,fixed_RC2O_static
SplitFashionMNIST_seed2_task4,SplitFashionMNIST,fashion,2,4,0.34879615488155685,0.43840755381884255,0.2974896509765069,0.4603351524623008,0.5632812529506968,0.5830948914637215,RC2O_static,0.9238198292215154,0.999,0.9419993230478811,0.5646736730078717,0.5294386058267735,0.6144420565159026,0.0010000000000000009,Goal_A_accuracy,Goal A: maximize accuracy,1.660212751218344,fixed_RC2O_static
SplitKMNIST_seed2_task4,SplitKMNIST,characters,2,4,0.4171748913023331,0.39951542961623554,0.23064403471024197,0.4631496639727843,0.6013195761110102,0.740621615898952,RC2O_static,0.9051688990046627,0.999,0.9482664370344169,0.5945985884524514,0.5045011762896239,0.6819521837107534,0.0010000000000000009,Goal_A_accuracy,Goal A: maximize accuracy,1.6420964253110286,fixed_RC2O_static
RotatedMNIST_seed2_task4,RotatedMNIST,digits,2,4,0.3055541788029402,0.33533133754924893,0.639310383173817,0.5548312180807138,0.5475193705356831,0.5446682920014587,RC2O_static,0.9298421537243466,0.999,0.9028013460269428,0.5607334163963894,0.5327221530030088,0.5881987338739139,0.0010000000000000009,Goal_A_accuracy,Goal A: maximize accuracy,1.659564982747167,fixed_RC2O_static
PermutedMNIST_seed2_task4,PermutedMNIST,digits,2,4,0.3381023515310466,0.20095131843887665,0.6350835055932001,0.5750952786046599,0.5526345683387371,0.5301728148520302,RC2O_static,0.9015125881902095,0.999,0.9184371810381149,0.5661821483275985,0.5281815430603345,0.5702010604564315,0.0010000000000000009,Goal_A_accuracy,Goal A: maximize accuracy,1.6242445727451558,fixed_RC2O_static
SplitCIFAR10_seed2_task4,SplitCIFAR10,natural-images,2,4,0.600254479537546,0.5345108443191785,0.3459247753101631,0.5800591383893343,0.7285238170213131,0.7777004361785671,RC2O_static,0.8372719391067396,0.999,0.9254300003644169,0.6664983963608132,0.4445846696993223,0.6995981279469549,0.0010000000000000009,Goal_A_accuracy,Goal A: maximize accuracy,1.5495727037027147,fixed_RC2O_static
SplitCIFAR100Coarse_seed2_task4,SplitCIFAR100Coarse,natural-images,2,4,0.809740989495605,0.6497017512715937,0.5346875795765424,0.7819835200817745,0.8176403667231928,0.9261845263853163,RC2O_static,0.7651258562997592,0.9952749026177219,0.8881967579234693,0.7350020610780899,0.3874982824349251,0.7677269294496527,0.0047250973822781095,Goal_A_accuracy,Goal A: maximize accuracy,1.4539780809061076,fixed_RC2O_static
SVHNContinual_seed2_task4,SVHNContinual,digits-real,2,4,0.6054168524096235,0.4402486173425707,0.584809549447483,0.7169600676696432,0.6859853563238327,0.7320834963577217,RC2O_static,0.8233409818433362,0.999,0.894039231671238,0.6607687939909808,0.4493593383408493,0.6801105173635266,0.0010000000000000009,Goal_A_accuracy,Goal A: maximize accuracy,1.5259790976252936,fixed_RC2O_static
SplitMNIST_seed2_task5,SplitMNIST,digits,2,5,0.16578543635245707,0.08656289809072543,0.0703648019899094,0.23910474420137484,0.5305612994085463,0.22195612573013107,RC2O_static,0.995,0.999,0.999,0.5236843330536239,0.56359638912198,0.43425293335286375,0.0010000000000000009,Goal_A_accuracy,Goal A: maximize accuracy,1.7431349322474843,fixed_RC2O_static
SplitFashionMNIST_seed2_task5,SplitFashionMNIST,fashion,2,5,0.39196661973560215,0.4454242140808284,0.322400358867788,0.4448126524856268,0.6654346754208411,0.6319252679584378,RC2O_static,0.8894931795282524,0.999,0.9456824891430757,0.5838658982135384,0.5134450848220513,0.624576164697866,0.0010000000000000009,Goal_A_accuracy,Goal A: maximize accuracy,1.6172709727337686,fixed_RC2O_static
SplitKMNIST_seed2_task5,SplitKMNIST,characters,2,5,0.405533564988147,0.42400395908272387,0.2782049246685278,0.5088181177462999,0.6082951631897321,0.6749329854884509,RC2O_static,0.8895300121466561,0.999,0.9575806007277365,0.5941734390805297,0.504855467432892,0.6432841146707469,0.0010000000000000009,Goal_A_accuracy,Goal A: maximize accuracy,1.6201135635028443,fixed_RC2O_static
RotatedMNIST_seed2_task5,RotatedMNIST,digits,2,5,0.29712818802523316,0.2651522475836035,0.6546767615313087,0.556483192363537,0.604278561938093,0.4555226574406656,RC2O_static,0.9318232565366795,0.999,0.9031519819974971,0.5632077262300942,0.5306602281415882,0.5516687801298664,0.0010000000000000009,Goal_A_accuracy,Goal A: maximize accuracy,1.6582347687976193,fixed_RC2O_static
PermutedMNIST_seed2_task5,PermutedMNIST,digits,2,5,0.3313433139057956,0.23689558228135443,0.7452047422217002,0.6080564239666443,0.5906853038024131,0.43953071997894394,RC2O_static,0.9280573126660581,0.999,0.8755385062260239,0.5827129682908534,0.5144058597576222,0.5300034127826694,0.0010000000000000009,Goal_A_accuracy,Goal A: maximize accuracy,1.6455933440205053,fixed_RC2O_static
SplitCIFAR10_seed2_task5,SplitCIFAR10,natural-images,2,5,0.6134587030524706,0.615544494811624,0.44223219757419086,0.6513766548607212,0.7275055641287176,0.8241851235922791,RC2O_static,0.8265101159370405,0.999,0.9114563459763911,0.6729213504930357,0.4392322079224702,0.7182736769729173,0.0010000000000000009,Goal_A_accuracy,Goal A: maximize accuracy,1.535356685307298,fixed_RC2O_static
SplitCIFAR100Coarse_seed2_task5,SplitCIFAR100Coarse,natural-images,2,5,0.8266684095557615,0.6705958799598599,0.5564168615163934,0.7518494344203964,0.8630383594402056,0.8793962754653915,RC2O_static,0.7588097820054238,0.9945488090033721,0.8798433546938595,0.758081639605312,0.3682653003289066,0.7462889658417132,0.0054511909966279415,Goal_A_accuracy,Goal A: maximize accuracy,1.4405813595787638,fixed_RC2O_static
SVHNContinual_seed2_task5,SVHNContinual,digits-real,2,5,0.5637446887187041,0.4828944407860259,0.6659409216932358,0.7199501451213391,0.7321347609083925,0.7182448902972433,RC2O_static,0.8474107304071186,0.9976295471760395,0.8695010467034787,0.6681610048488967,0.4431991626259194,0.6649342360998313,0.002370452823960534,Goal_A_accuracy,Goal A: maximize accuracy,1.549909296681005,fixed_RC2O_static
SplitMNIST_seed3_task1,SplitMNIST,digits,3,1,0.1506632545106428,0.051252823767483156,0.09347500297465011,0.2663096168897839,0.36583140828415367,0.22791095413219348,RC2O_static,0.995,0.999,0.999,0.49016251874131167,0.5915312343822403,0.4307389316607966,0.0010000000000000009,Goal_A_accuracy,Goal A: maximize accuracy,1.7455770166043036,fixed_RC2O_static
SplitFashionMNIST_seed3_task1,SplitFashionMNIST,fashion,3,1,0.3473075384596984,0.47122468177423193,0.18794863524914446,0.4416778440139004,0.3542761899153115,0.6677035764531971,RC2O_static,0.9233220958134187,0.999,0.9528200069027397,0.5337298261553817,0.5552251448705152,0.651857511715604,0.0010000000000000009,Goal_A_accuracy,Goal A: maximize accuracy,1.6675338864607963,fixed_RC2O_static
SplitKMNIST_seed3_task1,SplitKMNIST,characters,3,1,0.40629817004638485,0.45347238061182815,0.20499594246631953,0.47062460701617226,0.3828470534109738,0.669444259074977,RC2O_static,0.9015261430940076,0.999,0.9529187217747561,0.5651613834373992,0.529032180468834,0.6492200453634914,0.0010000000000000009,Goal_A_accuracy,Goal A: maximize accuracy,1.6374207097169553,fixed_RC2O_static
RotatedMNIST_seed3_task1,RotatedMNIST,digits,3,1,0.3029037128036037,0.29056326059711496,0.47546407004769914,0.47774386648937417,0.3609400408615923,0.5413663043500635,RC2O_static,0.9294781692199932,0.999,0.9241831987791418,0.5340168156948244,0.5549859869209797,0.5798535204226425,0.0010000000000000009,Goal_A_accuracy,Goal A: maximize accuracy,1.663709142076225,fixed_RC2O_static
PermutedMNIST_seed3_task1,PermutedMNIST,digits,3,1,0.33820233143031536,0.2809247648164643,0.47705112182143433,0.5320313038262525,0.39011132638679985,0.4431487645799913,RC2O_static,0.9122662518040456,0.999,0.9248312206697176,0.5531466377886823,0.5390444685094313,0.5321854876345312,0.0010000000000000009,Goal_A_accuracy,Goal A: maximize accuracy,1.635930493469911,fixed_RC2O_static
SplitCIFAR10_seed3_task1,SplitCIFAR10,natural-images,3,1,0.6642775849315627,0.5406182123248098,0.3679707422271125,0.6608654258821052,0.5839322958041161,0.7840231105215867,RC2O_static,0.8323985849651279,0.999,0.9296597346295037,0.6652704167030593,0.4456079860807839,0.6875926659014202,0.0010000000000000009,Goal_A_accuracy,Goal A: maximize accuracy,1.5430172565990559,fixed_RC2O_static
SplitCIFAR100Coarse_seed3_task1,SplitCIFAR100Coarse,natural-images,3,1,0.7246851542948537,0.6642819126679692,0.3797456973252263,0.6558755154960977,0.5452369976970267,0.9912891965369105,RC2O_static,0.7939700721958975,0.999,0.9177596703121527,0.6753881786131128,0.43717651782240596,0.7844764915838766,0.0010000000000000009,Goal_A_accuracy,Goal A: maximize accuracy,1.5020418417323231,fixed_RC2O_static
SVHNContinual_seed3_task1,SVHNContinual,digits-real,3,1,0.5885276027343417,0.5255634763903307,0.4735920942558293,0.5890322373711214,0.48892911555075597,0.7384753591482194,RC2O_static,0.8396722368045182,0.999,0.9096454121073259,0.627904335384849,0.4767463871792924,0.682951788940178,0.0010000000000000009,Goal_A_accuracy,Goal A: maximize accuracy,1.5517569254336938,fixed_RC2O_static
SplitMNIST_seed3_task2,SplitMNIST,digits,3,2,0.13675075086255742,0.057184235027194705,0.05831276647795754,0.16021185444298736,0.43217052373132453,0.2908222407611112,RC2O_static,0.995,0.999,0.999,0.48807622876334034,0.5932698093638831,0.45708924240546056,0.0010000000000000009,Goal_A_accuracy,Goal A: maximize accuracy,1.7483859051769342,fixed_RC2O_static
SplitFashionMNIST_seed3_task2,SplitFashionMNIST,fashion,3,2,0.38680870883793267,0.4174186833459431,0.26721583190023235,0.43386513113186104,0.5433911626255871,0.6248816997279327,RC2O_static,0.8914586280708829,0.999,0.9484929649185709,0.5770475378881564,0.5191270517598696,0.6201007569226072,0.0010000000000000009,Goal_A_accuracy,Goal A: maximize accuracy,1.6202700106946368,fixed_RC2O_static
SplitKMNIST_seed3_task2,SplitKMNIST,characters,3,2,0.4339709536289738,0.39889167959029,0.2753213768047772,0.5006476411892806,0.42815000678874354,0.6262837601252919,RC2O_static,0.8889365375285418,0.999,0.9467384333519353,0.5703345010595814,0.5247212491170155,0.6192633876603357,0.0010000000000000009,Goal_A_accuracy,Goal A: maximize accuracy,1.6173299005912027,fixed_RC2O_static
RotatedMNIST_seed3_task2,RotatedMNIST,digits,3,2,0.31576017905722253,0.2996404270355048,0.462726638388594,0.49017464301821867,0.4534941957815557,0.4749552219224912,RC2O_static,0.9267440725602893,0.999,0.9247395217137822,0.5487846784770668,0.5426794346024444,0.5588106750856815,0.0010000000000000009,Goal_A_accuracy,Goal A: maximize accuracy,1.6570400299262416,fixed_RC2O_static
PermutedMNIST_seed3_task2,PermutedMNIST,digits,3,2,0.3163806725460198,0.2374960641389353,0.5385106474188486,0.48647631698650673,0.4999662612562959,0.4528345448482969,RC2O_static,0.9235680805503015,0.999,0.9169060415303698,0.5371472800216573,0.5523772666486189,0.5404971091295595,0.0010000000000000009,Goal_A_accuracy,Goal A: maximize accuracy,1.6510334444952504,fixed_RC2O_static
SplitCIFAR10_seed3_task2,SplitCIFAR10,natural-images,3,2,0.6049674739000255,0.5454938331713125,0.4028071007748514,0.6796834614811847,0.6170858046550558,0.8220747133258542,RC2O_static,0.8320959035305378,0.999,0.9129131244470363,0.6534218227913342,0.4554818143405548,0.7225461166632352,0.0010000000000000009,Goal_A_accuracy,Goal A: maximize accuracy,1.5446096411806067,fixed_RC2O_static
SplitCIFAR100Coarse_seed3_task2,SplitCIFAR100Coarse,natural-images,3,2,0.7798570251325917,0.6355350753962129,0.41745002713744617,0.6639768599788402,0.7251510320012058,0.9417048472445149,RC2O_static,0.7825613711331223,0.999,0.9157032374893632,0.7184540080412496,0.40128832663229197,0.7732754496080596,0.0010000000000000009,Goal_A_accuracy,Goal A: maximize accuracy,1.4827635771638425,fixed_RC2O_static
SVHNContinual_seed3_task2,SVHNContinual,digits-real,3,2,0.5312992378853533,0.48331550928341127,0.5268746051361451,0.6481753452424809,0.5678061738956911,0.6771894856462664,RC2O_static,0.846512877658905,0.999,0.9130639954022806,0.6180886470702254,0.4849261274414788,0.6533416624705667,0.0010000000000000009,Goal_A_accuracy,Goal A: maximize accuracy,1.558677475375178,fixed_RC2O_static
SplitMNIST_seed3_task3,SplitMNIST,digits,3,3,0.16683666644527684,0.07627813675509686,0.08980183747034003,0.2641977950762912,0.39167424736590345,0.33996601621344635,RC2O_static,0.9794939726614009,0.999,0.999,0.49656209289504194,0.5861982559207983,0.46915761179572824,0.0010000000000000009,Goal_A_accuracy,Goal A: maximize accuracy,1.7295030525984039,fixed_RC2O_static
SplitFashionMNIST_seed3_task3,SplitFashionMNIST,fashion,3,3,0.3897642233100701,0.44812519841260945,0.24140636475861607,0.44538765852738516,0.5584456621419324,0.6354080991108447,RC2O_static,0.8944030689887705,0.999,0.9577480622597081,0.5712746718066242,0.5239377734944799,0.6442415903158077,0.0010000000000000009,Goal_A_accuracy,Goal A: maximize accuracy,1.6282339819559482,fixed_RC2O_static
SplitKMNIST_seed3_task3,SplitKMNIST,characters,3,3,0.45501077157366143,0.3869273712707713,0.2968249676231874,0.4591287401199968,0.5532997334394424,0.6422206838809527,RC2O_static,0.8897150885049729,0.999,0.9413796320683481,0.5873089120684226,0.5105759066096478,0.6241187443791476,0.0010000000000000009,Goal_A_accuracy,Goal A: maximize accuracy,1.616570270540348,fixed_RC2O_static
RotatedMNIST_seed3_task3,RotatedMNIST,digits,3,3,0.34210064666858203,0.3093952732217573,0.5523529067279033,0.5839346555337048,0.451950279105784,0.5162106731189404,RC2O_static,0.9216347225952894,0.999,0.9128964563095407,0.5673453370208364,0.5272122191493029,0.5736925905053255,0.0010000000000000009,Goal_A_accuracy,Goal A: maximize accuracy,1.6488183526560058,fixed_RC2O_static
PermutedMNIST_seed3_task3,PermutedMNIST,digits,3,3,0.34279688810331904,0.24582614497010352,0.577326445043787,0.5261246923527113,0.4804510033862693,0.47298241903196353,RC2O_static,0.9194058413501407,0.999,0.9247038832510655,0.5655744857791398,0.5286879285173834,0.5471276961745127,0.0010000000000000009,Goal_A_accuracy,Goal A: maximize accuracy,1.6452944466445254,fixed_RC2O_static
SplitCIFAR10_seed3_task3,SplitCIFAR10,natural-images,3,3,0.609001277460961,0.5672576047431225,0.47949572662832796,0.6412179749198721,0.6267267871976827,0.76887040189945,RC2O_static,0.8318411289891221,0.9983932858936844,0.8990755521344116,0.6562950574316108,0.4530874521403243,0.6999593265882252,0.001606714106315632,Goal_A_accuracy,Goal A: maximize accuracy,1.5395657434028405,fixed_RC2O_static
SplitCIFAR100Coarse_seed3_task3,SplitCIFAR100Coarse,natural-images,3,3,0.7857986424152088,0.6885323579339555,0.5136159980759754,0.7852830580575973,0.6778296745770466,0.9882214057836011,RC2O_static,0.7704841431032923,0.999,0.8983637620308487,0.7146907966498934,0.40442433612508877,0.8097599013477438,0.0010000000000000009,Goal_A_accuracy,Goal A: maximize accuracy,1.469028166931026,fixed_RC2O_static
SVHNContinual_seed3_task3,SVHNContinual,digits-real,3,3,0.6199003082925738,0.5260286416829557,0.5138324577948258,0.6356716765535357,0.6578974816959147,0.7543962014181311,RC2O_static,0.8230433616179886,0.9969652008257588,0.897908685395163,0.670894646603922,0.440921127830065,0.7020258630348758,0.0030347991742412095,Goal_A_accuracy,Goal A: maximize accuracy,1.5270265041246942,fixed_RC2O_static
SplitMNIST_seed3_task4,SplitMNIST,digits,3,4,0.1301762160289187,0.08363897531116124,0.07176139327012726,0.22768453227743934,0.43658567785474145,0.2409032694790533,RC2O_static,0.9930990952172536,0.999,0.9956301175811131,0.49731560923042495,0.5855703256413125,0.44870790861272203,0.0010000000000000009,Goal_A_accuracy,Goal A: maximize accuracy,1.7438962100841373,fixed_RC2O_static
SplitFashionMNIST_seed3_task4,SplitFashionMNIST,fashion,3,4,0.39970257873027026,0.45773982772123967,0.2186977962083539,0.4751758049735592,0.6141815769211848,0.6424753099812005,RC2O_static,0.902442656269812,0.999,0.9515455292570723,0.5945464817132184,0.5045445985723179,0.6308627681690139,0.0010000000000000009,Goal_A_accuracy,Goal A: maximize accuracy,1.6340758863999592,fixed_RC2O_static
SplitKMNIST_seed3_task4,SplitKMNIST,characters,3,4,0.40640911359641574,0.428505937831582,0.28758395728684866,0.43909594335634666,0.6099470447656976,0.6853062034150225,RC2O_static,0.8901246205896491,0.999,0.9514954673504867,0.5932358280920773,0.5056368099232689,0.6560313177913224,0.0010000000000000009,Goal_A_accuracy,Goal A: maximize accuracy,1.6212969086110935,fixed_RC2O_static
RotatedMNIST_seed3_task4,RotatedMNIST,digits,3,4,0.32782505660321964,0.2986335411465836,0.6132480062628524,0.5762849925621533,0.5109095173562921,0.5110074590294308,RC2O_static,0.9112627039839982,0.999,0.8995953558449101,0.5607359874395851,0.5327200104670125,0.5720432690847647,0.0010000000000000009,Goal_A_accuracy,Goal A: maximize accuracy,1.6342440113119119,fixed_RC2O_static
PermutedMNIST_seed3_task4,PermutedMNIST,digits,3,4,0.3165708272487415,0.23899488927315304,0.6624530778215765,0.5363207462165485,0.5213040345215337,0.48328901683844755,RC2O_static,0.915854547279608,0.999,0.9037962260424313,0.5570892654339638,0.5357589454716969,0.5491957450616857,0.0010000000000000009,Goal_A_accuracy,Goal A: maximize accuracy,1.638633087059213,fixed_RC2O_static
SplitCIFAR10_seed3_task4,SplitCIFAR10,natural-images,3,4,0.599801877106193,0.5946273990570489,0.3976960168860714,0.6205759285393436,0.6420284985510225,0.8113600978246194,RC2O_static,0.8270196815165693,0.999,0.9158764743584356,0.6484534568424674,0.45962211929794383,0.718320562714971,0.0010000000000000009,Goal_A_accuracy,Goal A: maximize accuracy,1.5387003412507685,fixed_RC2O_static
SplitCIFAR100Coarse_seed3_task4,SplitCIFAR100Coarse,natural-images,3,4,0.7590954001243444,0.7525382228300437,0.5208969715671715,0.7431629210946596,0.7574473497866683,0.9475228343480618,RC2O_static,0.7681957343374235,0.990178909838648,0.8951907092490976,0.7315932672974896,0.39033894391875856,0.7877677816601247,0.00982109016135202,Goal_A_accuracy,Goal A: maximize accuracy,1.4598786743266943,fixed_RC2O_static
SVHNContinual_seed3_task4,SVHNContinual,digits-real,3,4,0.5968339211545671,0.45916904574950496,0.6064680358732583,0.6794767137165842,0.7005671986397475,0.7613295657454036,RC2O_static,0.8476959360576193,0.9964266136798827,0.8931360845947649,0.6524440897789681,0.4562965918508599,0.6827363576812547,0.0035733863201172777,Goal_A_accuracy,Goal A: maximize accuracy,1.5566002811344208,fixed_RC2O_static
SplitMNIST_seed3_task5,SplitMNIST,digits,3,5,0.14837249583142043,0.08208253559953144,0.07743446833286557,0.2624861674821214,0.5178328349345104,0.25367839861551705,RC2O_static,0.9873699417614876,0.999,0.999,0.5069934828759101,0.5775054309367416,0.445616914189657,0.0010000000000000009,Goal_A_accuracy,Goal A: maximize accuracy,1.7361246617144994,fixed_RC2O_static
SplitFashionMNIST_seed3_task5,SplitFashionMNIST,fashion,3,5,0.3949408363879826,0.4613952420085171,0.30255132774101173,0.4530164336181758,0.5846725184727097,0.6185142642524779,RC2O_static,0.9056111093068167,0.999,0.9422723106816882,0.5812931729027963,0.5155890225810031,0.6285207766513802,0.0010000000000000009,Goal_A_accuracy,Goal A: maximize accuracy,1.6375157131590123,fixed_RC2O_static
SplitKMNIST_seed3_task5,SplitKMNIST,characters,3,5,0.39983245992387206,0.3478985352522437,0.30789140237480095,0.4652980763741006,0.608778602123293,0.6923313049451381,RC2O_static,0.901567585204009,0.999,0.9421709707636445,0.5808947381369648,0.5159210515525293,0.659690192774245,0.0010000000000000009,Goal_A_accuracy,Goal A: maximize accuracy,1.6355962515522353,fixed_RC2O_static
RotatedMNIST_seed3_task5,RotatedMNIST,digits,3,5,0.3170229423881547,0.2775590303032716,0.6323835997492148,0.5174897899945093,0.6105073075954186,0.5261643801316539,RC2O_static,0.9218896424570449,0.999,0.9063961661420823,0.5816148984510418,0.5153209179574652,0.5689381925314801,0.0010000000000000009,Goal_A_accuracy,Goal A: maximize accuracy,1.6464973890415129,fixed_RC2O_static
PermutedMNIST_seed3_task5,PermutedMNIST,digits,3,5,0.32596861601809224,0.30300780528121535,0.7023007379586476,0.5412449131739672,0.6181700482645692,0.4607824695332994,RC2O_static,0.910148303326364,0.999,0.8819996992209527,0.5787893161581006,0.5176755698682495,0.5526571226818625,0.0010000000000000009,Goal_A_accuracy,Goal A: maximize accuracy,1.6267686032961093,fixed_RC2O_static
SplitCIFAR10_seed3_task5,SplitCIFAR10,natural-images,3,5,0.6395417347053697,0.5379995638429645,0.45849075722691907,0.6691472869175004,0.7210438674985883,0.8356264448973989,RC2O_static,0.8420837021609162,0.9911541961026444,0.9129593039480903,0.6784627736082712,0.43461435532644066,0.7270017502182493,0.008845803897355564,Goal_A_accuracy,Goal A: maximize accuracy,1.5534986828734891,fixed_RC2O_static
SplitCIFAR100Coarse_seed3_task5,SplitCIFAR100Coarse,natural-images,3,5,0.7987209979268307,0.6636399242406119,0.5632639290031075,0.7842879979320456,0.8356312274774824,0.9510333818817231,RC2O_static,0.7666494681793417,0.9805414195552453,0.8932153395188589,0.7414554640945423,0.38212044658788136,0.7653355822623874,0.01945858044475468,Goal_A_accuracy,Goal A: maximize accuracy,1.4521750939258442,fixed_RC2O_static
SVHNContinual_seed3_task5,SVHNContinual,digits-real,3,5,0.5538472915296347,0.5104367430075032,0.6414489593322754,0.6591043076622055,0.6684104074974251,0.7032288967191191,RC2O_static,0.8391734263115813,0.9944366319337603,0.8802359376970041,0.6519308283338576,0.45672430972178524,0.6750972356626059,0.005563368066239693,Goal_A_accuracy,Goal A: maximize accuracy,1.5427934860659065,fixed_RC2O_static
SplitMNIST_seed0_task1,SplitMNIST,digits,0,1,0.1156408304387371,0.13874287450119005,0.07039288584742817,0.1967933289232454,0.27993992864489575,0.302377879258495,RC2O_static,0.995,0.999,0.9837635547948866,0.4671910043078755,0.6106741630767704,0.4818124878699457,0.0010000000000000009,Goal_B_retention,Goal B: maximize retention,2.0701822011190436,fixed_RC2O_static
SplitFashionMNIST_seed0_task1,SplitFashionMNIST,fashion,0,1,0.3807521821563378,0.46717666120450047,0.1808695683462322,0.4199432028836281,0.3864781342229844,0.6399003384425044,RC2O_static,0.9155642743355761,0.999,0.9628944380745459,0.5601092169629893,0.5332423191975089,0.6280356253769535,0.0010000000000000009,Goal_B_retention,Goal B: maximize retention,2.0497980141243346,fixed_RC2O_static
SplitKMNIST_seed0_task1,SplitKMNIST,characters,0,1,0.4697127088414757,0.34179762127425806,0.20590011227468663,0.4435468756372052,0.44819700435955007,0.6791779298840739,RC2O_static,0.8832078655016291,0.999,0.9668241511306324,0.5845749928016113,0.512854172665324,0.6435008820421162,0.0010000000000000009,Goal_B_retention,Goal B: maximize retention,2.041993609383688,fixed_RC2O_static
RotatedMNIST_seed0_task1,RotatedMNIST,digits,0,1,0.3146463308271441,0.3200415082748845,0.4499043764199615,0.46608603500679896,0.38304810754680935,0.5089663714789666,RC2O_static,0.9216590075311131,0.999,0.9270814026873122,0.5345017002180062,0.5545819164849948,0.578576235840147,0.0010000000000000009,Goal_B_retention,Goal B: maximize retention,2.0352129126081575,fixed_RC2O_static
PermutedMNIST_seed0_task1,PermutedMNIST,digits,0,1,0.30620350844740607,0.21106340804060866,0.5252767818175056,0.5003298580041625,0.39079667592747497,0.44182189438722463,RC2O_static,0.939600159625098,0.999,0.923852513612841,0.5403902465456057,0.5496747945453285,0.5297615801731032,0.0010000000000000009,Goal_B_retention,Goal B: maximize retention,2.0343383253966008,fixed_RC2O_static
SplitCIFAR10_seed0_task1,SplitCIFAR10,natural-images,0,1,0.5951231963401031,0.5642485168109856,0.369689596676834,0.5708510588190269,0.5682309930521252,0.8229390949639573,RC2O_static,0.8368967388660946,0.999,0.9230627964592786,0.6231936350025524,0.4806719708312063,0.7275130758815801,0.0010000000000000009,Goal_B_retention,Goal B: maximize retention,2.0195759065502945,fixed_RC2O_static
SplitCIFAR100Coarse_seed0_task1,SplitCIFAR100Coarse,natural-images,0,1,0.7891440889045508,0.6550693630389074,0.4404313897209378,0.7220676082286035,0.6244076210190063,0.9984088392064309,RC2O_static,0.7744473400298311,0.999,0.9007443917779925,0.7078514401319509,0.4101237998900409,0.7996526203089416,0.0010000000000000009,Goal_B_retention,Goal B: maximize retention,1.996716191156643,fixed_RC2O_static
SVHNContinual_seed0_task1,SVHNContinual,digits-real,0,1,0.5907885437820896,0.48600740830339945,0.4872015484154762,0.6489232905809461,0.43056991716068865,0.7045170752924451,RC2O_static,0.8503758560264163,0.999,0.9166554486575802,0.6213873195000512,0.48217723374995725,0.6641344318001651,0.0010000000000000009,Goal_B_retention,Goal B: maximize retention,2.0151144687055926,fixed_RC2O_static
SplitMNIST_seed0_task2,SplitMNIST,digits,0,2,0.15015739537106806,0.12839042954153182,0.06453189473949407,0.24627945302147272,0.38476746754935676,0.21538772341289958,RC2O_static,0.9832736256757642,0.999,0.999,0.47582471814528315,0.6034794015455973,0.44641771125738083,0.0010000000000000009,Goal_B_retention,Goal B: maximize retention,2.0680978289057474,fixed_RC2O_static
SplitFashionMNIST_seed0_task2,SplitFashionMNIST,fashion,0,2,0.3685302569197805,0.4567965547888964,0.2479400497607773,0.4461506030568815,0.48076073829601057,0.6184799924875616,RC2O_static,0.9079639515759761,0.999,0.9440015262343417,0.560698403947587,0.5327513300436775,0.6328513875341866,0.0010000000000000009,Goal_B_retention,Goal B: maximize retention,2.041362424910415,fixed_RC2O_static
SplitKMNIST_seed0_task2,SplitKMNIST,characters,0,2,0.4315588178495182,0.37162351144443273,0.28890191823904277,0.4733827163151329,0.5073865355255709,0.6230696342963967,RC2O_static,0.8887581173797872,0.999,0.9500378663084783,0.5890970612832338,0.5090857822639718,0.605085641743531,0.0010000000000000009,Goal_B_retention,Goal B: maximize retention,2.0337535417094554,fixed_RC2O_static
RotatedMNIST_seed0_task2,RotatedMNIST,digits,0,2,0.30585475540657026,0.3490682138047014,0.47873358958863993,0.47270523306366846,0.3567686524257889,0.5346692773775623,RC2O_static,0.9243107384295952,0.999,0.9313485059550002,0.5414194114236972,0.5488171571469189,0.5875939512930175,0.0010000000000000009,Goal_B_retention,Goal B: maximize retention,2.0381154515997766,fixed_RC2O_static
PermutedMNIST_seed0_task2,PermutedMNIST,digits,0,2,0.3142711755917313,0.2868605979484679,0.612701949171781,0.5330519641142752,0.5065051799223501,0.48096093558145175,RC2O_static,0.9093690193544552,0.999,0.9077370768907485,0.5458612183764019,0.5451156513529984,0.5530410639174437,0.0010000000000000009,Goal_B_retention,Goal B: maximize retention,2.021728571677493,fixed_RC2O_static
SplitCIFAR10_seed0_task2,SplitCIFAR10,natural-images,0,2,0.6409294866074664,0.5394724043628817,0.2768408068454159,0.5518869410178018,0.5972224096938984,0.7809047050536093,RC2O_static,0.8308731092053232,0.999,0.9400629293321137,0.6632192129911254,0.4473173225073954,0.6952637239615147,0.0010000000000000009,Goal_B_retention,Goal B: maximize retention,2.018826196549358,fixed_RC2O_static
SplitCIFAR100Coarse_seed0_task2,SplitCIFAR100Coarse,natural-images,0,2,0.8370038088674012,0.6705661471532373,0.4354246031941269,0.8119930352228502,0.5938712504143434,0.9879015943091742,RC2O_static,0.7595215771388586,0.9896114340269404,0.9122415351641842,0.7121985826111725,0.40650118115735623,0.7964759857475227,0.010388565973059594,Goal_B_retention,Goal B: maximize retention,1.9830891040181116,fixed_RC2O_static
SVHNContinual_seed0_task2,SVHNContinual,digits-real,0,2,0.582384810889269,0.47937970924600243,0.5039061394990499,0.6511932332451321,0.5653672581963015,0.6453525879162197,RC2O_static,0.8485403736030703,0.999,0.9010046227987829,0.6399074933847385,0.46674375551271785,0.6370673541903188,0.0010000000000000009,Goal_B_retention,Goal B: maximize retention,2.005607653255163,fixed_RC2O_static
SplitMNIST_seed0_task3,SplitMNIST,digits,0,3,0.11840572901619742,0.13935579531224807,0.06773201240546381,0.2430181565392833,0.3337902830202953,0.3111632328036094,RC2O_static,0.995,0.999,0.999,0.48591338700338293,0.5950721774971809,0.46110950793753447,0.0010000000000000009,Goal_B_retention,Goal B: maximize retention,2.0726645596686124,fixed_RC2O_static
SplitFashionMNIST_seed0_task3,SplitFashionMNIST,fashion,0,3,0.4026070629431854,0.43116451019978635,0.2372383101070944,0.4813944673365708,0.5559463359358148,0.6546950256144441,RC2O_static,0.8933107914473435,0.999,0.9453125257823192,0.5810423126634326,0.5157980727804727,0.6288606798624691,0.0010000000000000009,Goal_B_retention,Goal B: maximize retention,2.0361785930832856,fixed_RC2O_static
SplitKMNIST_seed0_task3,SplitKMNIST,characters,0,3,0.4399578681610788,0.40216473523398555,0.2858285550041667,0.4989818328968745,0.5621207078661286,0.6683680962158971,RC2O_static,0.8974374129215195,0.999,0.9443657194948794,0.5955620180841604,0.5036983182631996,0.634620554799564,0.0010000000000000009,Goal_B_retention,Goal B: maximize retention,2.03705619709278,fixed_RC2O_static
RotatedMNIST_seed0_task3,RotatedMNIST,digits,0,3,0.29555749646793283,0.29057310098826605,0.5643342902529968,0.5297858529819985,0.4284624317107788,0.5499321099797583,RC2O_static,0.9344254285914126,0.999,0.9072652070913427,0.5255370762218777,0.5620524364817685,0.5680072197712108,0.0010000000000000009,Goal_B_retention,Goal B: maximize retention,2.0314237948606033,fixed_RC2O_static
PermutedMNIST_seed0_task3,PermutedMNIST,digits,0,3,0.3234725104655376,0.24981202616291312,0.640758142906764,0.5314057959696514,0.5444085068720945,0.47794208042103453,RC2O_static,0.9181264033579828,0.999,0.8950028388638327,0.5661546567309806,0.5282044527241827,0.5593531909431217,0.0010000000000000009,Goal_B_retention,Goal B: maximize retention,2.019684456340258,fixed_RC2O_static
SplitCIFAR10_seed0_task3,SplitCIFAR10,natural-images,0,3,0.6409084803212819,0.5964730543019499,0.34629753266279356,0.6508863433033627,0.6587311995675998,0.8156240234387195,RC2O_static,0.8219486329252723,0.999,0.9237276013890854,0.6645107707096702,0.44624102440860813,0.7214363124313609,0.0010000000000000009,Goal_B_retention,Goal B: maximize retention,2.012994932827328,fixed_RC2O_static
SplitCIFAR100Coarse_seed0_task3,SplitCIFAR100Coarse,natural-images,0,3,0.7519233787273665,0.6888454773930675,0.5027827072170505,0.7533388778681649,0.6897732714847741,0.9340123684663801,RC2O_static,0.7821835981204144,0.9888690434383214,0.8908241571019544,0.7020270692340852,0.41497744230492895,0.7583667070271571,0.011130956561678618,Goal_B_retention,Goal B: maximize retention,1.9780022858815043,fixed_RC2O_static
SVHNContinual_seed0_task3,SVHNContinual,digits-real,0,3,0.5706976280268954,0.48040529130484205,0.5947552598045589,0.702894158359452,0.6726127984293899,0.694507388895887,RC2O_static,0.8386281562165412,0.9908051181175348,0.8982706747989038,0.6537500297179376,0.45520830856838534,0.6721979411121005,0.0091948818824652,Goal_B_retention,Goal B: maximize retention,1.99355030204288,fixed_RC2O_static
SplitMNIST_seed0_task4,SplitMNIST,digits,0,4,0.18525204303982962,0.0723214737618836,0.09434468433861336,0.280087776258653,0.47024766294986736,0.28950346268958566,RC2O_static,0.9670028139547133,0.999,0.999,0.512951928131854,0.5725400598901217,0.4472954570163007,0.0010000000000000009,Goal_B_retention,Goal B: maximize retention,2.06175739288255,fixed_RC2O_static
SplitFashionMNIST_seed0_task4,SplitFashionMNIST,fashion,0,4,0.3891909280210307,0.4250609251826696,0.28062115274915805,0.43870433785264823,0.5944977679011091,0.5950286985093669,RC2O_static,0.9067573717405466,0.999,0.943622994454832,0.5796571778822395,0.5169523517648005,0.6096529182049629,0.0010000000000000009,Goal_B_retention,Goal B: maximize retention,2.0377581689900914,fixed_RC2O_static
SplitKMNIST_seed0_task4,SplitKMNIST,characters,0,4,0.40891624113554775,0.3903225615493837,0.2640033016637626,0.4682722436151559,0.6226267777926504,0.6463692691921309,RC2O_static,0.9040645189072072,0.999,0.9501140624451483,0.5825091815840177,0.5145756820133186,0.6211346050964661,0.0010000000000000009,Goal_B_retention,Goal B: maximize retention,2.0402515221382767,fixed_RC2O_static
RotatedMNIST_seed0_task4,RotatedMNIST,digits,0,4,0.316903101454213,0.3084488885698326,0.5559602735186167,0.4864588889082124,0.6036367545600482,0.5120282468618095,RC2O_static,0.9206871202937428,0.999,0.9066741663433784,0.5662353376422025,0.5281372186314979,0.5680720300066139,0.0010000000000000009,Goal_B_retention,Goal B: maximize retention,2.025406158240542,fixed_RC2O_static
PermutedMNIST_seed0_task4,PermutedMNIST,digits,0,4,0.32282837326154157,0.20964190399331073,0.6424089713039788,0.532052816126734,0.5340252447673753,0.36541191909343096,RC2O_static,0.9355116777877635,0.999,0.9035946581879775,0.5746929571535934,0.5210892023720055,0.5069009909000142,0.0010000000000000009,Goal_B_retention,Goal B: maximize retention,2.022306192910723,fixed_RC2O_static
SplitCIFAR10_seed0_task4,SplitCIFAR10,natural-images,0,4,0.5878694360117495,0.5362476691695974,0.42808053014802955,0.6414781733222988,0.6354029073287497,0.8081779193625046,RC2O_static,0.8230179883397786,0.999,0.9244345500758002,0.6404960887043207,0.46625325941306606,0.7100813846789066,0.0010000000000000009,Goal_B_retention,Goal B: maximize retention,2.0134282904670076,fixed_RC2O_static
SplitCIFAR100Coarse_seed0_task4,SplitCIFAR100Coarse,natural-images,0,4,0.8029460515928258,0.6693333139351509,0.5525307134709384,0.8379991311555857,0.7794374539500976,0.9236748638044845,RC2O_static,0.7511384723847867,0.999,0.89073531064303,0.7321334102475838,0.38988882479368014,0.7745523182411873,0.0010000000000000009,Goal_B_retention,Goal B: maximize retention,1.9826985735042995,fixed_RC2O_static
SVHNContinual_seed0_task4,SVHNContinual,digits-real,0,4,0.6116274021384005,0.48522090363929393,0.6404280030619915,0.6883902639860887,0.6897716641259805,0.6590538305720246,RC2O_static,0.8402911859826505,0.999,0.8890580621421158,0.6512423158174244,0.4572980701521463,0.6455228425891957,0.0010000000000000009,Goal_B_retention,Goal B: maximize retention,1.9993248653110627,fixed_RC2O_static
SplitMNIST_seed0_task5,SplitMNIST,digits,0,5,0.13838087749215947,0.1017541802655163,0.07917179012981182,0.291401737769978,0.5356209470768569,0.24491673230835093,RC2O_static,0.995,0.999,0.9937010351340054,0.5100430647019822,0.5749641127483481,0.4343113911290509,0.0010000000000000009,Goal_B_retention,Goal B: maximize retention,2.0671247070472245,fixed_RC2O_static
SplitFashionMNIST_seed0_task5,SplitFashionMNIST,fashion,0,5,0.3677343403138047,0.42025209460791313,0.3036322937822363,0.5089304808077337,0.6334666384843415,0.6779051082656592,RC2O_static,0.9071891302501618,0.999,0.9499613620509388,0.6067479601185531,0.4943766999012057,0.6639703771277182,0.0010000000000000009,Goal_B_retention,Goal B: maximize retention,2.0444090885007093,fixed_RC2O_static
SplitKMNIST_seed0_task5,SplitKMNIST,characters,0,5,0.4481963268651736,0.39685475698278444,0.3617931681967128,0.5105603466756653,0.6468182749767682,0.6687289751245816,RC2O_static,0.886986216875763,0.999,0.9324341862139636,0.6120466473928333,0.48996112717263884,0.6464940053265765,0.0010000000000000009,Goal_B_retention,Goal B: maximize retention,2.030245287128906,fixed_RC2O_static
RotatedMNIST_seed0_task5,RotatedMNIST,digits,0,5,0.3389213900699279,0.29718176813105585,0.6149772522652208,0.5507819143121175,0.6270009190222688,0.4830783468026229,RC2O_static,0.9233770196362809,0.999,0.9061563893308038,0.5740983549928447,0.5215847041726294,0.5618741909823499,0.0010000000000000009,Goal_B_retention,Goal B: maximize retention,2.025084496463532,fixed_RC2O_static
PermutedMNIST_seed0_task5,PermutedMNIST,digits,0,5,0.35678682835845554,0.23502761334811392,0.7131178362041983,0.5830930474536621,0.5943984447707402,0.41900179837778556,RC2O_static,0.9076372945835229,0.999,0.8874511472129545,0.564607140576074,0.5294940495199383,0.5375589076405135,0.0010000000000000009,Goal_B_retention,Goal B: maximize retention,2.0117796831396393,fixed_RC2O_static
SplitCIFAR10_seed0_task5,SplitCIFAR10,natural-images,0,5,0.6341080583895364,0.5049368983136355,0.4713382031398682,0.6548650410983033,0.7603690150583142,0.8191969331606075,RC2O_static,0.8271677403185265,0.9912286176099723,0.9076479717896673,0.6806578596386776,0.43278511696776856,0.7040589871779325,0.008771382390027727,Goal_B_retention,Goal B: maximize retention,1.9960309005615857,fixed_RC2O_static
SplitCIFAR100Coarse_seed0_task5,SplitCIFAR100Coarse,natural-images,0,5,0.7757683300593559,0.681560986747505,0.6234940788336261,0.7965117729626255,0.7826339626856182,0.9388151790198968,RC2O_static,0.7689258643011516,0.9928404835716187,0.870856045858684,0.7138169637898182,0.4051525301751515,0.768895427819467,0.007159516428381307,Goal_B_retention,Goal B: maximize retention,1.9729591974532745,fixed_RC2O_static
SVHNContinual_seed0_task5,SVHNContinual,digits-real,0,5,0.5924111433657719,0.4898963087480462,0.6122421565009929,0.7283905902376918,0.7335259322757786,0.626666038150048,RC2O_static,0.8270686964095502,0.999,0.8856837870892131,0.6743189779112486,0.43806751840729274,0.6435415209134138,0.0010000000000000009,Goal_B_retention,Goal B: maximize retention,1.9930174624157957,fixed_RC2O_static
SplitMNIST_seed1_task1,SplitMNIST,digits,1,1,0.1412010818066855,0.06742883692384186,0.03662732449902006,0.2533001818547762,0.2753819666529619,0.2701761282379126,RC2O_static,0.9829696793503644,0.999,0.999,0.477229832812594,0.6023084726561716,0.4569838479477444,0.0010000000000000009,Goal_B_retention,Goal B: maximize retention,2.0690047122326924,fixed_RC2O_static
SplitFashionMNIST_seed1_task1,SplitFashionMNIST,fashion,1,1,0.41041833063543803,0.44375406808292506,0.19845685180309924,0.43021508820464843,0.4501174862454107,0.6209350900294169,RC2O_static,0.8763978473021639,0.999,0.9621644400378964,0.5755221558511234,0.5203982034573971,0.6155472708467113,0.0010000000000000009,Goal_B_retention,Goal B: maximize retention,2.0359015454614537,fixed_RC2O_static
SplitKMNIST_seed1_task1,SplitKMNIST,characters,1,1,0.40992842836207904,0.4100721449511301,0.2139282124714011,0.45890837737958257,0.41630854200454764,0.7081277651824076,RC2O_static,0.8891497741697341,0.999,0.967531435281348,0.5714260677806962,0.5238116101827532,0.6546024308927147,0.0010000000000000009,Goal_B_retention,Goal B: maximize retention,2.045681758197801,fixed_RC2O_static
RotatedMNIST_seed1_task1,RotatedMNIST,digits,1,1,0.2906920235384069,0.28477477584893685,0.42585316826160313,0.42793214578729544,0.3817029377995565,0.469784728151274,RC2O_static,0.9211443807207214,0.999,0.9342211614356961,0.5232930026169359,0.5639224978192201,0.5455942177432715,0.0010000000000000009,Goal_B_retention,Goal B: maximize retention,2.034726267383998,fixed_RC2O_static
PermutedMNIST_seed1_task1,PermutedMNIST,digits,1,1,0.3210417234032721,0.2513543414975021,0.5150454782616497,0.4946254982190633,0.3762536837102827,0.44703333662785005,RC2O_static,0.9202938284452369,0.999,0.9228739470294516,0.5390624998693921,0.5507812501088398,0.5469409726441593,0.0010000000000000009,Goal_B_retention,Goal B: maximize retention,2.0299771897637373,fixed_RC2O_static
SplitCIFAR10_seed1_task1,SplitCIFAR10,natural-images,1,1,0.5896277139646589,0.5563696010624222,0.2948426931429208,0.6256854474364846,0.45306153223791623,0.7156946476662303,RC2O_static,0.8391558010858708,0.999,0.9411974213090699,0.6214748388036361,0.4821043009969699,0.6716870883243478,0.0010000000000000009,Goal_B_retention,Goal B: maximize retention,2.021089761666219,fixed_RC2O_static
SplitCIFAR100Coarse_seed1_task1,SplitCIFAR100Coarse,natural-images,1,1,0.7691142062934752,0.6985454725455252,0.352806142848499,0.7414296450316046,0.6114983021682535,0.9177840209929593,RC2O_static,0.780698409122131,0.9972169128891994,0.917559262815631,0.6830426034631139,0.43079783044740505,0.7708930316128353,0.002783087110800553,Goal_B_retention,Goal B: maximize retention,2.0002272918061834,fixed_RC2O_static
SVHNContinual_seed1_task1,SVHNContinual,digits-real,1,1,0.6031366885636421,0.4732479189147264,0.39831940376209096,0.635248138004372,0.5116579205083807,0.7142319997056367,RC2O_static,0.8160251278125132,0.999,0.9206061189732893,0.6419181545957049,0.4650682045035792,0.6655708369038534,0.0010000000000000009,Goal_B_retention,Goal B: maximize retention,2.0054801738999695,fixed_RC2O_static
SplitMNIST_seed1_task2,SplitMNIST,digits,1,2,0.16244999488984335,0.10986911560568266,0.10217055774717239,0.26280959472266235,0.36817537936074735,0.33808761072364724,RC2O_static,0.9759725384630873,0.999,0.999,0.4992147148287318,0.5839877376427235,0.47715588506657436,0.0010000000000000009,Goal_B_retention,Goal B: maximize retention,2.0680067369277197,fixed_RC2O_static
SplitFashionMNIST_seed1_task2,SplitFashionMNIST,fashion,1,2,0.4315114128310036,0.441533418061148,0.25035097779407656,0.4887921037892913,0.47459758513169953,0.5960761947807884,RC2O_static,0.8901693094659318,0.999,0.9525808219363607,0.5584115070627852,0.534657077447679,0.6346443258706622,0.0010000000000000009,Goal_B_retention,Goal B: maximize retention,2.039301366976956,fixed_RC2O_static
SplitKMNIST_seed1_task2,SplitKMNIST,characters,1,2,0.4656656983473609,0.3473480689464505,0.26080713549801476,0.49181373716337656,0.5040878402945852,0.5848600686180363,RC2O_static,0.8974644465014023,0.999,0.9624098448547793,0.5847775916151309,0.5126853403207243,0.5973076446840022,0.0010000000000000009,Goal_B_retention,Goal B: maximize retention,2.04009781113403,fixed_RC2O_static
RotatedMNIST_seed1_task2,RotatedMNIST,digits,1,2,0.3265682319593292,0.2789012436695616,0.5441066649648169,0.5538402914421798,0.4996565756466801,0.5012156463283127,RC2O_static,0.913785482218199,0.999,0.911021824435607,0.5611426230218417,0.5323811474817985,0.5850972982405842,0.0010000000000000009,Goal_B_retention,Goal B: maximize retention,2.0267720704160705,fixed_RC2O_static
PermutedMNIST_seed1_task2,PermutedMNIST,digits,1,2,0.31306995848012326,0.2647169260343134,0.5039710459105972,0.5009038266173627,0.4969106352354117,0.5139940208212204,RC2O_static,0.9287271490865388,0.999,0.9227023719195442,0.5568321090335601,0.5359732424720333,0.5609401444560445,0.0010000000000000009,Goal_B_retention,Goal B: maximize retention,2.0331066514670084,fixed_RC2O_static
SplitCIFAR10_seed1_task2,SplitCIFAR10,natural-images,1,2,0.6253031061571721,0.5887812447262923,0.27882544326857994,0.6106002449812726,0.6112840535218916,0.7929443735764788,RC2O_static,0.8403401678653277,0.999,0.9358643937732491,0.6572108172339319,0.4523243189717233,0.7175527273272487,0.0010000000000000009,Goal_B_retention,Goal B: maximize retention,2.0226760768615466,fixed_RC2O_static
SplitCIFAR100Coarse_seed1_task2,SplitCIFAR100Coarse,natural-images,1,2,0.8131131115253547,0.6727614997841525,0.43902156199287384,0.7452575117226714,0.6623221628899711,0.9498368631491109,RC2O_static,0.768754812976937,0.9973858800085047,0.8955654242221185,0.705273169917011,0.4122723584024909,0.7935830601907461,0.0026141199914953006,Goal_B_retention,Goal B: maximize retention,1.9905172043215031,fixed_RC2O_static
SVHNContinual_seed1_task2,SVHNContinual,digits-real,1,2,0.5860008705986327,0.46468216528598055,0.5558026677902348,0.6741227598033842,0.5761773171410235,0.6649684074015767,RC2O_static,0.8449047553678315,0.999,0.896683299365181,0.6372511266937917,0.46895739442184026,0.6420589756093689,0.0010000000000000009,Goal_B_retention,Goal B: maximize retention,2.0036143486701916,fixed_RC2O_static
SplitMNIST_seed1_task3,SplitMNIST,digits,1,3,0.1840498088315293,0.09953857297524371,0.09774200012531535,0.2699265100771329,0.38713672990923864,0.2684318691796249,RC2O_static,0.9708819600875236,0.999,0.999,0.5134661766753424,0.5721115194372146,0.4553325582168608,0.0010000000000000009,Goal_B_retention,Goal B: maximize retention,2.063703419819804,fixed_RC2O_static
SplitFashionMNIST_seed1_task3,SplitFashionMNIST,fashion,1,3,0.36552637014116496,0.48694053026354267,0.2614808878770518,0.39933448249222075,0.49048393723552836,0.6309231452777158,RC2O_static,0.9080692301288151,0.999,0.939980323849452,0.5812005539854084,0.5156662050121597,0.6339366086629541,0.0010000000000000009,Goal_B_retention,Goal B: maximize retention,2.0392408535028563,fixed_RC2O_static
SplitKMNIST_seed1_task3,SplitKMNIST,characters,1,3,0.431881273228102,0.3757576381290579,0.3521853195438866,0.49430772849060095,0.5244671595124806,0.6591911401736178,RC2O_static,0.8993387385972778,0.999,0.942324980633644,0.5959931082159248,0.5033390764867294,0.641046145728091,0.0010000000000000009,Goal_B_retention,Goal B: maximize retention,2.0375369331981044,fixed_RC2O_static
RotatedMNIST_seed1_task3,RotatedMNIST,digits,1,3,0.32670573425184485,0.32451877748576796,0.4869325951830318,0.4963206837439743,0.5159352054760277,0.6044239330605587,RC2O_static,0.9132576110367006,0.999,0.920605503567373,0.5586686156009246,0.5344428203325629,0.6109408451594616,0.0010000000000000009,Goal_B_retention,Goal B: maximize retention,2.032655435092165,fixed_RC2O_static
PermutedMNIST_seed1_task3,PermutedMNIST,digits,1,3,0.3463406319390595,0.23080609365980087,0.5907726257952066,0.5327731515677512,0.4725150457372488,0.4709169165108234,RC2O_static,0.9188064165068754,0.999,0.9122829788931253,0.5666987274163614,0.5277510604863656,0.5406938006160509,0.0010000000000000009,Goal_B_retention,Goal B: maximize retention,2.02404790065058,fixed_RC2O_static
SplitCIFAR10_seed1_task3,SplitCIFAR10,natural-images,1,3,0.6554451046891967,0.5882470330735468,0.4473537773161577,0.667943574963561,0.6110606447596912,0.7580463244379467,RC2O_static,0.8218299845629589,0.9938955126159212,0.9160844990163983,0.6555473141457624,0.453710571545198,0.7005839671011408,0.006104487384078761,Goal_B_retention,Goal B: maximize retention,2.001681437343495,fixed_RC2O_static
SplitCIFAR100Coarse_seed1_task3,SplitCIFAR100Coarse,natural-images,1,3,0.7918281031699116,0.6931600126146504,0.5162677364520123,0.7243649381211288,0.7163780334006072,0.9975914102186239,RC2O_static,0.7754788557983348,0.999,0.8956272584747391,0.7334181891717506,0.3888181756902078,0.8260362933834705,0.0010000000000000009,Goal_B_retention,Goal B: maximize retention,1.9968077353285167,fixed_RC2O_static
SVHNContinual_seed1_task3,SVHNContinual,digits-real,1,3,0.6164853751164437,0.5207570971588229,0.5476872805723473,0.6276024382509342,0.6201201942979018,0.7058778860762227,RC2O_static,0.8472716444384814,0.999,0.9108440231982562,0.6601747965935257,0.44985433617206183,0.6723507432844507,0.0010000000000000009,Goal_B_retention,Goal B: maximize retention,2.0113546925879824,fixed_RC2O_static
SplitMNIST_seed1_task4,SplitMNIST,digits,1,4,0.20195450084444358,0.07471616778281728,0.18807453512544722,0.28107126478444927,0.5047457731895469,0.2615865195679625,RC2O_static,0.9763088801274244,0.999,0.9827124794349498,0.512110167084974,0.5732415274291882,0.4570354724206025,0.0010000000000000009,Goal_B_retention,Goal B: maximize retention,2.0598576554539796,fixed_RC2O_static
SplitFashionMNIST_seed1_task4,SplitFashionMNIST,fashion,1,4,0.39131769793887156,0.547123078620316,0.25933227393754826,0.44635952801099865,0.5947686714736051,0.6647997021294646,RC2O_static,0.8939723687783752,0.999,0.9303232993347545,0.5713212871380908,0.5238989273849243,0.6629447977529778,0.0010000000000000009,Goal_B_retention,Goal B: maximize retention,2.0349442915452207,fixed_RC2O_static
SplitKMNIST_seed1_task4,SplitKMNIST,characters,1,4,0.4120980908295716,0.37353689742943746,0.2620260216520839,0.47827367604779275,0.5399584643513752,0.6925469090122468,RC2O_static,0.9003779999989798,0.999,0.9568748299018335,0.58723337886557,0.5106388509453583,0.6457020426212415,0.0010000000000000009,Goal_B_retention,Goal B: maximize retention,2.043771737274728,fixed_RC2O_static
RotatedMNIST_seed1_task4,RotatedMNIST,digits,1,4,0.29016477051897926,0.3143753478234113,0.559948835798045,0.5234075399151786,0.5205772712950277,0.5441774823084808,RC2O_static,0.9493768541284486,0.999,0.9110506994167118,0.549130446514717,0.5423912945710692,0.5776695680091518,0.0010000000000000009,Goal_B_retention,Goal B: maximize retention,2.0372173225638526,fixed_RC2O_static
PermutedMNIST_seed1_task4,PermutedMNIST,digits,1,4,0.34234954901552295,0.2300218736109157,0.6576161305897169,0.5786080759254457,0.5343438022162803,0.48260954030143677,RC2O_static,0.9182068855204497,0.999,0.8982883214676534,0.5561304113731741,0.536557990522355,0.5315003501433431,0.0010000000000000009,Goal_B_retention,Goal B: maximize retention,2.018490912710266,fixed_RC2O_static
SplitCIFAR10_seed1_task4,SplitCIFAR10,natural-images,1,4,0.6308233085156676,0.5878155453697678,0.3718970344032895,0.629110995507831,0.6733343965800674,0.7991907299821233,RC2O_static,0.828102117572254,0.999,0.9198341473905964,0.6722984605263733,0.4397512828946889,0.7124422548654684,0.0010000000000000009,Goal_B_retention,Goal B: maximize retention,2.0122543764896665,fixed_RC2O_static
SplitCIFAR100Coarse_seed1_task4,SplitCIFAR100Coarse,natural-images,1,4,0.79002626300174,0.6342717682706962,0.5014316793151644,0.7719438695355011,0.785331289664574,0.9448725395949185,RC2O_static,0.7775603881877198,0.999,0.8910573739057501,0.7328478284725841,0.3892934762728465,0.7677067198669631,0.0010000000000000009,Goal_B_retention,Goal B: maximize retention,1.9900235431236672,fixed_RC2O_static
SVHNContinual_seed1_task4,SVHNContinual,digits-real,1,4,0.5603237787616734,0.5023999556018484,0.6071717971843381,0.6421228253161184,0.678624187247489,0.6720337546464061,RC2O_static,0.8320691391883897,0.9975527459545062,0.9016689609507678,0.6426392194956193,0.46446731708698386,0.657318343735707,0.0024472540454938407,Goal_B_retention,Goal B: maximize retention,2.000856285355789,fixed_RC2O_static
SplitMNIST_seed1_task5,SplitMNIST,digits,1,5,0.1692596978520151,0.1300871711100096,0.04376918222847759,0.28291567121049416,0.5532403417290499,0.2833544591222786,RC2O_static,0.9823032531475666,0.999,0.999,0.520751683002246,0.566040264164795,0.4681216563867693,0.0010000000000000009,Goal_B_retention,Goal B: maximize retention,2.0681051547911866,fixed_RC2O_static
SplitFashionMNIST_seed1_task5,SplitFashionMNIST,fashion,1,5,0.38662635374056525,0.458214248691706,0.2655645480135361,0.4315922477060668,0.6044013611056935,0.6732835197486579,RC2O_static,0.8947275000691199,0.999,0.9498061574392913,0.5731785086227494,0.5223512428143755,0.6458620247025832,0.0010000000000000009,Goal_B_retention,Goal B: maximize retention,2.0402041697354654,fixed_RC2O_static
SplitKMNIST_seed1_task5,SplitKMNIST,characters,1,5,0.40349277794386396,0.442321042302932,0.34212448310162924,0.4574136362948369,0.5870531915490932,0.6583080456633699,RC2O_static,0.8985844983148525,0.999,0.9366460968463037,0.6014820017219609,0.49876499856503254,0.6356597782244187,0.0010000000000000009,Goal_B_retention,Goal B: maximize retention,2.0345557111413557,fixed_RC2O_static
RotatedMNIST_seed1_task5,RotatedMNIST,digits,1,5,0.35676060850946123,0.2875568893258405,0.7002950742487211,0.5671393659994899,0.568213593706577,0.49832062388410486,RC2O_static,0.91420730788276,0.999,0.8988699944265433,0.5659787739696571,0.5283510216919524,0.5697060838299797,0.0010000000000000009,Goal_B_retention,Goal B: maximize retention,2.0209048498817137,fixed_RC2O_static
PermutedMNIST_seed1_task5,PermutedMNIST,digits,1,5,0.3209297170788323,0.2917281388036251,0.654555480115323,0.5521461113558415,0.5843251734683311,0.480321285346126,RC2O_static,0.9232325009513744,0.9976843214110933,0.8997474400071641,0.573826290639421,0.5218114244671491,0.5473856852466329,0.002315678588906689,Goal_B_retention,Goal B: maximize retention,2.0195843279409162,fixed_RC2O_static
SplitCIFAR10_seed1_task5,SplitCIFAR10,natural-images,1,5,0.6330664908622213,0.5496347766142244,0.45894260361929456,0.6498391324986418,0.6988371954646971,0.7767976022631671,RC2O_static,0.8248790061884657,0.999,0.9064927529522915,0.6604355226523769,0.44963706445635254,0.7010986596047104,0.0010000000000000009,Goal_B_retention,Goal B: maximize retention,2.0059778845731304,fixed_RC2O_static
SplitCIFAR100Coarse_seed1_task5,SplitCIFAR100Coarse,natural-images,1,5,0.7710723221501569,0.6594913764709285,0.5727920113514886,0.7489437563131799,0.7742575306729389,1.0,RC2O_static,0.7707482300734743,0.999,0.8854833585084645,0.7291755734954981,0.39235368875375154,0.7982541983235724,0.0010000000000000009,Goal_B_retention,Goal B: maximize retention,1.9892367487700497,fixed_RC2O_static
SVHNContinual_seed1_task5,SVHNContinual,digits-real,1,5,0.5903521956629811,0.4691885850278141,0.6312688681712095,0.7002632692622633,0.7576513044512806,0.726902149280249,RC2O_static,0.8441047387934959,0.999,0.8831413056187132,0.677246917362414,0.4356275688646549,0.6756731177194762,0.0010000000000000009,Goal_B_retention,Goal B: maximize retention,2.0003295688197786,fixed_RC2O_static
SplitMNIST_seed2_task1,SplitMNIST,digits,2,1,0.1507801433555985,0.10143014859189539,0.10364652376207192,0.25143092818134644,0.25052565757441186,0.29300366907885467,RC2O_static,0.9897530695884635,0.999,0.999,0.4651442562003182,0.6123797864997349,0.48260069947804685,0.0010000000000000009,Goal_B_retention,Goal B: maximize retention,2.0741049801493308,fixed_RC2O_static
SplitFashionMNIST_seed2_task1,SplitFashionMNIST,fashion,2,1,0.40066181276053725,0.44507347271644654,0.23451611494557628,0.49357430232011024,0.46596749632275475,0.6259836226917374,RC2O_static,0.8949835005222655,0.999,0.95047216059409,0.5771665070103017,0.5190279108247486,0.630327595084179,0.0010000000000000009,Goal_B_retention,Goal B: maximize retention,2.0387944614142666,fixed_RC2O_static
SplitKMNIST_seed2_task1,SplitKMNIST,characters,2,1,0.42719807237425006,0.3487060136998262,0.22863562740492877,0.4456931286766152,0.4539620862151731,0.6687945289807565,RC2O_static,0.90121431606041,0.999,0.9585404345387989,0.5727573527849891,0.522702206012509,0.6235139860858189,0.0010000000000000009,Goal_B_retention,Goal B: maximize retention,2.04298995581591,fixed_RC2O_static
RotatedMNIST_seed2_task1,RotatedMNIST,digits,2,1,0.29905518199764436,0.24021535026139512,0.4189602067701992,0.43305401150068684,0.39140195709833486,0.4965692580761236,RC2O_static,0.9409817548348594,0.999,0.9409634188507376,0.538399418755833,0.5513338177034726,0.567094960866465,0.0010000000000000009,Goal_B_retention,Goal B: maximize retention,2.0445579100200364,fixed_RC2O_static
PermutedMNIST_seed2_task1,PermutedMNIST,digits,2,1,0.35564727080584174,0.2700683468630563,0.5196930200663868,0.5310528670180544,0.4328877374827303,0.4748950457832441,RC2O_static,0.922639776105135,0.999,0.9174373807165292,0.5542890216115264,0.5380924819903947,0.5476860149039456,0.0010000000000000009,Goal_B_retention,Goal B: maximize retention,2.0282182416722403,fixed_RC2O_static
SplitCIFAR10_seed2_task1,SplitCIFAR10,natural-images,2,1,0.661393144674172,0.5374582613657736,0.3086905319695931,0.6010293017472977,0.565551180590767,0.8651676801165903,RC2O_static,0.8266659535040672,0.999,0.9365722541714827,0.6425796239935959,0.4645169800053367,0.7338171821548547,0.0010000000000000009,Goal_B_retention,Goal B: maximize retention,2.0210576422269915,fixed_RC2O_static
SplitCIFAR100Coarse_seed2_task1,SplitCIFAR100Coarse,natural-images,2,1,0.7809010999956233,0.7020395691474365,0.37977316069236355,0.7410627283934746,0.5701814880887224,0.9190468780122998,RC2O_static,0.7696668546217684,0.9972287610659716,0.908577437403989,0.6949079635979856,0.42091003033501195,0.7604000816673995,0.0027712389340284194,Goal_B_retention,Goal B: maximize retention,1.992246496600479,fixed_RC2O_static
SVHNContinual_seed2_task1,SVHNContinual,digits-real,2,1,0.5633665041161232,0.49161761621344774,0.41842074233600424,0.6137620287423091,0.530404015444869,0.7436268985579215,RC2O_static,0.839806641932948,0.999,0.9256789306428082,0.6304426706721705,0.4746311077731912,0.6877484749448771,0.0010000000000000009,Goal_B_retention,Goal B: maximize retention,2.017086021188015,fixed_RC2O_static
SplitMNIST_seed2_task2,SplitMNIST,digits,2,2,0.1365161113011586,0.14243491765981306,0.09481523943490536,0.2925785030959676,0.37966421567921416,0.32895464078270453,RC2O_static,0.995,0.999,0.999,0.4889692986124722,0.5925255844896065,0.4886044287841418,0.0010000000000000009,Goal_B_retention,Goal B: maximize retention,2.0752867221028946,fixed_RC2O_static
SplitFashionMNIST_seed2_task2,SplitFashionMNIST,fashion,2,2,0.39216592874978384,0.4538230682910619,0.18612280836677741,0.45478541262715566,0.5212691123254068,0.593641328389066,RC2O_static,0.8931528055971587,0.999,0.9485619478695062,0.5859851827705498,0.5116790143578751,0.6198146599320052,0.0010000000000000009,Goal_B_retention,Goal B: maximize retention,2.036157940144569,fixed_RC2O_static
SplitKMNIST_seed2_task2,SplitKMNIST,characters,2,2,0.42528538715278313,0.399671535183187,0.23936537298814345,0.4493722474532167,0.39241707474120685,0.7147251254701994,RC2O_static,0.9094364315365884,0.999,0.9525129473279703,0.5804578665064534,0.5162851112446222,0.6623627083986561,0.0010000000000000009,Goal_B_retention,Goal B: maximize retention,2.046910987427863,fixed_RC2O_static
RotatedMNIST_seed2_task2,RotatedMNIST,digits,2,2,0.30634692278281694,0.29474536505159943,0.49925974012136975,0.4582301474189383,0.3849378045078447,0.599756383213272,RC2O_static,0.9398858856385344,0.999,0.9308175384549588,0.5362734365477189,0.5531054695435675,0.6028287049846368,0.0010000000000000009,Goal_B_retention,Goal B: maximize retention,2.044340048126438,fixed_RC2O_static
PermutedMNIST_seed2_task2,PermutedMNIST,digits,2,2,0.2930926218820866,0.26513863182659847,0.538288909866798,0.47181237922283215,0.42558731343906153,0.46164923669534397,RC2O_static,0.9225938862317842,0.999,0.9227441390542117,0.5361924985546443,0.5531729178711298,0.5436272427195126,0.0010000000000000009,Goal_B_retention,Goal B: maximize retention,2.030409984704017,fixed_RC2O_static
SplitCIFAR10_seed2_task2,SplitCIFAR10,natural-images,2,2,0.5851627668696491,0.5232021127120186,0.33013044317168483,0.5981258369970281,0.5623650595625325,0.7264191142421776,RC2O_static,0.8330554327404514,0.999,0.9250741297735405,0.6421200017713067,0.46489999852391106,0.6873012191207742,0.0010000000000000009,Goal_B_retention,Goal B: maximize retention,2.0143176970811476,fixed_RC2O_static
SplitCIFAR100Coarse_seed2_task2,SplitCIFAR100Coarse,natural-images,2,2,0.7268590118434352,0.6658653819845225,0.4985588187173504,0.7342935034705377,0.6817924365092294,0.8612412365328956,RC2O_static,0.798577136129563,0.9940088779159888,0.8920479601567544,0.70176027567986,0.41519977026678334,0.7329588811789283,0.005991122084011202,Goal_B_retention,Goal B: maximize retention,1.98775778871155,fixed_RC2O_static
SVHNContinual_seed2_task2,SVHNContinual,digits-real,2,2,0.5494469091915636,0.4769299570497869,0.48815515982766144,0.6324788526817721,0.5090973516548516,0.7138743559923201,RC2O_static,0.8549982172090043,0.999,0.9046363514409741,0.6275565889536402,0.47703617587196645,0.6684663652361685,0.0010000000000000009,Goal_B_retention,Goal B: maximize retention,2.0124706334842575,fixed_RC2O_static
SplitMNIST_seed2_task3,SplitMNIST,digits,2,3,0.13105550003207225,0.09982958088337249,0.09302547359785406,0.2506102464554514,0.44921137140839845,0.28391218910984756,RC2O_static,0.995,0.999,0.999,0.5001006973561064,0.5832494188699113,0.45315946696926934,0.0010000000000000009,Goal_B_retention,Goal B: maximize retention,2.0712784176404226,fixed_RC2O_static
SplitFashionMNIST_seed2_task3,SplitFashionMNIST,fashion,2,3,0.33381395994618895,0.4484938036471359,0.3247690321046144,0.43089290508965405,0.48087416635062086,0.6437575716903422,RC2O_static,0.9242464337942509,0.999,0.9425419060923883,0.5513480342166366,0.5405433048194694,0.6399260865704965,0.0010000000000000009,Goal_B_retention,Goal B: maximize retention,2.0468333711686344,fixed_RC2O_static
SplitKMNIST_seed2_task3,SplitKMNIST,characters,2,3,0.44315128387095176,0.3898499322321634,0.2759205480314769,0.50993628938514,0.5346919238343283,0.6518361451328278,RC2O_static,0.8861626871177457,0.999,0.9539801498812102,0.5829496423510868,0.5142086313740943,0.6195796608314607,0.0010000000000000009,Goal_B_retention,Goal B: maximize retention,2.036060256245598,fixed_RC2O_static
RotatedMNIST_seed2_task3,RotatedMNIST,digits,2,3,0.38369785565266634,0.2562452672010205,0.5218404293164506,0.6161409794628477,0.5144939908682541,0.47947962233296765,RC2O_static,0.9142666351140105,0.999,0.9211022820773713,0.5813788915881444,0.515517590343213,0.5648958687564726,0.0010000000000000009,Goal_B_retention,Goal B: maximize retention,2.0275812556540913,fixed_RC2O_static
PermutedMNIST_seed2_task3,PermutedMNIST,digits,2,3,0.3603518485788121,0.25801184558844326,0.5608335648905618,0.5697349258848045,0.5285975825049662,0.4010021556687567,RC2O_static,0.9117192127371476,0.999,0.9201997663201251,0.5611964792070641,0.5323362673274465,0.5313277047471515,0.0010000000000000009,Goal_B_retention,Goal B: maximize retention,2.0239852658742756,fixed_RC2O_static
SplitCIFAR10_seed2_task3,SplitCIFAR10,natural-images,2,3,0.6096594993657131,0.5145184151305742,0.35191651081777336,0.6223468321924149,0.5596230206377104,0.7759311084609678,RC2O_static,0.8380665476887601,0.999,0.9243276003050689,0.6448292524068028,0.46264228966099763,0.6906645330018405,0.0010000000000000009,Goal_B_retention,Goal B: maximize retention,2.0157831921966363,fixed_RC2O_static
SplitCIFAR100Coarse_seed2_task3,SplitCIFAR100Coarse,natural-images,2,3,0.7629835268947399,0.6952627324404606,0.48484518505244173,0.7212045645047555,0.6907043340877023,1.0,RC2O_static,0.7783203898975224,0.999,0.9065049472295994,0.7053776574005837,0.4121852854995136,0.793305225081094,0.0010000000000000009,Goal_B_retention,Goal B: maximize retention,1.9993626352827016,fixed_RC2O_static
SVHNContinual_seed2_task3,SVHNContinual,digits-real,2,3,0.5916505508407276,0.5393765274060061,0.5405137326594532,0.6652699218870556,0.5686688851089744,0.6778270285155533,RC2O_static,0.8337968235292417,0.999,0.90363386862395,0.6402984167535274,0.4664179860387272,0.6682136440146239,0.0010000000000000009,Goal_B_retention,Goal B: maximize retention,2.005203164780554,fixed_RC2O_static
SplitMNIST_seed2_task4,SplitMNIST,digits,2,4,0.13738382373373115,0.10924384599934318,0.13620155681204676,0.2830131575003036,0.4605991464890704,0.2603136777211199,RC2O_static,0.995,0.999,0.9928611214927299,0.48752268745688976,0.5937310937859253,0.4418947467763412,0.0010000000000000009,Goal_B_retention,Goal B: maximize retention,2.068527421889386,fixed_RC2O_static
SplitFashionMNIST_seed2_task4,SplitFashionMNIST,fashion,2,4,0.34879615488155685,0.43840755381884255,0.2974896509765069,0.4603351524623008,0.5632812529506968,0.5830948914637215,RC2O_static,0.9238198292215154,0.999,0.9419993230478811,0.5646736730078717,0.5294386058267735,0.6144420565159026,0.0010000000000000009,Goal_B_retention,Goal B: maximize retention,2.043411847776142,fixed_RC2O_static
SplitKMNIST_seed2_task4,SplitKMNIST,characters,2,4,0.4171748913023331,0.39951542961623554,0.23064403471024197,0.4631496639727843,0.6013195761110102,0.740621615898952,RC2O_static,0.9051688990046627,0.999,0.9482664370344169,0.5945985884524514,0.5045011762896239,0.6819521837107534,0.0010000000000000009,Goal_B_retention,Goal B: maximize retention,2.045514199849001,fixed_RC2O_static
RotatedMNIST_seed2_task4,RotatedMNIST,digits,2,4,0.3055541788029402,0.33533133754924893,0.639310383173817,0.5548312180807138,0.5475193705356831,0.5446682920014587,RC2O_static,0.9298421537243466,0.999,0.9028013460269428,0.5607334163963894,0.5327221530030088,0.5881987338739139,0.0010000000000000009,Goal_B_retention,Goal B: maximize retention,2.029039098264276,fixed_RC2O_static
PermutedMNIST_seed2_task4,PermutedMNIST,digits,2,4,0.3381023515310466,0.20095131843887665,0.6350835055932001,0.5750952786046599,0.5526345683387371,0.5301728148520302,RC2O_static,0.9015125881902095,0.999,0.9184371810381149,0.5661821483275985,0.5281815430603345,0.5702010604564315,0.0010000000000000009,Goal_B_retention,Goal B: maximize retention,2.0239859730190632,fixed_RC2O_static
SplitCIFAR10_seed2_task4,SplitCIFAR10,natural-images,2,4,0.600254479537546,0.5345108443191785,0.3459247753101631,0.5800591383893343,0.7285238170213131,0.7777004361785671,RC2O_static,0.8372719391067396,0.999,0.9254300003644169,0.6664983963608132,0.4445846696993223,0.6995981279469549,0.0010000000000000009,Goal_B_retention,Goal B: maximize retention,2.0159211281392295,fixed_RC2O_static
SplitCIFAR100Coarse_seed2_task4,SplitCIFAR100Coarse,natural-images,2,4,0.809740989495605,0.6497017512715937,0.5346875795765424,0.7819835200817745,0.8176403667231928,0.9261845263853163,RC2O_static,0.7651258562997592,0.9952749026177219,0.8881967579234693,0.7350020610780899,0.3874982824349251,0.7677269294496527,0.0047250973822781095,Goal_B_retention,Goal B: maximize retention,1.980175347763778,fixed_RC2O_static
SVHNContinual_seed2_task4,SVHNContinual,digits-real,2,4,0.6054168524096235,0.4402486173425707,0.584809549447483,0.7169600676696432,0.6859853563238327,0.7320834963577217,RC2O_static,0.8233409818433362,0.999,0.894039231671238,0.6607687939909808,0.4493593383408493,0.6801105173635266,0.0010000000000000009,Goal_B_retention,Goal B: maximize retention,1.9990450442913292,fixed_RC2O_static
SplitMNIST_seed2_task5,SplitMNIST,digits,2,5,0.16578543635245707,0.08656289809072543,0.0703648019899094,0.23910474420137484,0.5305612994085463,0.22195612573013107,RC2O_static,0.995,0.999,0.999,0.5236843330536239,0.56359638912198,0.43425293335286375,0.0010000000000000009,Goal_B_retention,Goal B: maximize retention,2.0684051127913854,fixed_RC2O_static
SplitFashionMNIST_seed2_task5,SplitFashionMNIST,fashion,2,5,0.39196661973560215,0.4454242140808284,0.322400358867788,0.4448126524856268,0.6654346754208411,0.6319252679584378,RC2O_static,0.8894931795282524,0.999,0.9456824891430757,0.5838658982135384,0.5134450848220513,0.624576164697866,0.0010000000000000009,Goal_B_retention,Goal B: maximize retention,2.0346166957694414,fixed_RC2O_static
SplitKMNIST_seed2_task5,SplitKMNIST,characters,2,5,0.405533564988147,0.42400395908272387,0.2782049246685278,0.5088181177462999,0.6082951631897321,0.6749329854884509,RC2O_static,0.8895300121466561,0.999,0.9575806007277365,0.5941734390805297,0.504855467432892,0.6432841146707469,0.0010000000000000009,Goal_B_retention,Goal B: maximize retention,2.040233398737424,fixed_RC2O_static
RotatedMNIST_seed2_task5,RotatedMNIST,digits,2,5,0.29712818802523316,0.2651522475836035,0.6546767615313087,0.556483192363537,0.604278561938093,0.4555226574406656,RC2O_static,0.9318232565366795,0.999,0.9031519819974971,0.5632077262300942,0.5306602281415882,0.5516687801298664,0.0010000000000000009,Goal_B_retention,Goal B: maximize retention,2.026000060080194,fixed_RC2O_static
PermutedMNIST_seed2_task5,PermutedMNIST,digits,2,5,0.3313433139057956,0.23689558228135443,0.7452047422217002,0.6080564239666443,0.5906853038024131,0.43953071997894394,RC2O_static,0.9280573126660581,0.999,0.8755385062260239,0.5827129682908534,0.5144058597576222,0.5300034127826694,0.0010000000000000009,Goal_B_retention,Goal B: maximize retention,2.0122263052450737,fixed_RC2O_static
SplitCIFAR10_seed2_task5,SplitCIFAR10,natural-images,2,5,0.6134587030524706,0.615544494811624,0.44223219757419086,0.6513766548607212,0.7275055641287176,0.8241851235922791,RC2O_static,0.8265101159370405,0.999,0.9114563459763911,0.6729213504930357,0.4392322079224702,0.7182736769729173,0.0010000000000000009,Goal_B_retention,Goal B: maximize retention,2.009401733966264,fixed_RC2O_static
SplitCIFAR100Coarse_seed2_task5,SplitCIFAR100Coarse,natural-images,2,5,0.8266684095557615,0.6705958799598599,0.5564168615163934,0.7518494344203964,0.8630383594402056,0.8793962754653915,RC2O_static,0.7588097820054238,0.9945488090033721,0.8798433546938595,0.758081639605312,0.3682653003289066,0.7462889658417132,0.0054511909966279415,Goal_B_retention,Goal B: maximize retention,1.9712711624996468,fixed_RC2O_static
SVHNContinual_seed2_task5,SVHNContinual,digits-real,2,5,0.5637446887187041,0.4828944407860259,0.6659409216932358,0.7199501451213391,0.7321347609083925,0.7182448902972433,RC2O_static,0.8474107304071186,0.9976295471760395,0.8695010467034787,0.6681610048488967,0.4431991626259194,0.6649342360998313,0.002370452823960534,Goal_B_retention,Goal B: maximize retention,1.9940018558972856,fixed_RC2O_static
SplitMNIST_seed3_task1,SplitMNIST,digits,3,1,0.1506632545106428,0.051252823767483156,0.09347500297465011,0.2663096168897839,0.36583140828415367,0.22791095413219348,RC2O_static,0.995,0.999,0.999,0.49016251874131167,0.5915312343822403,0.4307389316607966,0.0010000000000000009,Goal_B_retention,Goal B: maximize retention,2.069450454885192,fixed_RC2O_static
SplitFashionMNIST_seed3_task1,SplitFashionMNIST,fashion,3,1,0.3473075384596984,0.47122468177423193,0.18794863524914446,0.4416778440139004,0.3542761899153115,0.6677035764531971,RC2O_static,0.9233220958134187,0.999,0.9528200069027397,0.5337298261553817,0.5552251448705152,0.651857511715604,0.0010000000000000009,Goal_B_retention,Goal B: maximize retention,2.052080639575071,fixed_RC2O_static
SplitKMNIST_seed3_task1,SplitKMNIST,characters,3,1,0.40629817004638485,0.45347238061182815,0.20499594246631953,0.47062460701617226,0.3828470534109738,0.669444259074977,RC2O_static,0.9015261430940076,0.999,0.9529187217747561,0.5651613834373992,0.529032180468834,0.6492200453634914,0.0010000000000000009,Goal_B_retention,Goal B: maximize retention,2.044003009109158,fixed_RC2O_static
RotatedMNIST_seed3_task1,RotatedMNIST,digits,3,1,0.3029037128036037,0.29056326059711496,0.47546407004769914,0.47774386648937417,0.3609400408615923,0.5413663043500635,RC2O_static,0.9294781692199932,0.999,0.9241831987791418,0.5340168156948244,0.5549859869209797,0.5798535204226425,0.0010000000000000009,Goal_B_retention,Goal B: maximize retention,2.036692221727011,fixed_RC2O_static
PermutedMNIST_seed3_task1,PermutedMNIST,digits,3,1,0.33820233143031536,0.2809247648164643,0.47705112182143433,0.5320313038262525,0.39011132638679985,0.4431487645799913,RC2O_static,0.9122662518040456,0.999,0.9248312206697176,0.5531466377886823,0.5390444685094313,0.5321854876345312,0.0010000000000000009,Goal_B_retention,Goal B: maximize retention,2.02619157496454,fixed_RC2O_static
SplitCIFAR10_seed3_task1,SplitCIFAR10,natural-images,3,1,0.6642775849315627,0.5406182123248098,0.3679707422271125,0.6608654258821052,0.5839322958041161,0.7840231105215867,RC2O_static,0.8323985849651279,0.999,0.9296597346295037,0.6652704167030593,0.4456079860807839,0.6875926659014202,0.0010000000000000009,Goal_B_retention,Goal B: maximize retention,2.014790148504046,fixed_RC2O_static
SplitCIFAR100Coarse_seed3_task1,SplitCIFAR100Coarse,natural-images,3,1,0.7246851542948537,0.6642819126679692,0.3797456973252263,0.6558755154960977,0.5452369976970267,0.9912891965369105,RC2O_static,0.7939700721958975,0.999,0.9177596703121527,0.6753881786131128,0.43717651782240596,0.7844764915838766,0.0010000000000000009,Goal_B_retention,Goal B: maximize retention,2.0083633813175306,fixed_RC2O_static
SVHNContinual_seed3_task1,SVHNContinual,digits-real,3,1,0.5885276027343417,0.5255634763903307,0.4735920942558293,0.5890322373711214,0.48892911555075597,0.7384753591482194,RC2O_static,0.8396722368045182,0.999,0.9096454121073259,0.627904335384849,0.4767463871792924,0.682951788940178,0.0010000000000000009,Goal_B_retention,Goal B: maximize retention,2.011060063531902,fixed_RC2O_static
SplitMNIST_seed3_task2,SplitMNIST,digits,3,2,0.13675075086255742,0.057184235027194705,0.05831276647795754,0.16021185444298736,0.43217052373132453,0.2908222407611112,RC2O_static,0.995,0.999,0.999,0.48807622876334034,0.5932698093638831,0.45708924240546056,0.0010000000000000009,Goal_B_retention,Goal B: maximize retention,2.0721724147087404,fixed_RC2O_static
SplitFashionMNIST_seed3_task2,SplitFashionMNIST,fashion,3,2,0.38680870883793267,0.4174186833459431,0.26721583190023235,0.43386513113186104,0.5433911626255871,0.6248816997279327,RC2O_static,0.8914586280708829,0.999,0.9484929649185709,0.5770475378881564,0.5191270517598696,0.6201007569226072,0.0010000000000000009,Goal_B_retention,Goal B: maximize retention,2.036026554423019,fixed_RC2O_static
SplitKMNIST_seed3_task2,SplitKMNIST,characters,3,2,0.4339709536289738,0.39889167959029,0.2753213768047772,0.5006476411892806,0.42815000678874354,0.6262837601252919,RC2O_static,0.8889365375285418,0.999,0.9467384333519353,0.5703345010595814,0.5247212491170155,0.6192633876603357,0.0010000000000000009,Goal_B_retention,Goal B: maximize retention,2.0348518141536243,fixed_RC2O_static
RotatedMNIST_seed3_task2,RotatedMNIST,digits,3,2,0.31576017905722253,0.2996404270355048,0.462726638388594,0.49017464301821867,0.4534941957815557,0.4749552219224912,RC2O_static,0.9267440725602893,0.999,0.9247395217137822,0.5487846784770668,0.5426794346024444,0.5588106750856815,0.0010000000000000009,Goal_B_retention,Goal B: maximize retention,2.033347093606601,fixed_RC2O_static
PermutedMNIST_seed3_task2,PermutedMNIST,digits,3,2,0.3163806725460198,0.2374960641389353,0.5385106474188486,0.48647631698650673,0.4999662612562959,0.4528345448482969,RC2O_static,0.9235680805503015,0.999,0.9169060415303698,0.5371472800216573,0.5523772666486189,0.5404971091295595,0.0010000000000000009,Goal_B_retention,Goal B: maximize retention,2.028306112946107,fixed_RC2O_static
SplitCIFAR10_seed3_task2,SplitCIFAR10,natural-images,3,2,0.6049674739000255,0.5454938331713125,0.4028071007748514,0.6796834614811847,0.6170858046550558,0.8220747133258542,RC2O_static,0.8320959035305378,0.999,0.9129131244470363,0.6534218227913342,0.4554818143405548,0.7225461166632352,0.0010000000000000009,Goal_B_retention,Goal B: maximize retention,2.0128270669989754,fixed_RC2O_static
SplitCIFAR100Coarse_seed3_task2,SplitCIFAR100Coarse,natural-images,3,2,0.7798570251325917,0.6355350753962129,0.41745002713744617,0.6639768599788402,0.7251510320012058,0.9417048472445149,RC2O_static,0.7825613711331223,0.999,0.9157032374893632,0.7184540080412496,0.40128832663229197,0.7732754496080596,0.0010000000000000009,Goal_B_retention,Goal B: maximize retention,2.0013065057536346,fixed_RC2O_static
SVHNContinual_seed3_task2,SVHNContinual,digits-real,3,2,0.5312992378853533,0.48331550928341127,0.5268746051361451,0.6481753452424809,0.5678061738956911,0.6771894856462664,RC2O_static,0.846512877658905,0.999,0.9130639954022806,0.6180886470702254,0.4849261274414788,0.6533416624705667,0.0010000000000000009,Goal_B_retention,Goal B: maximize retention,2.0117567343076006,fixed_RC2O_static
SplitMNIST_seed3_task3,SplitMNIST,digits,3,3,0.16683666644527684,0.07627813675509686,0.08980183747034003,0.2641977950762912,0.39167424736590345,0.33996601621344635,RC2O_static,0.9794939726614009,0.999,0.999,0.49656209289504194,0.5861982559207983,0.46915761179572824,0.0010000000000000009,Goal_B_retention,Goal B: maximize retention,2.068373865774033,fixed_RC2O_static
SplitFashionMNIST_seed3_task3,SplitFashionMNIST,fashion,3,3,0.3897642233100701,0.44812519841260945,0.24140636475861607,0.44538765852738516,0.5584456621419324,0.6354080991108447,RC2O_static,0.8944030689887705,0.999,0.9577480622597081,0.5712746718066242,0.5239377734944799,0.6442415903158077,0.0010000000000000009,Goal_B_retention,Goal B: maximize retention,2.042803790193834,fixed_RC2O_static
SplitKMNIST_seed3_task3,SplitKMNIST,characters,3,3,0.45501077157366143,0.3869273712707713,0.2968249676231874,0.4591287401199968,0.5532997334394424,0.6422206838809527,RC2O_static,0.8897150885049729,0.999,0.9413796320683481,0.5873089120684226,0.5105759066096478,0.6241187443791476,0.0010000000000000009,Goal_B_retention,Goal B: maximize retention,2.032988067543811,fixed_RC2O_static
RotatedMNIST_seed3_task3,RotatedMNIST,digits,3,3,0.34210064666858203,0.3093952732217573,0.5523529067279033,0.5839346555337048,0.451950279105784,0.5162106731189404,RC2O_static,0.9216347225952894,0.999,0.9128964563095407,0.5673453370208364,0.5272122191493029,0.5736925905053255,0.0010000000000000009,Goal_B_retention,Goal B: maximize retention,2.028384046494924,fixed_RC2O_static
PermutedMNIST_seed3_task3,PermutedMNIST,digits,3,3,0.34279688810331904,0.24582614497010352,0.577326445043787,0.5261246923527113,0.4804510033862693,0.47298241903196353,RC2O_static,0.9194058413501407,0.999,0.9247038832510655,0.5655744857791398,0.5286879285173834,0.5471276961745127,0.0010000000000000009,Goal_B_retention,Goal B: maximize retention,2.0292652775862354,fixed_RC2O_static
SplitCIFAR10_seed3_task3,SplitCIFAR10,natural-images,3,3,0.609001277460961,0.5672576047431225,0.47949572662832796,0.6412179749198721,0.6267267871976827,0.76887040189945,RC2O_static,0.8318411289891221,0.9983932858936844,0.8990755521344116,0.6562950574316108,0.4530874521403243,0.6999593265882252,0.001606714106315632,Goal_B_retention,Goal B: maximize retention,2.0047100231660933,fixed_RC2O_static
SplitCIFAR100Coarse_seed3_task3,SplitCIFAR100Coarse,natural-images,3,3,0.7857986424152088,0.6885323579339555,0.5136159980759754,0.7852830580575973,0.6778296745770466,0.9882214057836011,RC2O_static,0.7704841431032923,0.999,0.8983637620308487,0.7146907966498934,0.40442433612508877,0.8097599013477438,0.0010000000000000009,Goal_B_retention,Goal B: maximize retention,1.9954197665828137,fixed_RC2O_static
SVHNContinual_seed3_task3,SVHNContinual,digits-real,3,3,0.6199003082925738,0.5260286416829557,0.5138324577948258,0.6356716765535357,0.6578974816959147,0.7543962014181311,RC2O_static,0.8230433616179886,0.9969652008257588,0.897908685395163,0.670894646603922,0.440921127830065,0.7020258630348758,0.0030347991742412095,Goal_B_retention,Goal B: maximize retention,1.999332712183469,fixed_RC2O_static
SplitMNIST_seed3_task4,SplitMNIST,digits,3,4,0.1301762160289187,0.08363897531116124,0.07176139327012726,0.22768453227743934,0.43658567785474145,0.2409032694790533,RC2O_static,0.9930990952172536,0.999,0.9956301175811131,0.49731560923042495,0.5855703256413125,0.44870790861272203,0.0010000000000000009,Goal_B_retention,Goal B: maximize retention,2.0691995768619034,fixed_RC2O_static
SplitFashionMNIST_seed3_task4,SplitFashionMNIST,fashion,3,4,0.39970257873027026,0.45773982772123967,0.2186977962083539,0.4751758049735592,0.6141815769211848,0.6424753099812005,RC2O_static,0.902442656269812,0.999,0.9515455292570723,0.5945464817132184,0.5045445985723179,0.6308627681690139,0.0010000000000000009,Goal_B_retention,Goal B: maximize retention,2.0407372388664364,fixed_RC2O_static
SplitKMNIST_seed3_task4,SplitKMNIST,characters,3,4,0.40640911359641574,0.428505937831582,0.28758395728684866,0.43909594335634666,0.6099470447656976,0.6853062034150225,RC2O_static,0.8901246205896491,0.999,0.9514954673504867,0.5932358280920773,0.5056368099232689,0.6560313177913224,0.0010000000000000009,Goal_B_retention,Goal B: maximize retention,2.0395957720248608,fixed_RC2O_static
RotatedMNIST_seed3_task4,RotatedMNIST,digits,3,4,0.32782505660321964,0.2986335411465836,0.6132480062628524,0.5762849925621533,0.5109095173562921,0.5110074590294308,RC2O_static,0.9112627039839982,0.999,0.8995953558449101,0.5607359874395851,0.5327200104670125,0.5720432690847647,0.0010000000000000009,Goal_B_retention,Goal B: maximize retention,2.020727513172745,fixed_RC2O_static
PermutedMNIST_seed3_task4,PermutedMNIST,digits,3,4,0.3165708272487415,0.23899488927315304,0.6624530778215765,0.5363207462165485,0.5213040345215337,0.48328901683844755,RC2O_static,0.915854547279608,0.999,0.9037962260424313,0.5570892654339638,0.5357589454716969,0.5491957450616857,0.0010000000000000009,Goal_B_retention,Goal B: maximize retention,2.0214425650784866,fixed_RC2O_static
SplitCIFAR10_seed3_task4,SplitCIFAR10,natural-images,3,4,0.599801877106193,0.5946273990570489,0.3976960168860714,0.6205759285393436,0.6420284985510225,0.8113600978246194,RC2O_static,0.8270196815165693,0.999,0.9158764743584356,0.6484534568424674,0.45962211929794383,0.718320562714971,0.0010000000000000009,Goal_B_retention,Goal B: maximize retention,2.0121258327168174,fixed_RC2O_static
SplitCIFAR100Coarse_seed3_task4,SplitCIFAR100Coarse,natural-images,3,4,0.7590954001243444,0.7525382228300437,0.5208969715671715,0.7431629210946596,0.7574473497866683,0.9475228343480618,RC2O_static,0.7681957343374235,0.990178909838648,0.8951907092490976,0.7315932672974896,0.39033894391875856,0.7877677816601247,0.00982109016135202,Goal_B_retention,Goal B: maximize retention,1.9788107221825364,fixed_RC2O_static
SVHNContinual_seed3_task4,SVHNContinual,digits-real,3,4,0.5968339211545671,0.45916904574950496,0.6064680358732583,0.6794767137165842,0.7005671986397475,0.7613295657454036,RC2O_static,0.8476959360576193,0.9964266136798827,0.8931360845947649,0.6524440897789681,0.4562965918508599,0.6827363576812547,0.0035733863201172777,Goal_B_retention,Goal B: maximize retention,2.0031708042539638,fixed_RC2O_static
SplitMNIST_seed3_task5,SplitMNIST,digits,3,5,0.14837249583142043,0.08208253559953144,0.07743446833286557,0.2624861674821214,0.5178328349345104,0.25367839861551705,RC2O_static,0.9873699417614876,0.999,0.999,0.5069934828759101,0.5775054309367416,0.445616914189657,0.0010000000000000009,Goal_B_retention,Goal B: maximize retention,2.0679479454942493,fixed_RC2O_static
SplitFashionMNIST_seed3_task5,SplitFashionMNIST,fashion,3,5,0.3949408363879826,0.4613952420085171,0.30255132774101173,0.4530164336181758,0.5846725184727097,0.6185142642524779,RC2O_static,0.9056111093068167,0.999,0.9422723106816882,0.5812931729027963,0.5155890225810031,0.6285207766513802,0.0010000000000000009,Goal_B_retention,Goal B: maximize retention,2.038760170324824,fixed_RC2O_static
SplitKMNIST_seed3_task5,SplitKMNIST,characters,3,5,0.39983245992387206,0.3478985352522437,0.30789140237480095,0.4652980763741006,0.608778602123293,0.6923313049451381,RC2O_static,0.901567585204009,0.999,0.9421709707636445,0.5808947381369648,0.5159210515525293,0.659690192774245,0.0010000000000000009,Goal_B_retention,Goal B: maximize retention,2.040645187183529,fixed_RC2O_static
RotatedMNIST_seed3_task5,RotatedMNIST,digits,3,5,0.3170229423881547,0.2775590303032716,0.6323835997492148,0.5174897899945093,0.6105073075954186,0.5261643801316539,RC2O_static,0.9218896424570449,0.999,0.9063961661420823,0.5816148984510418,0.5153209179574652,0.5689381925314801,0.0010000000000000009,Goal_B_retention,Goal B: maximize retention,2.0251154160378637,fixed_RC2O_static
PermutedMNIST_seed3_task5,PermutedMNIST,digits,3,5,0.32596861601809224,0.30300780528121535,0.7023007379586476,0.5412449131739672,0.6181700482645692,0.4607824695332994,RC2O_static,0.910148303326364,0.999,0.8819996992209527,0.5787893161581006,0.5176755698682495,0.5526571226818625,0.0010000000000000009,Goal_B_retention,Goal B: maximize retention,2.0115438764868414,fixed_RC2O_static
SplitCIFAR10_seed3_task5,SplitCIFAR10,natural-images,3,5,0.6395417347053697,0.5379995638429645,0.45849075722691907,0.6691472869175004,0.7210438674985883,0.8356264448973989,RC2O_static,0.8420837021609162,0.9911541961026444,0.9129593039480903,0.6784627736082712,0.43461435532644066,0.7270017502182493,0.008845803897355564,Goal_B_retention,Goal B: maximize retention,2.0046499245568237,fixed_RC2O_static
SplitCIFAR100Coarse_seed3_task5,SplitCIFAR100Coarse,natural-images,3,5,0.7987209979268307,0.6636399242406119,0.5632639290031075,0.7842879979320456,0.8356312274774824,0.9510333818817231,RC2O_static,0.7666494681793417,0.9805414195552453,0.8932153395188589,0.7414554640945423,0.38212044658788136,0.7653355822623874,0.01945858044475468,Goal_B_retention,Goal B: maximize retention,1.961990706240617,fixed_RC2O_static
SVHNContinual_seed3_task5,SVHNContinual,digits-real,3,5,0.5538472915296347,0.5104367430075032,0.6414489593322754,0.6591043076622055,0.6684104074974251,0.7032288967191191,RC2O_static,0.8391734263115813,0.9944366319337603,0.8802359376970041,0.6519308283338576,0.45672430972178524,0.6750972356626059,0.005563368066239693,Goal_B_retention,Goal B: maximize retention,1.9926699982503522,fixed_RC2O_static
SplitMNIST_seed0_task1,SplitMNIST,digits,0,1,0.1156408304387371,0.13874287450119005,0.07039288584742817,0.1967933289232454,0.27993992864489575,0.302377879258495,RC2O_static,0.995,0.999,0.9837635547948866,0.4671910043078755,0.6106741630767704,0.4818124878699457,0.0010000000000000009,Goal_C_cost,Goal C: minimize cost,1.9159322576393563,fixed_RC2O_static
SplitFashionMNIST_seed0_task1,SplitFashionMNIST,fashion,0,1,0.3807521821563378,0.46717666120450047,0.1808695683462322,0.4199432028836281,0.3864781342229844,0.6399003384425044,RC2O_static,0.9155642743355761,0.999,0.9628944380745459,0.5601092169629893,0.5332423191975089,0.6280356253769535,0.0010000000000000009,Goal_C_cost,Goal C: minimize cost,1.785058226423978,fixed_RC2O_static
SplitKMNIST_seed0_task1,SplitKMNIST,characters,0,1,0.4697127088414757,0.34179762127425806,0.20590011227468663,0.4435468756372052,0.44819700435955007,0.6791779298840739,RC2O_static,0.8832078655016291,0.999,0.9668241511306324,0.5845749928016113,0.512854172665324,0.6435008820421162,0.0010000000000000009,Goal_C_cost,Goal C: minimize cost,1.74550279856079,fixed_RC2O_static
RotatedMNIST_seed0_task1,RotatedMNIST,digits,0,1,0.3146463308271441,0.3200415082748845,0.4499043764199615,0.46608603500679896,0.38304810754680935,0.5089663714789666,RC2O_static,0.9216590075311131,0.999,0.9270814026873122,0.5345017002180062,0.5545819164849948,0.578576235840147,0.0010000000000000009,Goal_C_cost,Goal C: minimize cost,1.8027101148995865,fixed_RC2O_static
PermutedMNIST_seed0_task1,PermutedMNIST,digits,0,1,0.30620350844740607,0.21106340804060866,0.5252767818175056,0.5003298580041625,0.39079667592747497,0.44182189438722463,RC2O_static,0.939600159625098,0.999,0.923852513612841,0.5403902465456057,0.5496747945453285,0.5297615801731032,0.0010000000000000009,Goal_C_cost,Goal C: minimize cost,1.7984703308880081,fixed_RC2O_static
SplitCIFAR10_seed0_task1,SplitCIFAR10,natural-images,0,1,0.5951231963401031,0.5642485168109856,0.369689596676834,0.5708510588190269,0.5682309930521252,0.8229390949639573,RC2O_static,0.8368967388660946,0.999,0.9230627964592786,0.6231936350025524,0.4806719708312063,0.7275130758815801,0.0010000000000000009,Goal_C_cost,Goal C: minimize cost,1.6786776998148487,fixed_RC2O_static
SplitCIFAR100Coarse_seed0_task1,SplitCIFAR100Coarse,natural-images,0,1,0.7891440889045508,0.6550693630389074,0.4404313897209378,0.7220676082286035,0.6244076210190063,0.9984088392064309,RC2O_static,0.7744473400298311,0.999,0.9007443917779925,0.7078514401319509,0.4101237998900409,0.7996526203089416,0.0010000000000000009,Goal_C_cost,Goal C: minimize cost,1.5507641711009823,fixed_RC2O_static
SVHNContinual_seed0_task1,SVHNContinual,digits-real,0,1,0.5907885437820896,0.48600740830339945,0.4872015484154762,0.6489232905809461,0.43056991716068865,0.7045170752924451,RC2O_static,0.8503758560264163,0.999,0.9166554486575802,0.6213873195000512,0.48217723374995725,0.6641344318001651,0.0010000000000000009,Goal_C_cost,Goal C: minimize cost,1.6788357061187411,fixed_RC2O_static
SplitMNIST_seed0_task2,SplitMNIST,digits,0,2,0.15015739537106806,0.12839042954153182,0.06453189473949407,0.24627945302147272,0.38476746754935676,0.21538772341289958,RC2O_static,0.9832736256757642,0.999,0.999,0.47582471814528315,0.6034794015455973,0.44641771125738083,0.0010000000000000009,Goal_C_cost,Goal C: minimize cost,1.9012120947663884,fixed_RC2O_static
SplitFashionMNIST_seed0_task2,SplitFashionMNIST,fashion,0,2,0.3685302569197805,0.4567965547888964,0.2479400497607773,0.4461506030568815,0.48076073829601057,0.6184799924875616,RC2O_static,0.9079639515759761,0.999,0.9440015262343417,0.560698403947587,0.5327513300436775,0.6328513875341866,0.0010000000000000009,Goal_C_cost,Goal C: minimize cost,1.7767335940801579,fixed_RC2O_static
SplitKMNIST_seed0_task2,SplitKMNIST,characters,0,2,0.4315588178495182,0.37162351144443273,0.28890191823904277,0.4733827163151329,0.5073865355255709,0.6230696342963967,RC2O_static,0.8887581173797872,0.999,0.9500378663084783,0.5890970612832338,0.5090857822639718,0.605085641743531,0.0010000000000000009,Goal_C_cost,Goal C: minimize cost,1.734874989628739,fixed_RC2O_static
RotatedMNIST_seed0_task2,RotatedMNIST,digits,0,2,0.30585475540657026,0.3490682138047014,0.47873358958863993,0.47270523306366846,0.3567686524257889,0.5346692773775623,RC2O_static,0.9243107384295952,0.999,0.9313485059550002,0.5414194114236972,0.5488171571469189,0.5875939512930175,0.0010000000000000009,Goal_C_cost,Goal C: minimize cost,1.7980895160597103,fixed_RC2O_static
PermutedMNIST_seed0_task2,PermutedMNIST,digits,0,2,0.3142711755917313,0.2868605979484679,0.612701949171781,0.5330519641142752,0.5065051799223501,0.48096093558145175,RC2O_static,0.9093690193544552,0.999,0.9077370768907485,0.5458612183764019,0.5451156513529984,0.5530410639174437,0.0010000000000000009,Goal_C_cost,Goal C: minimize cost,1.7770105636504843,fixed_RC2O_static
SplitCIFAR10_seed0_task2,SplitCIFAR10,natural-images,0,2,0.6409294866074664,0.5394724043628817,0.2768408068454159,0.5518869410178018,0.5972224096938984,0.7809047050536093,RC2O_static,0.8308731092053232,0.999,0.9400629293321137,0.6632192129911254,0.4473173225073954,0.6952637239615147,0.0010000000000000009,Goal_C_cost,Goal C: minimize cost,1.631963389256559,fixed_RC2O_static
SplitCIFAR100Coarse_seed0_task2,SplitCIFAR100Coarse,natural-images,0,2,0.8370038088674012,0.6705661471532373,0.4354246031941269,0.8119930352228502,0.5938712504143434,0.9879015943091742,RC2O_static,0.7595215771388586,0.9896114340269404,0.9122415351641842,0.7121985826111725,0.40650118115735623,0.7964759857475227,0.010388565973059594,Goal_C_cost,Goal C: minimize cost,1.5363392987727968,fixed_RC2O_static
SVHNContinual_seed0_task2,SVHNContinual,digits-real,0,2,0.582384810889269,0.47937970924600243,0.5039061394990499,0.6511932332451321,0.5653672581963015,0.6453525879162197,RC2O_static,0.8485403736030703,0.999,0.9010046227987829,0.6399074933847385,0.46674375551271785,0.6370673541903188,0.0010000000000000009,Goal_C_cost,Goal C: minimize cost,1.6505551291822784,fixed_RC2O_static
SplitMNIST_seed0_task3,SplitMNIST,digits,0,3,0.11840572901619742,0.13935579531224807,0.06773201240546381,0.2430181565392833,0.3337902830202953,0.3111632328036094,RC2O_static,0.995,0.999,0.999,0.48591338700338293,0.5950721774971809,0.46110950793753447,0.0010000000000000009,Goal_C_cost,Goal C: minimize cost,1.8966083904149476,fixed_RC2O_static
SplitFashionMNIST_seed0_task3,SplitFashionMNIST,fashion,0,3,0.4026070629431854,0.43116451019978635,0.2372383101070944,0.4813944673365708,0.5559463359358148,0.6546950256144441,RC2O_static,0.8933107914473435,0.999,0.9453125257823192,0.5810423126634326,0.5157980727804727,0.6288606798624691,0.0010000000000000009,Goal_C_cost,Goal C: minimize cost,1.7471814538367694,fixed_RC2O_static
SplitKMNIST_seed0_task3,SplitKMNIST,characters,0,3,0.4399578681610788,0.40216473523398555,0.2858285550041667,0.4989818328968745,0.5621207078661286,0.6683680962158971,RC2O_static,0.8974374129215195,0.999,0.9443657194948794,0.5955620180841604,0.5036983182631996,0.634620554799564,0.0010000000000000009,Goal_C_cost,Goal C: minimize cost,1.7330430508236794,fixed_RC2O_static
RotatedMNIST_seed0_task3,RotatedMNIST,digits,0,3,0.29555749646793283,0.29057310098826605,0.5643342902529968,0.5297858529819985,0.4284624317107788,0.5499321099797583,RC2O_static,0.9344254285914126,0.999,0.9072652070913427,0.5255370762218777,0.5620524364817685,0.5680072197712108,0.0010000000000000009,Goal_C_cost,Goal C: minimize cost,1.81252925586648,fixed_RC2O_static
PermutedMNIST_seed0_task3,PermutedMNIST,digits,0,3,0.3234725104655376,0.24981202616291312,0.640758142906764,0.5314057959696514,0.5444085068720945,0.47794208042103453,RC2O_static,0.9181264033579828,0.999,0.8950028388638327,0.5661546567309806,0.5282044527241827,0.5593531909431217,0.0010000000000000009,Goal_C_cost,Goal C: minimize cost,1.7555689214990093,fixed_RC2O_static
SplitCIFAR10_seed0_task3,SplitCIFAR10,natural-images,0,3,0.6409084803212819,0.5964730543019499,0.34629753266279356,0.6508863433033627,0.6587311995675998,0.8156240234387195,RC2O_static,0.8219486329252723,0.999,0.9237276013890854,0.6645107707096702,0.44624102440860813,0.7214363124313609,0.0010000000000000009,Goal_C_cost,Goal C: minimize cost,1.625027799358401,fixed_RC2O_static
SplitCIFAR100Coarse_seed0_task3,SplitCIFAR100Coarse,natural-images,0,3,0.7519233787273665,0.6888454773930675,0.5027827072170505,0.7533388778681649,0.6897732714847741,0.9340123684663801,RC2O_static,0.7821835981204144,0.9888690434383214,0.8908241571019544,0.7020270692340852,0.41497744230492895,0.7583667070271571,0.011130956561678618,Goal_C_cost,Goal C: minimize cost,1.552967507215112,fixed_RC2O_static
SVHNContinual_seed0_task3,SVHNContinual,digits-real,0,3,0.5706976280268954,0.48040529130484205,0.5947552598045589,0.702894158359452,0.6726127984293899,0.694507388895887,RC2O_static,0.8386281562165412,0.9908051181175348,0.8982706747989038,0.6537500297179376,0.45520830856838534,0.6721979411121005,0.0091948818824652,Goal_C_cost,Goal C: minimize cost,1.630483141016837,fixed_RC2O_static
SplitMNIST_seed0_task4,SplitMNIST,digits,0,4,0.18525204303982962,0.0723214737618836,0.09434468433861336,0.280087776258653,0.47024766294986736,0.28950346268958566,RC2O_static,0.9670028139547133,0.999,0.999,0.512951928131854,0.5725400598901217,0.4472954570163007,0.0010000000000000009,Goal_C_cost,Goal C: minimize cost,1.8522098928329154,fixed_RC2O_static
SplitFashionMNIST_seed0_task4,SplitFashionMNIST,fashion,0,4,0.3891909280210307,0.4250609251826696,0.28062115274915805,0.43870433785264823,0.5944977679011091,0.5950286985093669,RC2O_static,0.9067573717405466,0.999,0.943622994454832,0.5796571778822395,0.5169523517648005,0.6096529182049629,0.0010000000000000009,Goal_C_cost,Goal C: minimize cost,1.752447532599931,fixed_RC2O_static
SplitKMNIST_seed0_task4,SplitKMNIST,characters,0,4,0.40891624113554775,0.3903225615493837,0.2640033016637626,0.4682722436151559,0.6226267777926504,0.6463692691921309,RC2O_static,0.9040645189072072,0.999,0.9501140624451483,0.5825091815840177,0.5145756820133186,0.6211346050964661,0.0010000000000000009,Goal_C_cost,Goal C: minimize cost,1.750798180347157,fixed_RC2O_static
RotatedMNIST_seed0_task4,RotatedMNIST,digits,0,4,0.316903101454213,0.3084488885698326,0.5559602735186167,0.4864588889082124,0.6036367545600482,0.5120282468618095,RC2O_static,0.9206871202937428,0.999,0.9066741663433784,0.5662353376422025,0.5281372186314979,0.5680720300066139,0.0010000000000000009,Goal_C_cost,Goal C: minimize cost,1.7604201938712123,fixed_RC2O_static
PermutedMNIST_seed0_task4,PermutedMNIST,digits,0,4,0.32282837326154157,0.20964190399331073,0.6424089713039788,0.532052816126734,0.5340252447673753,0.36541191909343096,RC2O_static,0.9355116777877635,0.999,0.9035946581879775,0.5746929571535934,0.5210892023720055,0.5069009909000142,0.0010000000000000009,Goal_C_cost,Goal C: minimize cost,1.750689441843697,fixed_RC2O_static
SplitCIFAR10_seed0_task4,SplitCIFAR10,natural-images,0,4,0.5878694360117495,0.5362476691695974,0.42808053014802955,0.6414781733222988,0.6354029073287497,0.8081779193625046,RC2O_static,0.8230179883397786,0.999,0.9244345500758002,0.6404960887043207,0.46625325941306606,0.7100813846789066,0.0010000000000000009,Goal_C_cost,Goal C: minimize cost,1.6515667709473802,fixed_RC2O_static
SplitCIFAR100Coarse_seed0_task4,SplitCIFAR100Coarse,natural-images,0,4,0.8029460515928258,0.6693333139351509,0.5525307134709384,0.8379991311555857,0.7794374539500976,0.9236748638044845,RC2O_static,0.7511384723847867,0.999,0.89073531064303,0.7321334102475838,0.38988882479368014,0.7745523182411873,0.0010000000000000009,Goal_C_cost,Goal C: minimize cost,1.4924081458171554,fixed_RC2O_static
SVHNContinual_seed0_task4,SVHNContinual,digits-real,0,4,0.6116274021384005,0.48522090363929393,0.6404280030619915,0.6883902639860887,0.6897716641259805,0.6590538305720246,RC2O_static,0.8402911859826505,0.999,0.8890580621421158,0.6512423158174244,0.4572980701521463,0.6455228425891957,0.0010000000000000009,Goal_C_cost,Goal C: minimize cost,1.6319502281920388,fixed_RC2O_static
SplitMNIST_seed0_task5,SplitMNIST,digits,0,5,0.13838087749215947,0.1017541802655163,0.07917179012981182,0.291401737769978,0.5356209470768569,0.24491673230835093,RC2O_static,0.995,0.999,0.9937010351340054,0.5100430647019822,0.5749641127483481,0.4343113911290509,0.0010000000000000009,Goal_C_cost,Goal C: minimize cost,1.8654579501066764,fixed_RC2O_static
SplitFashionMNIST_seed0_task5,SplitFashionMNIST,fashion,0,5,0.3677343403138047,0.42025209460791313,0.3036322937822363,0.5089304808077337,0.6334666384843415,0.6779051082656592,RC2O_static,0.9071891302501618,0.999,0.9499613620509388,0.6067479601185531,0.4943766999012057,0.6639703771277182,0.0010000000000000009,Goal_C_cost,Goal C: minimize cost,1.729181031704707,fixed_RC2O_static
SplitKMNIST_seed0_task5,SplitKMNIST,characters,0,5,0.4481963268651736,0.39685475698278444,0.3617931681967128,0.5105603466756653,0.6468182749767682,0.6687289751245816,RC2O_static,0.886986216875763,0.999,0.9324341862139636,0.6120466473928333,0.48996112717263884,0.6464940053265765,0.0010000000000000009,Goal_C_cost,Goal C: minimize cost,1.7079992663633043,fixed_RC2O_static
RotatedMNIST_seed0_task5,RotatedMNIST,digits,0,5,0.3389213900699279,0.29718176813105585,0.6149772522652208,0.5507819143121175,0.6270009190222688,0.4830783468026229,RC2O_static,0.9233770196362809,0.999,0.9061563893308038,0.5740983549928447,0.5215847041726294,0.5618741909823499,0.0010000000000000009,Goal_C_cost,Goal C: minimize cost,1.752035525900312,fixed_RC2O_static
PermutedMNIST_seed0_task5,PermutedMNIST,digits,0,5,0.35678682835845554,0.23502761334811392,0.7131178362041983,0.5830930474536621,0.5943984447707402,0.41900179837778556,RC2O_static,0.9076372945835229,0.999,0.8874511472129545,0.564607140576074,0.5294940495199383,0.5375589076405135,0.0010000000000000009,Goal_C_cost,Goal C: minimize cost,1.748522426981792,fixed_RC2O_static
SplitCIFAR10_seed0_task5,SplitCIFAR10,natural-images,0,5,0.6341080583895364,0.5049368983136355,0.4713382031398682,0.6548650410983033,0.7603690150583142,0.8191969331606075,RC2O_static,0.8271677403185265,0.9912286176099723,0.9076479717896673,0.6806578596386776,0.43278511696776856,0.7040589871779325,0.008771382390027727,Goal_C_cost,Goal C: minimize cost,1.6007298366440914,fixed_RC2O_static
SplitCIFAR100Coarse_seed0_task5,SplitCIFAR100Coarse,natural-images,0,5,0.7757683300593559,0.681560986747505,0.6234940788336261,0.7965117729626255,0.7826339626856182,0.9388151790198968,RC2O_static,0.7689258643011516,0.9928404835716187,0.870856045858684,0.7138169637898182,0.4051525301751515,0.768895427819467,0.007159516428381307,Goal_C_cost,Goal C: minimize cost,1.5259215818489622,fixed_RC2O_static
SVHNContinual_seed0_task5,SVHNContinual,digits-real,0,5,0.5924111433657719,0.4898963087480462,0.6122421565009929,0.7283905902376918,0.7335259322757786,0.626666038150048,RC2O_static,0.8270686964095502,0.999,0.8856837870892131,0.6743189779112486,0.43806751840729274,0.6435415209134138,0.0010000000000000009,Goal_C_cost,Goal C: minimize cost,1.5989971620977874,fixed_RC2O_static
SplitMNIST_seed1_task1,SplitMNIST,digits,1,1,0.1412010818066855,0.06742883692384186,0.03662732449902006,0.2533001818547762,0.2753819666529619,0.2701761282379126,RC2O_static,0.9829696793503644,0.999,0.999,0.477229832812594,0.6023084726561716,0.4569838479477444,0.0010000000000000009,Goal_C_cost,Goal C: minimize cost,1.90055117858827,fixed_RC2O_static
SplitFashionMNIST_seed1_task1,SplitFashionMNIST,fashion,1,1,0.41041833063543803,0.44375406808292506,0.19845685180309924,0.43021508820464843,0.4501174862454107,0.6209350900294169,RC2O_static,0.8763978473021639,0.999,0.9621644400378964,0.5755221558511234,0.5203982034573971,0.6155472708467113,0.0010000000000000009,Goal_C_cost,Goal C: minimize cost,1.748662443047605,fixed_RC2O_static
SplitKMNIST_seed1_task1,SplitKMNIST,characters,1,1,0.40992842836207904,0.4100721449511301,0.2139282124714011,0.45890837737958257,0.41630854200454764,0.7081277651824076,RC2O_static,0.8891497741697341,0.999,0.967531435281348,0.5714260677806962,0.5238116101827532,0.6546024308927147,0.0010000000000000009,Goal_C_cost,Goal C: minimize cost,1.7642561740327056,fixed_RC2O_static
RotatedMNIST_seed1_task1,RotatedMNIST,digits,1,1,0.2906920235384069,0.28477477584893685,0.42585316826160313,0.42793214578729544,0.3817029377995565,0.469784728151274,RC2O_static,0.9211443807207214,0.999,0.9342211614356961,0.5232930026169359,0.5639224978192201,0.5455942177432715,0.0010000000000000009,Goal_C_cost,Goal C: minimize cost,1.813575055513523,fixed_RC2O_static
PermutedMNIST_seed1_task1,PermutedMNIST,digits,1,1,0.3210417234032721,0.2513543414975021,0.5150454782616497,0.4946254982190633,0.3762536837102827,0.44703333662785005,RC2O_static,0.9202938284452369,0.999,0.9228739470294516,0.5390624998693921,0.5507812501088398,0.5469409726441593,0.0010000000000000009,Goal_C_cost,Goal C: minimize cost,1.7927494944690692,fixed_RC2O_static
SplitCIFAR10_seed1_task1,SplitCIFAR10,natural-images,1,1,0.5896277139646589,0.5563696010624222,0.2948426931429208,0.6256854474364846,0.45306153223791623,0.7156946476662303,RC2O_static,0.8391558010858708,0.999,0.9411974213090699,0.6214748388036361,0.4821043009969699,0.6716870883243478,0.0010000000000000009,Goal_C_cost,Goal C: minimize cost,1.6805789809942535,fixed_RC2O_static
SplitCIFAR100Coarse_seed1_task1,SplitCIFAR100Coarse,natural-images,1,1,0.7691142062934752,0.6985454725455252,0.352806142848499,0.7414296450316046,0.6114983021682535,0.9177840209929593,RC2O_static,0.780698409122131,0.9972169128891994,0.917559262815631,0.6830426034631139,0.43079783044740505,0.7708930316128353,0.002783087110800553,Goal_C_cost,Goal C: minimize cost,1.588322334098697,fixed_RC2O_static
SVHNContinual_seed1_task1,SVHNContinual,digits-real,1,1,0.6031366885636421,0.4732479189147264,0.39831940376209096,0.635248138004372,0.5116579205083807,0.7142319997056367,RC2O_static,0.8160251278125132,0.999,0.9206061189732893,0.6419181545957049,0.4650682045035792,0.6655708369038534,0.0010000000000000009,Goal_C_cost,Goal C: minimize cost,1.6414119970291705,fixed_RC2O_static
SplitMNIST_seed1_task2,SplitMNIST,digits,1,2,0.16244999488984335,0.10986911560568266,0.10217055774717239,0.26280959472266235,0.36817537936074735,0.33808761072364724,RC2O_static,0.9759725384630873,0.999,0.999,0.4992147148287318,0.5839877376427235,0.47715588506657436,0.0010000000000000009,Goal_C_cost,Goal C: minimize cost,1.8746866766327235,fixed_RC2O_static
SplitFashionMNIST_seed1_task2,SplitFashionMNIST,fashion,1,2,0.4315114128310036,0.441533418061148,0.25035097779407656,0.4887921037892913,0.47459758513169953,0.5960761947807884,RC2O_static,0.8901693094659318,0.999,0.9525808219363607,0.5584115070627852,0.534657077447679,0.6346443258706622,0.0010000000000000009,Goal_C_cost,Goal C: minimize cost,1.7736228818851922,fixed_RC2O_static
SplitKMNIST_seed1_task2,SplitKMNIST,characters,1,2,0.4656656983473609,0.3473480689464505,0.26080713549801476,0.49181373716337656,0.5040878402945852,0.5848600686180363,RC2O_static,0.8974644465014023,0.999,0.9624098448547793,0.5847775916151309,0.5126853403207243,0.5973076446840022,0.0010000000000000009,Goal_C_cost,Goal C: minimize cost,1.7459674360407038,fixed_RC2O_static
RotatedMNIST_seed1_task2,RotatedMNIST,digits,1,2,0.3265682319593292,0.2789012436695616,0.5441066649648169,0.5538402914421798,0.4996565756466801,0.5012156463283127,RC2O_static,0.913785482218199,0.999,0.911021824435607,0.5611426230218417,0.5323811474817985,0.5850972982405842,0.0010000000000000009,Goal_C_cost,Goal C: minimize cost,1.7658332020315777,fixed_RC2O_static
PermutedMNIST_seed1_task2,PermutedMNIST,digits,1,2,0.31306995848012326,0.2647169260343134,0.5039710459105972,0.5009038266173627,0.4969106352354117,0.5139940208212204,RC2O_static,0.9287271490865388,0.999,0.9227023719195442,0.5568321090335601,0.5359732424720333,0.5609401444560445,0.0010000000000000009,Goal_C_cost,Goal C: minimize cost,1.7779107018516778,fixed_RC2O_static
SplitCIFAR10_seed1_task2,SplitCIFAR10,natural-images,1,2,0.6253031061571721,0.5887812447262923,0.27882544326857994,0.6106002449812726,0.6112840535218916,0.7929443735764788,RC2O_static,0.8403401678653277,0.999,0.9358643937732491,0.6572108172339319,0.4523243189717233,0.7175527273272487,0.0010000000000000009,Goal_C_cost,Goal C: minimize cost,1.644162277327261,fixed_RC2O_static
SplitCIFAR100Coarse_seed1_task2,SplitCIFAR100Coarse,natural-images,1,2,0.8131131115253547,0.6727614997841525,0.43902156199287384,0.7452575117226714,0.6623221628899711,0.9498368631491109,RC2O_static,0.768754812976937,0.9973858800085047,0.8955654242221185,0.705273169917011,0.4122723584024909,0.7935830601907461,0.0026141199914953006,Goal_C_cost,Goal C: minimize cost,1.5497322048193323,fixed_RC2O_static
SVHNContinual_seed1_task2,SVHNContinual,digits-real,1,2,0.5860008705986327,0.46468216528598055,0.5558026677902348,0.6741227598033842,0.5761773171410235,0.6649684074015767,RC2O_static,0.8449047553678315,0.999,0.896683299365181,0.6372511266937917,0.46895739442184026,0.6420589756093689,0.0010000000000000009,Goal_C_cost,Goal C: minimize cost,1.6513263447872406,fixed_RC2O_static
SplitMNIST_seed1_task3,SplitMNIST,digits,1,3,0.1840498088315293,0.09953857297524371,0.09774200012531535,0.2699265100771329,0.38713672990923864,0.2684318691796249,RC2O_static,0.9708819600875236,0.999,0.999,0.5134661766753424,0.5721115194372146,0.4553325582168608,0.0010000000000000009,Goal_C_cost,Goal C: minimize cost,1.8541806891013115,fixed_RC2O_static
SplitFashionMNIST_seed1_task3,SplitFashionMNIST,fashion,1,3,0.36552637014116496,0.48694053026354267,0.2614808878770518,0.39933448249222075,0.49048393723552836,0.6309231452777158,RC2O_static,0.9080692301288151,0.999,0.939980323849452,0.5812005539854084,0.5156662050121597,0.6339366086629541,0.0010000000000000009,Goal_C_cost,Goal C: minimize cost,1.7528192721530407,fixed_RC2O_static
SplitKMNIST_seed1_task3,SplitKMNIST,characters,1,3,0.431881273228102,0.3757576381290579,0.3521853195438866,0.49430772849060095,0.5244671595124806,0.6591911401736178,RC2O_static,0.8993387385972778,0.999,0.942324980633644,0.5959931082159248,0.5033390764867294,0.641046145728091,0.0010000000000000009,Goal_C_cost,Goal C: minimize cost,1.7335460453570797,fixed_RC2O_static
RotatedMNIST_seed1_task3,RotatedMNIST,digits,1,3,0.32670573425184485,0.32451877748576796,0.4869325951830318,0.4963206837439743,0.5159352054760277,0.6044239330605587,RC2O_static,0.9132576110367006,0.999,0.920605503567373,0.5586686156009246,0.5344428203325629,0.6109408451594616,0.0010000000000000009,Goal_C_cost,Goal C: minimize cost,1.7733591928232644,fixed_RC2O_static
PermutedMNIST_seed1_task3,PermutedMNIST,digits,1,3,0.3463406319390595,0.23080609365980087,0.5907726257952066,0.5327731515677512,0.4725150457372488,0.4709169165108234,RC2O_static,0.9188064165068754,0.999,0.9122829788931253,0.5666987274163614,0.5277510604863656,0.5406938006160509,0.0010000000000000009,Goal_C_cost,Goal C: minimize cost,1.757716943869574,fixed_RC2O_static
SplitCIFAR10_seed1_task3,SplitCIFAR10,natural-images,1,3,0.6554451046891967,0.5882470330735468,0.4473537773161577,0.667943574963561,0.6110606447596912,0.7580463244379467,RC2O_static,0.8218299845629589,0.9938955126159212,0.9160844990163983,0.6555473141457624,0.453710571545198,0.7005839671011408,0.006104487384078761,Goal_C_cost,Goal C: minimize cost,1.6292757155191349,fixed_RC2O_static
SplitCIFAR100Coarse_seed1_task3,SplitCIFAR100Coarse,natural-images,1,3,0.7918281031699116,0.6931600126146504,0.5162677364520123,0.7243649381211288,0.7163780334006072,0.9975914102186239,RC2O_static,0.7754788557983348,0.999,0.8956272584747391,0.7334181891717506,0.3888181756902078,0.8260362933834705,0.0010000000000000009,Goal_C_cost,Goal C: minimize cost,1.5072024427729516,fixed_RC2O_static
SVHNContinual_seed1_task3,SVHNContinual,digits-real,1,3,0.6164853751164437,0.5207570971588229,0.5476872805723473,0.6276024382509342,0.6201201942979018,0.7058778860762227,RC2O_static,0.8472716444384814,0.999,0.9108440231982562,0.6601747965935257,0.44985433617206183,0.6723507432844507,0.0010000000000000009,Goal_C_cost,Goal C: minimize cost,1.6331716739576092,fixed_RC2O_static
SplitMNIST_seed1_task4,SplitMNIST,digits,1,4,0.20195450084444358,0.07471616778281728,0.18807453512544722,0.28107126478444927,0.5047457731895469,0.2615865195679625,RC2O_static,0.9763088801274244,0.999,0.9827124794349498,0.512110167084974,0.5732415274291882,0.4570354724206025,0.0010000000000000009,Goal_C_cost,Goal C: minimize cost,1.8542467251875427,fixed_RC2O_static
SplitFashionMNIST_seed1_task4,SplitFashionMNIST,fashion,1,4,0.39131769793887156,0.547123078620316,0.25933227393754826,0.44635952801099865,0.5947686714736051,0.6647997021294646,RC2O_static,0.8939723687783752,0.999,0.9303232993347545,0.5713212871380908,0.5238989273849243,0.6629447977529778,0.0010000000000000009,Goal_C_cost,Goal C: minimize cost,1.758076422528903,fixed_RC2O_static
SplitKMNIST_seed1_task4,SplitKMNIST,characters,1,4,0.4120980908295716,0.37353689742943746,0.2620260216520839,0.47827367604779275,0.5399584643513752,0.6925469090122468,RC2O_static,0.9003779999989798,0.999,0.9568748299018335,0.58723337886557,0.5106388509453583,0.6457020426212415,0.0010000000000000009,Goal_C_cost,Goal C: minimize cost,1.7479714605133572,fixed_RC2O_static
RotatedMNIST_seed1_task4,RotatedMNIST,digits,1,4,0.29016477051897926,0.3143753478234113,0.559948835798045,0.5234075399151786,0.5205772712950277,0.5441774823084808,RC2O_static,0.9493768541284486,0.999,0.9110506994167118,0.549130446514717,0.5423912945710692,0.5776695680091518,0.0010000000000000009,Goal_C_cost,Goal C: minimize cost,1.7946274636838384,fixed_RC2O_static
PermutedMNIST_seed1_task4,PermutedMNIST,digits,1,4,0.34234954901552295,0.2300218736109157,0.6576161305897169,0.5786080759254457,0.5343438022162803,0.48260954030143677,RC2O_static,0.9182068855204497,0.999,0.8982883214676534,0.5561304113731741,0.536557990522355,0.5315003501433431,0.0010000000000000009,Goal_C_cost,Goal C: minimize cost,1.7649185010706292,fixed_RC2O_static
SplitCIFAR10_seed1_task4,SplitCIFAR10,natural-images,1,4,0.6308233085156676,0.5878155453697678,0.3718970344032895,0.629110995507831,0.6733343965800674,0.7991907299821233,RC2O_static,0.828102117572254,0.999,0.9198341473905964,0.6722984605263733,0.4397512828946889,0.7124422548654684,0.0010000000000000009,Goal_C_cost,Goal C: minimize cost,1.6171629471495403,fixed_RC2O_static
SplitCIFAR100Coarse_seed1_task4,SplitCIFAR100Coarse,natural-images,1,4,0.79002626300174,0.6342717682706962,0.5014316793151644,0.7719438695355011,0.785331289664574,0.9448725395949185,RC2O_static,0.7775603881877198,0.999,0.8910573739057501,0.7328478284725841,0.3892934762728465,0.7677067198669631,0.0010000000000000009,Goal_C_cost,Goal C: minimize cost,1.5022902393218094,fixed_RC2O_static
SVHNContinual_seed1_task4,SVHNContinual,digits-real,1,4,0.5603237787616734,0.5023999556018484,0.6071717971843381,0.6421228253161184,0.678624187247489,0.6720337546464061,RC2O_static,0.8320691391883897,0.9975527459545062,0.9016689609507678,0.6426392194956193,0.46446731708698386,0.657318343735707,0.0024472540454938407,Goal_C_cost,Goal C: minimize cost,1.6417545263975435,fixed_RC2O_static
SplitMNIST_seed1_task5,SplitMNIST,digits,1,5,0.1692596978520151,0.1300871711100096,0.04376918222847759,0.28291567121049416,0.5532403417290499,0.2833544591222786,RC2O_static,0.9823032531475666,0.999,0.999,0.520751683002246,0.566040264164795,0.4681216563867693,0.0010000000000000009,Goal_C_cost,Goal C: minimize cost,1.8524029861775553,fixed_RC2O_static
SplitFashionMNIST_seed1_task5,SplitFashionMNIST,fashion,1,5,0.38662635374056525,0.458214248691706,0.2655645480135361,0.4315922477060668,0.6044013611056935,0.6732835197486579,RC2O_static,0.8947275000691199,0.999,0.9498061574392913,0.5731785086227494,0.5223512428143755,0.6458620247025832,0.0010000000000000009,Goal_C_cost,Goal C: minimize cost,1.759489294660592,fixed_RC2O_static
SplitKMNIST_seed1_task5,SplitKMNIST,characters,1,5,0.40349277794386396,0.442321042302932,0.34212448310162924,0.4574136362948369,0.5870531915490932,0.6583080456633699,RC2O_static,0.8985844983148525,0.999,0.9366460968463037,0.6014820017219609,0.49876499856503254,0.6356597782244187,0.0010000000000000009,Goal_C_cost,Goal C: minimize cost,1.7250732743384953,fixed_RC2O_static
RotatedMNIST_seed1_task5,RotatedMNIST,digits,1,5,0.35676060850946123,0.2875568893258405,0.7002950742487211,0.5671393659994899,0.568213593706577,0.49832062388410486,RC2O_static,0.91420730788276,0.999,0.8988699944265433,0.5659787739696571,0.5283510216919524,0.5697060838299797,0.0010000000000000009,Goal_C_cost,Goal C: minimize cost,1.7560052748210115,fixed_RC2O_static
PermutedMNIST_seed1_task5,PermutedMNIST,digits,1,5,0.3209297170788323,0.2917281388036251,0.654555480115323,0.5521461113558415,0.5843251734683311,0.480321285346126,RC2O_static,0.9232325009513744,0.9976843214110933,0.8997474400071641,0.573826290639421,0.5218114244671491,0.5473856852466329,0.002315678588906689,Goal_C_cost,Goal C: minimize cost,1.7487649894791069,fixed_RC2O_static
SplitCIFAR10_seed1_task5,SplitCIFAR10,natural-images,1,5,0.6330664908622213,0.5496347766142244,0.45894260361929456,0.6498391324986418,0.6988371954646971,0.7767976022631671,RC2O_static,0.8248790061884657,0.999,0.9064927529522915,0.6604355226523769,0.44963706445635254,0.7010986596047104,0.0010000000000000009,Goal_C_cost,Goal C: minimize cost,1.6245886439994293,fixed_RC2O_static
SplitCIFAR100Coarse_seed1_task5,SplitCIFAR100Coarse,natural-images,1,5,0.7710723221501569,0.6594913764709285,0.5727920113514886,0.7489437563131799,0.7742575306729389,1.0,RC2O_static,0.7707482300734743,0.999,0.8854833585084645,0.7291755734954981,0.39235368875375154,0.7982541983235724,0.0010000000000000009,Goal_C_cost,Goal C: minimize cost,1.5080145465812123,fixed_RC2O_static
SVHNContinual_seed1_task5,SVHNContinual,digits-real,1,5,0.5903521956629811,0.4691885850278141,0.6312688681712095,0.7002632692622633,0.7576513044512806,0.726902149280249,RC2O_static,0.8441047387934959,0.999,0.8831413056187132,0.677246917362414,0.4356275688646549,0.6756731177194762,0.0010000000000000009,Goal_C_cost,Goal C: minimize cost,1.6059469886009832,fixed_RC2O_static
SplitMNIST_seed2_task1,SplitMNIST,digits,2,1,0.1507801433555985,0.10143014859189539,0.10364652376207192,0.25143092818134644,0.25052565757441186,0.29300366907885467,RC2O_static,0.9897530695884635,0.999,0.999,0.4651442562003182,0.6123797864997349,0.48260069947804685,0.0010000000000000009,Goal_C_cost,Goal C: minimize cost,1.9197616630372554,fixed_RC2O_static
SplitFashionMNIST_seed2_task1,SplitFashionMNIST,fashion,2,1,0.40066181276053725,0.44507347271644654,0.23451611494557628,0.49357430232011024,0.46596749632275475,0.6259836226917374,RC2O_static,0.8949835005222655,0.999,0.95047216059409,0.5771665070103017,0.5190279108247486,0.630327595084179,0.0010000000000000009,Goal_C_cost,Goal C: minimize cost,1.7537310545053706,fixed_RC2O_static
SplitKMNIST_seed2_task1,SplitKMNIST,characters,2,1,0.42719807237425006,0.3487060136998262,0.22863562740492877,0.4456931286766152,0.4539620862151731,0.6687945289807565,RC2O_static,0.90121431606041,0.999,0.9585404345387989,0.5727573527849891,0.522702206012509,0.6235139860858189,0.0010000000000000009,Goal_C_cost,Goal C: minimize cost,1.7628309275873533,fixed_RC2O_static
RotatedMNIST_seed2_task1,RotatedMNIST,digits,2,1,0.29905518199764436,0.24021535026139512,0.4189602067701992,0.43305401150068684,0.39140195709833486,0.4965692580761236,RC2O_static,0.9409817548348594,0.999,0.9409634188507376,0.538399418755833,0.5513338177034726,0.567094960866465,0.0010000000000000009,Goal_C_cost,Goal C: minimize cost,1.8093427943747056,fixed_RC2O_static
PermutedMNIST_seed2_task1,PermutedMNIST,digits,2,1,0.35564727080584174,0.2700683468630563,0.5196930200663868,0.5310528670180544,0.4328877374827303,0.4748950457832441,RC2O_static,0.922639776105135,0.999,0.9174373807165292,0.5542890216115264,0.5380924819903947,0.5476860149039456,0.0010000000000000009,Goal_C_cost,Goal C: minimize cost,1.7753906966038704,fixed_RC2O_static
SplitCIFAR10_seed2_task1,SplitCIFAR10,natural-images,2,1,0.661393144674172,0.5374582613657736,0.3086905319695931,0.6010293017472977,0.565551180590767,0.8651676801165903,RC2O_static,0.8266659535040672,0.999,0.9365722541714827,0.6425796239935959,0.4645169800053367,0.7338171821548547,0.0010000000000000009,Goal_C_cost,Goal C: minimize cost,1.656272383842391,fixed_RC2O_static
SplitCIFAR100Coarse_seed2_task1,SplitCIFAR100Coarse,natural-images,2,1,0.7809010999956233,0.7020395691474365,0.37977316069236355,0.7410627283934746,0.5701814880887224,0.9190468780122998,RC2O_static,0.7696668546217684,0.9972287610659716,0.908577437403989,0.6949079635979856,0.42091003033501195,0.7604000816673995,0.0027712389340284194,Goal_C_cost,Goal C: minimize cost,1.5650150803937783,fixed_RC2O_static
SVHNContinual_seed2_task1,SVHNContinual,digits-real,2,1,0.5633665041161232,0.49161761621344774,0.41842074233600424,0.6137620287423091,0.530404015444869,0.7436268985579215,RC2O_static,0.839806641932948,0.999,0.9256789306428082,0.6304426706721705,0.4746311077731912,0.6877484749448771,0.0010000000000000009,Goal_C_cost,Goal C: minimize cost,1.6685095645188244,fixed_RC2O_static
SplitMNIST_seed2_task2,SplitMNIST,digits,2,2,0.1365161113011586,0.14243491765981306,0.09481523943490536,0.2925785030959676,0.37966421567921416,0.32895464078270453,RC2O_static,0.995,0.999,0.999,0.4889692986124722,0.5925255844896065,0.4886044287841418,0.0010000000000000009,Goal_C_cost,Goal C: minimize cost,1.8959199819393828,fixed_RC2O_static
SplitFashionMNIST_seed2_task2,SplitFashionMNIST,fashion,2,2,0.39216592874978384,0.4538230682910619,0.18612280836677741,0.45478541262715566,0.5212691123254068,0.593641328389066,RC2O_static,0.8931528055971587,0.999,0.9485619478695062,0.5859851827705498,0.5116790143578751,0.6198146599320052,0.0010000000000000009,Goal_C_cost,Goal C: minimize cost,1.74145738486243,fixed_RC2O_static
SplitKMNIST_seed2_task2,SplitKMNIST,characters,2,2,0.42528538715278313,0.399671535183187,0.23936537298814345,0.4493722474532167,0.39241707474120685,0.7147251254701994,RC2O_static,0.9094364315365884,0.999,0.9525129473279703,0.5804578665064534,0.5162851112446222,0.6623627083986561,0.0010000000000000009,Goal_C_cost,Goal C: minimize cost,1.760245802043563,fixed_RC2O_static
RotatedMNIST_seed2_task2,RotatedMNIST,digits,2,2,0.30634692278281694,0.29474536505159943,0.49925974012136975,0.4582301474189383,0.3849378045078447,0.599756383213272,RC2O_static,0.9398858856385344,0.999,0.9308175384549588,0.5362734365477189,0.5531054695435675,0.6028287049846368,0.0010000000000000009,Goal_C_cost,Goal C: minimize cost,1.81227828753336,fixed_RC2O_static
PermutedMNIST_seed2_task2,PermutedMNIST,digits,2,2,0.2930926218820866,0.26513863182659847,0.538288909866798,0.47181237922283215,0.42558731343906153,0.46164923669534397,RC2O_static,0.9225938862317842,0.999,0.9227441390542117,0.5361924985546443,0.5531729178711298,0.5436272427195126,0.0010000000000000009,Goal_C_cost,Goal C: minimize cost,1.7966494469658323,fixed_RC2O_static
SplitCIFAR10_seed2_task2,SplitCIFAR10,natural-images,2,2,0.5851627668696491,0.5232021127120186,0.33013044317168483,0.5981258369970281,0.5623650595625325,0.7264191142421776,RC2O_static,0.8330554327404514,0.999,0.9250741297735405,0.6421200017713067,0.46489999852391106,0.6873012191207742,0.0010000000000000009,Goal_C_cost,Goal C: minimize cost,1.6521385970959455,fixed_RC2O_static
SplitCIFAR100Coarse_seed2_task2,SplitCIFAR100Coarse,natural-images,2,2,0.7268590118434352,0.6658653819845225,0.4985588187173504,0.7342935034705377,0.6817924365092294,0.8612412365328956,RC2O_static,0.798577136129563,0.9940088779159888,0.8920479601567544,0.70176027567986,0.41519977026678334,0.7329588811789283,0.005991122084011202,Goal_C_cost,Goal C: minimize cost,1.5603023097648303,fixed_RC2O_static
SVHNContinual_seed2_task2,SVHNContinual,digits-real,2,2,0.5494469091915636,0.4769299570497869,0.48815515982766144,0.6324788526817721,0.5090973516548516,0.7138743559923201,RC2O_static,0.8549982172090043,0.999,0.9046363514409741,0.6275565889536402,0.47703617587196645,0.6684663652361685,0.0010000000000000009,Goal_C_cost,Goal C: minimize cost,1.671403759555067,fixed_RC2O_static
SplitMNIST_seed2_task3,SplitMNIST,digits,2,3,0.13105550003207225,0.09982958088337249,0.09302547359785406,0.2506102464554514,0.44921137140839845,0.28391218910984756,RC2O_static,0.995,0.999,0.999,0.5001006973561064,0.5832494188699113,0.45315946696926934,0.0010000000000000009,Goal_C_cost,Goal C: minimize cost,1.8798526621713072,fixed_RC2O_static
SplitFashionMNIST_seed2_task3,SplitFashionMNIST,fashion,2,3,0.33381395994618895,0.4484938036471359,0.3247690321046144,0.43089290508965405,0.48087416635062086,0.6437575716903422,RC2O_static,0.9242464337942509,0.999,0.9425419060923883,0.5513480342166366,0.5405433048194694,0.6399260865704965,0.0010000000000000009,Goal_C_cost,Goal C: minimize cost,1.7949224418938434,fixed_RC2O_static
SplitKMNIST_seed2_task3,SplitKMNIST,characters,2,3,0.44315128387095176,0.3898499322321634,0.2759205480314769,0.50993628938514,0.5346919238343283,0.6518361451328278,RC2O_static,0.8861626871177457,0.999,0.9539801498812102,0.5829496423510868,0.5142086313740943,0.6195796608314607,0.0010000000000000009,Goal_C_cost,Goal C: minimize cost,1.7430578651114614,fixed_RC2O_static
RotatedMNIST_seed2_task3,RotatedMNIST,digits,2,3,0.38369785565266634,0.2562452672010205,0.5218404293164506,0.6161409794628477,0.5144939908682541,0.47947962233296765,RC2O_static,0.9142666351140105,0.999,0.9211022820773713,0.5813788915881444,0.515517590343213,0.5648958687564726,0.0010000000000000009,Goal_C_cost,Goal C: minimize cost,1.7437838901596323,fixed_RC2O_static
PermutedMNIST_seed2_task3,PermutedMNIST,digits,2,3,0.3603518485788121,0.25801184558844326,0.5608335648905618,0.5697349258848045,0.5285975825049662,0.4010021556687567,RC2O_static,0.9117192127371476,0.999,0.9201997663201251,0.5611964792070641,0.5323362673274465,0.5313277047471515,0.0010000000000000009,Goal_C_cost,Goal C: minimize cost,1.7617603186785158,fixed_RC2O_static
SplitCIFAR10_seed2_task3,SplitCIFAR10,natural-images,2,3,0.6096594993657131,0.5145184151305742,0.35191651081777336,0.6223468321924149,0.5596230206377104,0.7759311084609678,RC2O_static,0.8380665476887601,0.999,0.9243276003050689,0.6448292524068028,0.46264228966099763,0.6906645330018405,0.0010000000000000009,Goal_C_cost,Goal C: minimize cost,1.6514953908787402,fixed_RC2O_static
SplitCIFAR100Coarse_seed2_task3,SplitCIFAR100Coarse,natural-images,2,3,0.7629835268947399,0.6952627324404606,0.48484518505244173,0.7212045645047555,0.6907043340877023,1.0,RC2O_static,0.7783203898975224,0.999,0.9065049472295994,0.7053776574005837,0.4121852854995136,0.793305225081094,0.0010000000000000009,Goal_C_cost,Goal C: minimize cost,1.5571488662326065,fixed_RC2O_static
SVHNContinual_seed2_task3,SVHNContinual,digits-real,2,3,0.5916505508407276,0.5393765274060061,0.5405137326594532,0.6652699218870556,0.5686688851089744,0.6778270285155533,RC2O_static,0.8337968235292417,0.999,0.90363386862395,0.6402984167535274,0.4664179860387272,0.6682136440146239,0.0010000000000000009,Goal_C_cost,Goal C: minimize cost,1.6472526832978904,fixed_RC2O_static
SplitMNIST_seed2_task4,SplitMNIST,digits,2,4,0.13738382373373115,0.10924384599934318,0.13620155681204676,0.2830131575003036,0.4605991464890704,0.2603136777211199,RC2O_static,0.995,0.999,0.9928611214927299,0.48752268745688976,0.5937310937859253,0.4418947467763412,0.0010000000000000009,Goal_C_cost,Goal C: minimize cost,1.8913417316618157,fixed_RC2O_static
SplitFashionMNIST_seed2_task4,SplitFashionMNIST,fashion,2,4,0.34879615488155685,0.43840755381884255,0.2974896509765069,0.4603351524623008,0.5632812529506968,0.5830948914637215,RC2O_static,0.9238198292215154,0.999,0.9419993230478811,0.5646736730078717,0.5294386058267735,0.6144420565159026,0.0010000000000000009,Goal_C_cost,Goal C: minimize cost,1.7770550774293867,fixed_RC2O_static
SplitKMNIST_seed2_task4,SplitKMNIST,characters,2,4,0.4171748913023331,0.39951542961623554,0.23064403471024197,0.4631496639727843,0.6013195761110102,0.740621615898952,RC2O_static,0.9051688990046627,0.999,0.9482664370344169,0.5945985884524514,0.5045011762896239,0.6819521837107534,0.0010000000000000009,Goal_C_cost,Goal C: minimize cost,1.74331442017277,fixed_RC2O_static
RotatedMNIST_seed2_task4,RotatedMNIST,digits,2,4,0.3055541788029402,0.33533133754924893,0.639310383173817,0.5548312180807138,0.5475193705356831,0.5446682920014587,RC2O_static,0.9298421537243466,0.999,0.9028013460269428,0.5607334163963894,0.5327221530030088,0.5881987338739139,0.0010000000000000009,Goal_C_cost,Goal C: minimize cost,1.771774085624145,fixed_RC2O_static
PermutedMNIST_seed2_task4,PermutedMNIST,digits,2,4,0.3381023515310466,0.20095131843887665,0.6350835055932001,0.5750952786046599,0.5526345683387371,0.5301728148520302,RC2O_static,0.9015125881902095,0.999,0.9184371810381149,0.5661821483275985,0.5281815430603345,0.5702010604564315,0.0010000000000000009,Goal_C_cost,Goal C: minimize cost,1.7550051491222178,fixed_RC2O_static
SplitCIFAR10_seed2_task4,SplitCIFAR10,natural-images,2,4,0.600254479537546,0.5345108443191785,0.3459247753101631,0.5800591383893343,0.7285238170213131,0.7777004361785671,RC2O_static,0.8372719391067396,0.999,0.9254300003644169,0.6664983963608132,0.4445846696993223,0.6995981279469549,0.0010000000000000009,Goal_C_cost,Goal C: minimize cost,1.6279289895779177,fixed_RC2O_static
SplitCIFAR100Coarse_seed2_task4,SplitCIFAR100Coarse,natural-images,2,4,0.809740989495605,0.6497017512715937,0.5346875795765424,0.7819835200817745,0.8176403667231928,0.9261845263853163,RC2O_static,0.7651258562997592,0.9952749026177219,0.8881967579234693,0.7350020610780899,0.3874982824349251,0.7677269294496527,0.0047250973822781095,Goal_C_cost,Goal C: minimize cost,1.4903956011813726,fixed_RC2O_static
SVHNContinual_seed2_task4,SVHNContinual,digits-real,2,4,0.6054168524096235,0.4402486173425707,0.584809549447483,0.7169600676696432,0.6859853563238327,0.7320834963577217,RC2O_static,0.8233409818433362,0.999,0.894039231671238,0.6607687939909808,0.4493593383408493,0.6801105173635266,0.0010000000000000009,Goal_C_cost,Goal C: minimize cost,1.6183094082438099,fixed_RC2O_static
SplitMNIST_seed2_task5,SplitMNIST,digits,2,5,0.16578543635245707,0.08656289809072543,0.0703648019899094,0.23910474420137484,0.5305612994085463,0.22195612573013107,RC2O_static,0.995,0.999,0.999,0.5236843330536239,0.56359638912198,0.43425293335286375,0.0010000000000000009,Goal_C_cost,Goal C: minimize cost,1.8514304186499593,fixed_RC2O_static
SplitFashionMNIST_seed2_task5,SplitFashionMNIST,fashion,2,5,0.39196661973560215,0.4454242140808284,0.322400358867788,0.4448126524856268,0.6654346754208411,0.6319252679584378,RC2O_static,0.8894931795282524,0.999,0.9456824891430757,0.5838658982135384,0.5134450848220513,0.624576164697866,0.0010000000000000009,Goal_C_cost,Goal C: minimize cost,1.7419510340530384,fixed_RC2O_static
SplitKMNIST_seed2_task5,SplitKMNIST,characters,2,5,0.405533564988147,0.42400395908272387,0.2782049246685278,0.5088181177462999,0.6082951631897321,0.6749329854884509,RC2O_static,0.8895300121466561,0.999,0.9575806007277365,0.5941734390805297,0.504855467432892,0.6432841146707469,0.0010000000000000009,Goal_C_cost,Goal C: minimize cost,1.7352169481494082,fixed_RC2O_static
RotatedMNIST_seed2_task5,RotatedMNIST,digits,2,5,0.29712818802523316,0.2651522475836035,0.6546767615313087,0.556483192363537,0.604278561938093,0.4555226574406656,RC2O_static,0.9318232565366795,0.999,0.9031519819974971,0.5632077262300942,0.5306602281415882,0.5516687801298664,0.0010000000000000009,Goal_C_cost,Goal C: minimize cost,1.766316646945011,fixed_RC2O_static
PermutedMNIST_seed2_task5,PermutedMNIST,digits,2,5,0.3313433139057956,0.23689558228135443,0.7452047422217002,0.6080564239666443,0.5906853038024131,0.43953071997894394,RC2O_static,0.9280573126660581,0.999,0.8755385062260239,0.5827129682908534,0.5144058597576222,0.5300034127826694,0.0010000000000000009,Goal_C_cost,Goal C: minimize cost,1.733608669207289,fixed_RC2O_static
SplitCIFAR10_seed2_task5,SplitCIFAR10,natural-images,2,5,0.6134587030524706,0.615544494811624,0.44223219757419086,0.6513766548607212,0.7275055641287176,0.8241851235922791,RC2O_static,0.8265101159370405,0.999,0.9114563459763911,0.6729213504930357,0.4392322079224702,0.7182736769729173,0.0010000000000000009,Goal_C_cost,Goal C: minimize cost,1.6142344870583925,fixed_RC2O_static
SplitCIFAR100Coarse_seed2_task5,SplitCIFAR100Coarse,natural-images,2,5,0.8266684095557615,0.6705958799598599,0.5564168615163934,0.7518494344203964,0.8630383594402056,0.8793962754653915,RC2O_static,0.7588097820054238,0.9945488090033721,0.8798433546938595,0.758081639605312,0.3682653003289066,0.7462889658417132,0.0054511909966279415,Goal_C_cost,Goal C: minimize cost,1.4325304362076505,fixed_RC2O_static
SVHNContinual_seed2_task5,SVHNContinual,digits-real,2,5,0.5637446887187041,0.4828944407860259,0.6659409216932358,0.7199501451213391,0.7321347609083925,0.7182448902972433,RC2O_static,0.8474107304071186,0.9976295471760395,0.8695010467034787,0.6681610048488967,0.4431991626259194,0.6649342360998313,0.002370452823960534,Goal_C_cost,Goal C: minimize cost,1.6126927250256613,fixed_RC2O_static
SplitMNIST_seed3_task1,SplitMNIST,digits,3,1,0.1506632545106428,0.051252823767483156,0.09347500297465011,0.2663096168897839,0.36583140828415367,0.22791095413219348,RC2O_static,0.995,0.999,0.999,0.49016251874131167,0.5915312343822403,0.4307389316607966,0.0010000000000000009,Goal_C_cost,Goal C: minimize cost,1.888791059582104,fixed_RC2O_static
SplitFashionMNIST_seed3_task1,SplitFashionMNIST,fashion,3,1,0.3473075384596984,0.47122468177423193,0.18794863524914446,0.4416778440139004,0.3542761899153115,0.6677035764531971,RC2O_static,0.9233220958134187,0.999,0.9528200069027397,0.5337298261553817,0.5552251448705152,0.651857511715604,0.0010000000000000009,Goal_C_cost,Goal C: minimize cost,1.8180896415884793,fixed_RC2O_static
SplitKMNIST_seed3_task1,SplitKMNIST,characters,3,1,0.40629817004638485,0.45347238061182815,0.20499594246631953,0.47062460701617226,0.3828470534109738,0.669444259074977,RC2O_static,0.9015261430940076,0.999,0.9529187217747561,0.5651613834373992,0.529032180468834,0.6492200453634914,0.0010000000000000009,Goal_C_cost,Goal C: minimize cost,1.7726818930052677,fixed_RC2O_static
RotatedMNIST_seed3_task1,RotatedMNIST,digits,3,1,0.3029037128036037,0.29056326059711496,0.47546407004769914,0.47774386648937417,0.3609400408615923,0.5413663043500635,RC2O_static,0.9294781692199932,0.999,0.9241831987791418,0.5340168156948244,0.5549859869209797,0.5798535204226425,0.0010000000000000009,Goal_C_cost,Goal C: minimize cost,1.8061774102293693,fixed_RC2O_static
PermutedMNIST_seed3_task1,PermutedMNIST,digits,3,1,0.33820233143031536,0.2809247648164643,0.47705112182143433,0.5320313038262525,0.39011132638679985,0.4431487645799913,RC2O_static,0.9122662518040456,0.999,0.9248312206697176,0.5531466377886823,0.5390444685094313,0.5321854876345312,0.0010000000000000009,Goal_C_cost,Goal C: minimize cost,1.7723061997304355,fixed_RC2O_static
SplitCIFAR10_seed3_task1,SplitCIFAR10,natural-images,3,1,0.6642775849315627,0.5406182123248098,0.3679707422271125,0.6608654258821052,0.5839322958041161,0.7840231105215867,RC2O_static,0.8323985849651279,0.999,0.9296597346295037,0.6652704167030593,0.4456079860807839,0.6875926659014202,0.0010000000000000009,Goal_C_cost,Goal C: minimize cost,1.6269743446908838,fixed_RC2O_static
SplitCIFAR100Coarse_seed3_task1,SplitCIFAR100Coarse,natural-images,3,1,0.7246851542948537,0.6642819126679692,0.3797456973252263,0.6558755154960977,0.5452369976970267,0.9912891965369105,RC2O_static,0.7939700721958975,0.999,0.9177596703121527,0.6753881786131128,0.43717651782240596,0.7844764915838766,0.0010000000000000009,Goal_C_cost,Goal C: minimize cost,1.6050123982848277,fixed_RC2O_static
SVHNContinual_seed3_task1,SVHNContinual,digits-real,3,1,0.5885276027343417,0.5255634763903307,0.4735920942558293,0.5890322373711214,0.48892911555075597,0.7384753591482194,RC2O_static,0.8396722368045182,0.999,0.9096454121073259,0.627904335384849,0.4767463871792924,0.682951788940178,0.0010000000000000009,Goal_C_cost,Goal C: minimize cost,1.666816661174927,fixed_RC2O_static
SplitMNIST_seed3_task2,SplitMNIST,digits,3,2,0.13675075086255742,0.057184235027194705,0.05831276647795754,0.16021185444298736,0.43217052373132453,0.2908222407611112,RC2O_static,0.995,0.999,0.999,0.48807622876334034,0.5932698093638831,0.45708924240546056,0.0010000000000000009,Goal_C_cost,Goal C: minimize cost,1.8937731668817883,fixed_RC2O_static
SplitFashionMNIST_seed3_task2,SplitFashionMNIST,fashion,3,2,0.38680870883793267,0.4174186833459431,0.26721583190023235,0.43386513113186104,0.5433911626255871,0.6248816997279327,RC2O_static,0.8914586280708829,0.999,0.9484929649185709,0.5770475378881564,0.5191270517598696,0.6201007569226072,0.0010000000000000009,Goal_C_cost,Goal C: minimize cost,1.750761219429625,fixed_RC2O_static
SplitKMNIST_seed3_task2,SplitKMNIST,characters,3,2,0.4339709536289738,0.39889167959029,0.2753213768047772,0.5006476411892806,0.42815000678874354,0.6262837601252919,RC2O_static,0.8889365375285418,0.999,0.9467384333519353,0.5703345010595814,0.5247212491170155,0.6192633876603357,0.0010000000000000009,Goal_C_cost,Goal C: minimize cost,1.7566560752998321,fixed_RC2O_static
RotatedMNIST_seed3_task2,RotatedMNIST,digits,3,2,0.31576017905722253,0.2996404270355048,0.462726638388594,0.49017464301821867,0.4534941957815557,0.4749552219224912,RC2O_static,0.9267440725602893,0.999,0.9247395217137822,0.5487846784770668,0.5426794346024444,0.5588106750856815,0.0010000000000000009,Goal_C_cost,Goal C: minimize cost,1.7863680173024439,fixed_RC2O_static
PermutedMNIST_seed3_task2,PermutedMNIST,digits,3,2,0.3163806725460198,0.2374960641389353,0.5385106474188486,0.48647631698650673,0.4999662612562959,0.4528345448482969,RC2O_static,0.9235680805503015,0.999,0.9169060415303698,0.5371472800216573,0.5523772666486189,0.5404971091295595,0.0010000000000000009,Goal_C_cost,Goal C: minimize cost,1.7942411675188197,fixed_RC2O_static
SplitCIFAR10_seed3_task2,SplitCIFAR10,natural-images,3,2,0.6049674739000255,0.5454938331713125,0.4028071007748514,0.6796834614811847,0.6170858046550558,0.8220747133258542,RC2O_static,0.8320959035305378,0.999,0.9129131244470363,0.6534218227913342,0.4554818143405548,0.7225461166632352,0.0010000000000000009,Goal_C_cost,Goal C: minimize cost,1.6394764987265735,fixed_RC2O_static
SplitCIFAR100Coarse_seed3_task2,SplitCIFAR100Coarse,natural-images,3,2,0.7798570251325917,0.6355350753962129,0.41745002713744617,0.6639768599788402,0.7251510320012058,0.9417048472445149,RC2O_static,0.7825613711331223,0.999,0.9157032374893632,0.7184540080412496,0.40128832663229197,0.7732754496080596,0.0010000000000000009,Goal_C_cost,Goal C: minimize cost,1.537965526421154,fixed_RC2O_static
SVHNContinual_seed3_task2,SVHNContinual,digits-real,3,2,0.5312992378853533,0.48331550928341127,0.5268746051361451,0.6481753452424809,0.5678061738956911,0.6771894856462664,RC2O_static,0.846512877658905,0.999,0.9130639954022806,0.6180886470702254,0.4849261274414788,0.6533416624705667,0.0010000000000000009,Goal_C_cost,Goal C: minimize cost,1.6788312320901304,fixed_RC2O_static
SplitMNIST_seed3_task3,SplitMNIST,digits,3,3,0.16683666644527684,0.07627813675509686,0.08980183747034003,0.2641977950762912,0.39167424736590345,0.33996601621344635,RC2O_static,0.9794939726614009,0.999,0.999,0.49656209289504194,0.5861982559207983,0.46915761179572824,0.0010000000000000009,Goal_C_cost,Goal C: minimize cost,1.878455694370281,fixed_RC2O_static
SplitFashionMNIST_seed3_task3,SplitFashionMNIST,fashion,3,3,0.3897642233100701,0.44812519841260945,0.24140636475861607,0.44538765852738516,0.5584456621419324,0.6354080991108447,RC2O_static,0.8944030689887705,0.999,0.9577480622597081,0.5712746718066242,0.5239377734944799,0.6442415903158077,0.0010000000000000009,Goal_C_cost,Goal C: minimize cost,1.7633085498590024,fixed_RC2O_static
SplitKMNIST_seed3_task3,SplitKMNIST,characters,3,3,0.45501077157366143,0.3869273712707713,0.2968249676231874,0.4591287401199968,0.5532997334394424,0.6422206838809527,RC2O_static,0.8897150885049729,0.999,0.9413796320683481,0.5873089120684226,0.5105759066096478,0.6241187443791476,0.0010000000000000009,Goal_C_cost,Goal C: minimize cost,1.7370560462052642,fixed_RC2O_static
RotatedMNIST_seed3_task3,RotatedMNIST,digits,3,3,0.34210064666858203,0.3093952732217573,0.5523529067279033,0.5839346555337048,0.451950279105784,0.5162106731189404,RC2O_static,0.9216347225952894,0.999,0.9128964563095407,0.5673453370208364,0.5272122191493029,0.5736925905053255,0.0010000000000000009,Goal_C_cost,Goal C: minimize cost,1.761715494147357,fixed_RC2O_static
PermutedMNIST_seed3_task3,PermutedMNIST,digits,3,3,0.34279688810331904,0.24582614497010352,0.577326445043787,0.5261246923527113,0.4804510033862693,0.47298241903196353,RC2O_static,0.9194058413501407,0.999,0.9247038832510655,0.5655744857791398,0.5286879285173834,0.5471276961745127,0.0010000000000000009,Goal_C_cost,Goal C: minimize cost,1.7630000725362487,fixed_RC2O_static
SplitCIFAR10_seed3_task3,SplitCIFAR10,natural-images,3,3,0.609001277460961,0.5672576047431225,0.47949572662832796,0.6412179749198721,0.6267267871976827,0.76887040189945,RC2O_static,0.8318411289891221,0.9983932858936844,0.8990755521344116,0.6562950574316108,0.4530874521403243,0.6999593265882252,0.001606714106315632,Goal_C_cost,Goal C: minimize cost,1.6301990391897578,fixed_RC2O_static
SplitCIFAR100Coarse_seed3_task3,SplitCIFAR100Coarse,natural-images,3,3,0.7857986424152088,0.6885323579339555,0.5136159980759754,0.7852830580575973,0.6778296745770466,0.9882214057836011,RC2O_static,0.7704841431032923,0.999,0.8983637620308487,0.7146907966498934,0.40442433612508877,0.8097599013477438,0.0010000000000000009,Goal_C_cost,Goal C: minimize cost,1.5382800378302037,fixed_RC2O_static
SVHNContinual_seed3_task3,SVHNContinual,digits-real,3,3,0.6199003082925738,0.5260286416829557,0.5138324577948258,0.6356716765535357,0.6578974816959147,0.7543962014181311,RC2O_static,0.8230433616179886,0.9969652008257588,0.897908685395163,0.670894646603922,0.440921127830065,0.7020258630348758,0.0030347991742412095,Goal_C_cost,Goal C: minimize cost,1.6092306132399765,fixed_RC2O_static
SplitMNIST_seed3_task4,SplitMNIST,digits,3,4,0.1301762160289187,0.08363897531116124,0.07176139327012726,0.22768453227743934,0.43658567785474145,0.2409032694790533,RC2O_static,0.9930990952172536,0.999,0.9956301175811131,0.49731560923042495,0.5855703256413125,0.44870790861272203,0.0010000000000000009,Goal_C_cost,Goal C: minimize cost,1.8808428527200864,fixed_RC2O_static
SplitFashionMNIST_seed3_task4,SplitFashionMNIST,fashion,3,4,0.39970257873027026,0.45773982772123967,0.2186977962083539,0.4751758049735592,0.6141815769211848,0.6424753099812005,RC2O_static,0.902442656269812,0.999,0.9515455292570723,0.5945464817132184,0.5045445985723179,0.6308627681690139,0.0010000000000000009,Goal_C_cost,Goal C: minimize cost,1.737857062525214,fixed_RC2O_static
SplitKMNIST_seed3_task4,SplitKMNIST,characters,3,4,0.40640911359641574,0.428505937831582,0.28758395728684866,0.43909594335634666,0.6099470447656976,0.6853062034150225,RC2O_static,0.8901246205896491,0.999,0.9514954673504867,0.5932358280920773,0.5056368099232689,0.6560313177913224,0.0010000000000000009,Goal_C_cost,Goal C: minimize cost,1.736292771278509,fixed_RC2O_static
RotatedMNIST_seed3_task4,RotatedMNIST,digits,3,4,0.32782505660321964,0.2986335411465836,0.6132480062628524,0.5762849925621533,0.5109095173562921,0.5110074590294308,RC2O_static,0.9112627039839982,0.999,0.8995953558449101,0.5607359874395851,0.5327200104670125,0.5720432690847647,0.0010000000000000009,Goal_C_cost,Goal C: minimize cost,1.76099339679297,fixed_RC2O_static
PermutedMNIST_seed3_task4,PermutedMNIST,digits,3,4,0.3165708272487415,0.23899488927315304,0.6624530778215765,0.5363207462165485,0.5213040345215337,0.48328901683844755,RC2O_static,0.915854547279608,0.999,0.9037962260424313,0.5570892654339638,0.5357589454716969,0.5491957450616857,0.0010000000000000009,Goal_C_cost,Goal C: minimize cost,1.7659277536793907,fixed_RC2O_static
SplitCIFAR10_seed3_task4,SplitCIFAR10,natural-images,3,4,0.599801877106193,0.5946273990570489,0.3976960168860714,0.6205759285393436,0.6420284985510225,0.8113600978246194,RC2O_static,0.8270196815165693,0.999,0.9158764743584356,0.6484534568424674,0.45962211929794383,0.718320562714971,0.0010000000000000009,Goal_C_cost,Goal C: minimize cost,1.6430998925957865,fixed_RC2O_static
SplitCIFAR100Coarse_seed3_task4,SplitCIFAR100Coarse,natural-images,3,4,0.7590954001243444,0.7525382228300437,0.5208969715671715,0.7431629210946596,0.7574473497866683,0.9475228343480618,RC2O_static,0.7681957343374235,0.990178909838648,0.8951907092490976,0.7315932672974896,0.39033894391875856,0.7877677816601247,0.00982109016135202,Goal_C_cost,Goal C: minimize cost,1.5004878068205365,fixed_RC2O_static
SVHNContinual_seed3_task4,SVHNContinual,digits-real,3,4,0.5968339211545671,0.45916904574950496,0.6064680358732583,0.6794767137165842,0.7005671986397475,0.7613295657454036,RC2O_static,0.8476959360576193,0.9964266136798827,0.8931360845947649,0.6524440897789681,0.4562965918508599,0.6827363576812547,0.0035733863201172777,Goal_C_cost,Goal C: minimize cost,1.6377705419293653,fixed_RC2O_static
SplitMNIST_seed3_task5,SplitMNIST,digits,3,5,0.14837249583142043,0.08208253559953144,0.07743446833286557,0.2624861674821214,0.5178328349345104,0.25367839861551705,RC2O_static,0.9873699417614876,0.999,0.999,0.5069934828759101,0.5775054309367416,0.445616914189657,0.0010000000000000009,Goal_C_cost,Goal C: minimize cost,1.8679104969762361,fixed_RC2O_static
SplitFashionMNIST_seed3_task5,SplitFashionMNIST,fashion,3,5,0.3949408363879826,0.4613952420085171,0.30255132774101173,0.4530164336181758,0.5846725184727097,0.6185142642524779,RC2O_static,0.9056111093068167,0.999,0.9422723106816882,0.5812931729027963,0.5155890225810031,0.6285207766513802,0.0010000000000000009,Goal_C_cost,Goal C: minimize cost,1.7516403350079819,fixed_RC2O_static
SplitKMNIST_seed3_task5,SplitKMNIST,characters,3,5,0.39983245992387206,0.3478985352522437,0.30789140237480095,0.4652980763741006,0.608778602123293,0.6923313049451381,RC2O_static,0.901567585204009,0.999,0.9421709707636445,0.5808947381369648,0.5159210515525293,0.659690192774245,0.0010000000000000009,Goal_C_cost,Goal C: minimize cost,1.7533605949060542,fixed_RC2O_static
RotatedMNIST_seed3_task5,RotatedMNIST,digits,3,5,0.3170229423881547,0.2775590303032716,0.6323835997492148,0.5174897899945093,0.6105073075954186,0.5261643801316539,RC2O_static,0.9218896424570449,0.999,0.9063961661420823,0.5816148984510418,0.5153209179574652,0.5689381925314801,0.0010000000000000009,Goal_C_cost,Goal C: minimize cost,1.7436764391369168,fixed_RC2O_static
PermutedMNIST_seed3_task5,PermutedMNIST,digits,3,5,0.32596861601809224,0.30300780528121535,0.7023007379586476,0.5412449131739672,0.6181700482645692,0.4607824695332994,RC2O_static,0.910148303326364,0.999,0.8819996992209527,0.5787893161581006,0.5176755698682495,0.5526571226818625,0.0010000000000000009,Goal_C_cost,Goal C: minimize cost,1.733844392892425,fixed_RC2O_static
SplitCIFAR10_seed3_task5,SplitCIFAR10,natural-images,3,5,0.6395417347053697,0.5379995638429645,0.45849075722691907,0.6691472869175004,0.7210438674985883,0.8356264448973989,RC2O_static,0.8420837021609162,0.9911541961026444,0.9129593039480903,0.6784627736082712,0.43461435532644066,0.7270017502182493,0.008845803897355564,Goal_C_cost,Goal C: minimize cost,1.6135110153078802,fixed_RC2O_static
SplitCIFAR100Coarse_seed3_task5,SplitCIFAR100Coarse,natural-images,3,5,0.7987209979268307,0.6636399242406119,0.5632639290031075,0.7842879979320456,0.8356312274774824,0.9510333818817231,RC2O_static,0.7666494681793417,0.9805414195552453,0.8932153395188589,0.7414554640945423,0.38212044658788136,0.7653355822623874,0.01945858044475468,Goal_C_cost,Goal C: minimize cost,1.4736675609880283,fixed_RC2O_static
SVHNContinual_seed3_task5,SVHNContinual,digits-real,3,5,0.5538472915296347,0.5104367430075032,0.6414489593322754,0.6591043076622055,0.6684104074974251,0.7032288967191191,RC2O_static,0.8391734263115813,0.9944366319337603,0.8802359376970041,0.6519308283338576,0.45672430972178524,0.6750972356626059,0.005563368066239693,Goal_C_cost,Goal C: minimize cost,1.6298273891319495,fixed_RC2O_static
SplitMNIST_seed0_task1,SplitMNIST,digits,0,1,0.1156408304387371,0.13874287450119005,0.07039288584742817,0.1967933289232454,0.27993992864489575,0.302377879258495,RC2O_static,0.995,0.999,0.9837635547948866,0.4671910043078755,0.6106741630767704,0.4818124878699457,0.0010000000000000009,Goal_D_stability_drift,Goal D: maximize stability under drift,2.3183457470366373,fixed_RC2O_static
SplitFashionMNIST_seed0_task1,SplitFashionMNIST,fashion,0,1,0.3807521821563378,0.46717666120450047,0.1808695683462322,0.4199432028836281,0.3864781342229844,0.6399003384425044,RC2O_static,0.9155642743355761,0.999,0.9628944380745459,0.5601092169629893,0.5332423191975089,0.6280356253769535,0.0010000000000000009,Goal_D_stability_drift,Goal D: maximize stability under drift,2.2941023261911657,fixed_RC2O_static
SplitKMNIST_seed0_task1,SplitKMNIST,characters,0,1,0.4697127088414757,0.34179762127425806,0.20590011227468663,0.4435468756372052,0.44819700435955007,0.6791779298840739,RC2O_static,0.8832078655016291,0.999,0.9668241511306324,0.5845749928016113,0.512854172665324,0.6435008820421162,0.0010000000000000009,Goal_D_stability_drift,Goal D: maximize stability under drift,2.293591994042937,fixed_RC2O_static
RotatedMNIST_seed0_task1,RotatedMNIST,digits,0,1,0.3146463308271441,0.3200415082748845,0.4499043764199615,0.46608603500679896,0.38304810754680935,0.5089663714789666,RC2O_static,0.9216590075311131,0.999,0.9270814026873122,0.5345017002180062,0.5545819164849948,0.578576235840147,0.0010000000000000009,Goal_D_stability_drift,Goal D: maximize stability under drift,2.2925968617453414,fixed_RC2O_static
PermutedMNIST_seed0_task1,PermutedMNIST,digits,0,1,0.30620350844740607,0.21106340804060866,0.5252767818175056,0.5003298580041625,0.39079667592747497,0.44182189438722463,RC2O_static,0.939600159625098,0.999,0.923852513612841,0.5403902465456057,0.5496747945453285,0.5297615801731032,0.0010000000000000009,Goal_D_stability_drift,Goal D: maximize stability under drift,2.3030265020356095,fixed_RC2O_static
SplitCIFAR10_seed0_task1,SplitCIFAR10,natural-images,0,1,0.5951231963401031,0.5642485168109856,0.369689596676834,0.5708510588190269,0.5682309930521252,0.8229390949639573,RC2O_static,0.8368967388660946,0.999,0.9230627964592786,0.6231936350025524,0.4806719708312063,0.7275130758815801,0.0010000000000000009,Goal_D_stability_drift,Goal D: maximize stability under drift,2.253532882538962,fixed_RC2O_static
SplitCIFAR100Coarse_seed0_task1,SplitCIFAR100Coarse,natural-images,0,1,0.7891440889045508,0.6550693630389074,0.4404313897209378,0.7220676082286035,0.6244076210190063,0.9984088392064309,RC2O_static,0.7744473400298311,0.999,0.9007443917779925,0.7078514401319509,0.4101237998900409,0.7996526203089416,0.0010000000000000009,Goal_D_stability_drift,Goal D: maximize stability under drift,2.2163261707869513,fixed_RC2O_static
SVHNContinual_seed0_task1,SVHNContinual,digits-real,0,1,0.5907885437820896,0.48600740830339945,0.4872015484154762,0.6489232905809461,0.43056991716068865,0.7045170752924451,RC2O_static,0.8503758560264163,0.999,0.9166554486575802,0.6213873195000512,0.48217723374995725,0.6641344318001651,0.0010000000000000009,Goal_D_stability_drift,Goal D: maximize stability under drift,2.2644079009543847,fixed_RC2O_static
SplitMNIST_seed0_task2,SplitMNIST,digits,0,2,0.15015739537106806,0.12839042954153182,0.06453189473949407,0.24627945302147272,0.38476746754935676,0.21538772341289958,RC2O_static,0.9832736256757642,0.999,0.999,0.47582471814528315,0.6034794015455973,0.44641771125738083,0.0010000000000000009,Goal_D_stability_drift,Goal D: maximize stability under drift,2.3299549827584864,fixed_RC2O_static
SplitFashionMNIST_seed0_task2,SplitFashionMNIST,fashion,0,2,0.3685302569197805,0.4567965547888964,0.2479400497607773,0.4461506030568815,0.48076073829601057,0.6184799924875616,RC2O_static,0.9079639515759761,0.999,0.9440015262343417,0.560698403947587,0.5327513300436775,0.6328513875341866,0.0010000000000000009,Goal_D_stability_drift,Goal D: maximize stability under drift,2.278373305801314,fixed_RC2O_static
SplitKMNIST_seed0_task2,SplitKMNIST,characters,0,2,0.4315588178495182,0.37162351144443273,0.28890191823904277,0.4733827163151329,0.5073865355255709,0.6230696342963967,RC2O_static,0.8887581173797872,0.999,0.9500378663084783,0.5890970612832338,0.5090857822639718,0.605085641743531,0.0010000000000000009,Goal_D_stability_drift,Goal D: maximize stability under drift,2.2839228662821722,fixed_RC2O_static
RotatedMNIST_seed0_task2,RotatedMNIST,digits,0,2,0.30585475540657026,0.3490682138047014,0.47873358958863993,0.47270523306366846,0.3567686524257889,0.5346692773775623,RC2O_static,0.9243107384295952,0.999,0.9313485059550002,0.5414194114236972,0.5488171571469189,0.5875939512930175,0.0010000000000000009,Goal_D_stability_drift,Goal D: maximize stability under drift,2.3056530571590272,fixed_RC2O_static
PermutedMNIST_seed0_task2,PermutedMNIST,digits,0,2,0.3142711755917313,0.2868605979484679,0.612701949171781,0.5330519641142752,0.5065051799223501,0.48096093558145175,RC2O_static,0.9093690193544552,0.999,0.9077370768907485,0.5458612183764019,0.5451156513529984,0.5530410639174437,0.0010000000000000009,Goal_D_stability_drift,Goal D: maximize stability under drift,2.2869685548052554,fixed_RC2O_static
SplitCIFAR10_seed0_task2,SplitCIFAR10,natural-images,0,2,0.6409294866074664,0.5394724043628817,0.2768408068454159,0.5518869410178018,0.5972224096938984,0.7809047050536093,RC2O_static,0.8308731092053232,0.999,0.9400629293321137,0.6632192129911254,0.4473173225073954,0.6952637239615147,0.0010000000000000009,Goal_D_stability_drift,Goal D: maximize stability under drift,2.2532823373100914,fixed_RC2O_static
SplitCIFAR100Coarse_seed0_task2,SplitCIFAR100Coarse,natural-images,0,2,0.8370038088674012,0.6705661471532373,0.4354246031941269,0.8119930352228502,0.5938712504143434,0.9879015943091742,RC2O_static,0.7595215771388586,0.9896114340269404,0.9122415351641842,0.7121985826111725,0.40650118115735623,0.7964759857475227,0.010388565973059594,Goal_D_stability_drift,Goal D: maximize stability under drift,2.2210600525108997,fixed_RC2O_static
SVHNContinual_seed0_task2,SVHNContinual,digits-real,0,2,0.582384810889269,0.47937970924600243,0.5039061394990499,0.6511932332451321,0.5653672581963015,0.6453525879162197,RC2O_static,0.8485403736030703,0.999,0.9010046227987829,0.6399074933847385,0.46674375551271785,0.6370673541903188,0.0010000000000000009,Goal_D_stability_drift,Goal D: maximize stability under drift,2.240643646963166,fixed_RC2O_static
SplitMNIST_seed0_task3,SplitMNIST,digits,0,3,0.11840572901619742,0.13935579531224807,0.06773201240546381,0.2430181565392833,0.3337902830202953,0.3111632328036094,RC2O_static,0.995,0.999,0.999,0.48591338700338293,0.5950721774971809,0.46110950793753447,0.0010000000000000009,Goal_D_stability_drift,Goal D: maximize stability under drift,2.335747415747224,fixed_RC2O_static
SplitFashionMNIST_seed0_task3,SplitFashionMNIST,fashion,0,3,0.4026070629431854,0.43116451019978635,0.2372383101070944,0.4813944673365708,0.5559463359358148,0.6546950256144441,RC2O_static,0.8933107914473435,0.999,0.9453125257823192,0.5810423126634326,0.5157980727804727,0.6288606798624691,0.0010000000000000009,Goal_D_stability_drift,Goal D: maximize stability under drift,2.271809527665905,fixed_RC2O_static
SplitKMNIST_seed0_task3,SplitKMNIST,characters,0,3,0.4399578681610788,0.40216473523398555,0.2858285550041667,0.4989818328968745,0.5621207078661286,0.6683680962158971,RC2O_static,0.8974374129215195,0.999,0.9443657194948794,0.5955620180841604,0.5036983182631996,0.634620554799564,0.0010000000000000009,Goal_D_stability_drift,Goal D: maximize stability under drift,2.281079125033474,fixed_RC2O_static
RotatedMNIST_seed0_task3,RotatedMNIST,digits,0,3,0.29555749646793283,0.29057310098826605,0.5643342902529968,0.5297858529819985,0.4284624317107788,0.5499321099797583,RC2O_static,0.9344254285914126,0.999,0.9072652070913427,0.5255370762218777,0.5620524364817685,0.5680072197712108,0.0010000000000000009,Goal_D_stability_drift,Goal D: maximize stability under drift,2.288610446724543,fixed_RC2O_static
PermutedMNIST_seed0_task3,PermutedMNIST,digits,0,3,0.3234725104655376,0.24981202616291312,0.640758142906764,0.5314057959696514,0.5444085068720945,0.47794208042103453,RC2O_static,0.9181264033579828,0.999,0.8950028388638327,0.5661546567309806,0.5282044527241827,0.5593531909431217,0.0010000000000000009,Goal_D_stability_drift,Goal D: maximize stability under drift,2.275839970563116,fixed_RC2O_static
SplitCIFAR10_seed0_task3,SplitCIFAR10,natural-images,0,3,0.6409084803212819,0.5964730543019499,0.34629753266279356,0.6508863433033627,0.6587311995675998,0.8156240234387195,RC2O_static,0.8219486329252723,0.999,0.9237276013890854,0.6645107707096702,0.44624102440860813,0.7214363124313609,0.0010000000000000009,Goal_D_stability_drift,Goal D: maximize stability under drift,2.2425968837053896,fixed_RC2O_static
SplitCIFAR100Coarse_seed0_task3,SplitCIFAR100Coarse,natural-images,0,3,0.7519233787273665,0.6888454773930675,0.5027827072170505,0.7533388778681649,0.6897732714847741,0.9340123684663801,RC2O_static,0.7821835981204144,0.9888690434383214,0.8908241571019544,0.7020270692340852,0.41497744230492895,0.7583667070271571,0.011130956561678618,Goal_D_stability_drift,Goal D: maximize stability under drift,2.2055766234823397,fixed_RC2O_static
SVHNContinual_seed0_task3,SVHNContinual,digits-real,0,3,0.5706976280268954,0.48040529130484205,0.5947552598045589,0.702894158359452,0.6726127984293899,0.694507388895887,RC2O_static,0.8386281562165412,0.9908051181175348,0.8982706747989038,0.6537500297179376,0.45520830856838534,0.6721979411121005,0.0091948818824652,Goal_D_stability_drift,Goal D: maximize stability under drift,2.247928626215039,fixed_RC2O_static
SplitMNIST_seed0_task4,SplitMNIST,digits,0,4,0.18525204303982962,0.0723214737618836,0.09434468433861336,0.280087776258653,0.47024766294986736,0.28950346268958566,RC2O_static,0.9670028139547133,0.999,0.999,0.512951928131854,0.5725400598901217,0.4472954570163007,0.0010000000000000009,Goal_D_stability_drift,Goal D: maximize stability under drift,2.328757601511141,fixed_RC2O_static
SplitFashionMNIST_seed0_task4,SplitFashionMNIST,fashion,0,4,0.3891909280210307,0.4250609251826696,0.28062115274915805,0.43870433785264823,0.5944977679011091,0.5950286985093669,RC2O_static,0.9067573717405466,0.999,0.943622994454832,0.5796571778822395,0.5169523517648005,0.6096529182049629,0.0010000000000000009,Goal_D_stability_drift,Goal D: maximize stability under drift,2.2804791465248564,fixed_RC2O_static
SplitKMNIST_seed0_task4,SplitKMNIST,characters,0,4,0.40891624113554775,0.3903225615493837,0.2640033016637626,0.4682722436151559,0.6226267777926504,0.6463692691921309,RC2O_static,0.9040645189072072,0.999,0.9501140624451483,0.5825091815840177,0.5145756820133186,0.6211346050964661,0.0010000000000000009,Goal_D_stability_drift,Goal D: maximize stability under drift,2.2865354604173236,fixed_RC2O_static
RotatedMNIST_seed0_task4,RotatedMNIST,digits,0,4,0.316903101454213,0.3084488885698326,0.5559602735186167,0.4864588889082124,0.6036367545600482,0.5120282468618095,RC2O_static,0.9206871202937428,0.999,0.9066741663433784,0.5662353376422025,0.5281372186314979,0.5680720300066139,0.0010000000000000009,Goal_D_stability_drift,Goal D: maximize stability under drift,2.2797296441011126,fixed_RC2O_static
PermutedMNIST_seed0_task4,PermutedMNIST,digits,0,4,0.32282837326154157,0.20964190399331073,0.6424089713039788,0.532052816126734,0.5340252447673753,0.36541191909343096,RC2O_static,0.9355116777877635,0.999,0.9035946581879775,0.5746929571535934,0.5210892023720055,0.5069009909000142,0.0010000000000000009,Goal_D_stability_drift,Goal D: maximize stability under drift,2.2895718979565505,fixed_RC2O_static
SplitCIFAR10_seed0_task4,SplitCIFAR10,natural-images,0,4,0.5878694360117495,0.5362476691695974,0.42808053014802955,0.6414781733222988,0.6354029073287497,0.8081779193625046,RC2O_static,0.8230179883397786,0.999,0.9244345500758002,0.6404960887043207,0.46625325941306606,0.7100813846789066,0.0010000000000000009,Goal_D_stability_drift,Goal D: maximize stability under drift,2.2589602264165176,fixed_RC2O_static
SplitCIFAR100Coarse_seed0_task4,SplitCIFAR100Coarse,natural-images,0,4,0.8029460515928258,0.6693333139351509,0.5525307134709384,0.8379991311555857,0.7794374539500976,0.9236748638044845,RC2O_static,0.7511384723847867,0.999,0.89073531064303,0.7321334102475838,0.38988882479368014,0.7745523182411873,0.0010000000000000009,Goal_D_stability_drift,Goal D: maximize stability under drift,2.2093641864184272,fixed_RC2O_static
SVHNContinual_seed0_task4,SVHNContinual,digits-real,0,4,0.6116274021384005,0.48522090363929393,0.6404280030619915,0.6883902639860887,0.6897716641259805,0.6590538305720246,RC2O_static,0.8402911859826505,0.999,0.8890580621421158,0.6512423158174244,0.4572980701521463,0.6455228425891957,0.0010000000000000009,Goal_D_stability_drift,Goal D: maximize stability under drift,2.2438757625802204,fixed_RC2O_static
SplitMNIST_seed0_task5,SplitMNIST,digits,0,5,0.13838087749215947,0.1017541802655163,0.07917179012981182,0.291401737769978,0.5356209470768569,0.24491673230835093,RC2O_static,0.995,0.999,0.9937010351340054,0.5100430647019822,0.5749641127483481,0.4343113911290509,0.0010000000000000009,Goal_D_stability_drift,Goal D: maximize stability under drift,2.327110360142311,fixed_RC2O_static
SplitFashionMNIST_seed0_task5,SplitFashionMNIST,fashion,0,5,0.3677343403138047,0.42025209460791313,0.3036322937822363,0.5089304808077337,0.6334666384843415,0.6779051082656592,RC2O_static,0.9071891302501618,0.999,0.9499613620509388,0.6067479601185531,0.4943766999012057,0.6639703771277182,0.0010000000000000009,Goal_D_stability_drift,Goal D: maximize stability under drift,2.298217696536961,fixed_RC2O_static
SplitKMNIST_seed0_task5,SplitKMNIST,characters,0,5,0.4481963268651736,0.39685475698278444,0.3617931681967128,0.5105603466756653,0.6468182749767682,0.6687289751245816,RC2O_static,0.886986216875763,0.999,0.9324341862139636,0.6120466473928333,0.48996112717263884,0.6464940053265765,0.0010000000000000009,Goal_D_stability_drift,Goal D: maximize stability under drift,2.2752984478597122,fixed_RC2O_static
RotatedMNIST_seed0_task5,RotatedMNIST,digits,0,5,0.3389213900699279,0.29718176813105585,0.6149772522652208,0.5507819143121175,0.6270009190222688,0.4830783468026229,RC2O_static,0.9233770196362809,0.999,0.9061563893308038,0.5740983549928447,0.5215847041726294,0.5618741909823499,0.0010000000000000009,Goal_D_stability_drift,Goal D: maximize stability under drift,2.289662850062796,fixed_RC2O_static
PermutedMNIST_seed0_task5,PermutedMNIST,digits,0,5,0.35678682835845554,0.23502761334811392,0.7131178362041983,0.5830930474536621,0.5943984447707402,0.41900179837778556,RC2O_static,0.9076372945835229,0.999,0.8874511472129545,0.564607140576074,0.5294940495199383,0.5375589076405135,0.0010000000000000009,Goal_D_stability_drift,Goal D: maximize stability under drift,2.2704094063865474,fixed_RC2O_static
SplitCIFAR10_seed0_task5,SplitCIFAR10,natural-images,0,5,0.6341080583895364,0.5049368983136355,0.4713382031398682,0.6548650410983033,0.7603690150583142,0.8191969331606075,RC2O_static,0.8271677403185265,0.9912286176099723,0.9076479717896673,0.6806578596386776,0.43278511696776856,0.7040589871779325,0.008771382390027727,Goal_D_stability_drift,Goal D: maximize stability under drift,2.237616198100579,fixed_RC2O_static
SplitCIFAR100Coarse_seed0_task5,SplitCIFAR100Coarse,natural-images,0,5,0.7757683300593559,0.681560986747505,0.6234940788336261,0.7965117729626255,0.7826339626856182,0.9388151790198968,RC2O_static,0.7689258643011516,0.9928404835716187,0.870856045858684,0.7138169637898182,0.4051525301751515,0.768895427819467,0.007159516428381307,Goal_D_stability_drift,Goal D: maximize stability under drift,2.1880901666616808,fixed_RC2O_static
SVHNContinual_seed0_task5,SVHNContinual,digits-real,0,5,0.5924111433657719,0.4898963087480462,0.6122421565009929,0.7283905902376918,0.7335259322757786,0.626666038150048,RC2O_static,0.8270686964095502,0.999,0.8856837870892131,0.6743189779112486,0.43806751840729274,0.6435415209134138,0.0010000000000000009,Goal_D_stability_drift,Goal D: maximize stability under drift,2.22725573516151,fixed_RC2O_static
SplitMNIST_seed1_task1,SplitMNIST,digits,1,1,0.1412010818066855,0.06742883692384186,0.03662732449902006,0.2533001818547762,0.2753819666529619,0.2701761282379126,RC2O_static,0.9829696793503644,0.999,0.999,0.477229832812594,0.6023084726561716,0.4569838479477444,0.0010000000000000009,Goal_D_stability_drift,Goal D: maximize stability under drift,2.3252713356351147,fixed_RC2O_static
SplitFashionMNIST_seed1_task1,SplitFashionMNIST,fashion,1,1,0.41041833063543803,0.44375406808292506,0.19845685180309924,0.43021508820464843,0.4501174862454107,0.6209350900294169,RC2O_static,0.8763978473021639,0.999,0.9621644400378964,0.5755221558511234,0.5203982034573971,0.6155472708467113,0.0010000000000000009,Goal_D_stability_drift,Goal D: maximize stability under drift,2.280875503001821,fixed_RC2O_static
SplitKMNIST_seed1_task1,SplitKMNIST,characters,1,1,0.40992842836207904,0.4100721449511301,0.2139282124714011,0.45890837737958257,0.41630854200454764,0.7081277651824076,RC2O_static,0.8891497741697341,0.999,0.967531435281348,0.5714260677806962,0.5238116101827532,0.6546024308927147,0.0010000000000000009,Goal_D_stability_drift,Goal D: maximize stability under drift,2.2998671362795613,fixed_RC2O_static
RotatedMNIST_seed1_task1,RotatedMNIST,digits,1,1,0.2906920235384069,0.28477477584893685,0.42585316826160313,0.42793214578729544,0.3817029377995565,0.469784728151274,RC2O_static,0.9211443807207214,0.999,0.9342211614356961,0.5232930026169359,0.5639224978192201,0.5455942177432715,0.0010000000000000009,Goal_D_stability_drift,Goal D: maximize stability under drift,2.2953728561466153,fixed_RC2O_static
PermutedMNIST_seed1_task1,PermutedMNIST,digits,1,1,0.3210417234032721,0.2513543414975021,0.5150454782616497,0.4946254982190633,0.3762536837102827,0.44703333662785005,RC2O_static,0.9202938284452369,0.999,0.9228739470294516,0.5390624998693921,0.5507812501088398,0.5469409726441593,0.0010000000000000009,Goal_D_stability_drift,Goal D: maximize stability under drift,2.2947302389000503,fixed_RC2O_static
SplitCIFAR10_seed1_task1,SplitCIFAR10,natural-images,1,1,0.5896277139646589,0.5563696010624222,0.2948426931429208,0.6256854474364846,0.45306153223791623,0.7156946476662303,RC2O_static,0.8391558010858708,0.999,0.9411974213090699,0.6214748388036361,0.4821043009969699,0.6716870883243478,0.0010000000000000009,Goal_D_stability_drift,Goal D: maximize stability under drift,2.2605460095251706,fixed_RC2O_static
SplitCIFAR100Coarse_seed1_task1,SplitCIFAR100Coarse,natural-images,1,1,0.7691142062934752,0.6985454725455252,0.352806142848499,0.7414296450316046,0.6114983021682535,0.9177840209929593,RC2O_static,0.780698409122131,0.9972169128891994,0.917559262815631,0.6830426034631139,0.43079783044740505,0.7708930316128353,0.002783087110800553,Goal_D_stability_drift,Goal D: maximize stability under drift,2.2237920536363402,fixed_RC2O_static
SVHNContinual_seed1_task1,SVHNContinual,digits-real,1,1,0.6031366885636421,0.4732479189147264,0.39831940376209096,0.635248138004372,0.5116579205083807,0.7142319997056367,RC2O_static,0.8160251278125132,0.999,0.9206061189732893,0.6419181545957049,0.4650682045035792,0.6655708369038534,0.0010000000000000009,Goal_D_stability_drift,Goal D: maximize stability under drift,2.241026605345719,fixed_RC2O_static
SplitMNIST_seed1_task2,SplitMNIST,digits,1,2,0.16244999488984335,0.10986911560568266,0.10217055774717239,0.26280959472266235,0.36817537936074735,0.33808761072364724,RC2O_static,0.9759725384630873,0.999,0.999,0.4992147148287318,0.5839877376427235,0.47715588506657436,0.0010000000000000009,Goal_D_stability_drift,Goal D: maximize stability under drift,2.3370190412887593,fixed_RC2O_static
SplitFashionMNIST_seed1_task2,SplitFashionMNIST,fashion,1,2,0.4315114128310036,0.441533418061148,0.25035097779407656,0.4887921037892913,0.47459758513169953,0.5960761947807884,RC2O_static,0.8901693094659318,0.999,0.9525808219363607,0.5584115070627852,0.534657077447679,0.6346443258706622,0.0010000000000000009,Goal_D_stability_drift,Goal D: maximize stability under drift,2.2848865624265438,fixed_RC2O_static
SplitKMNIST_seed1_task2,SplitKMNIST,characters,1,2,0.4656656983473609,0.3473480689464505,0.26080713549801476,0.49181373716337656,0.5040878402945852,0.5848600686180363,RC2O_static,0.8974644465014023,0.999,0.9624098448547793,0.5847775916151309,0.5126853403207243,0.5973076446840022,0.0010000000000000009,Goal_D_stability_drift,Goal D: maximize stability under drift,2.298381549276212,fixed_RC2O_static
RotatedMNIST_seed1_task2,RotatedMNIST,digits,1,2,0.3265682319593292,0.2789012436695616,0.5441066649648169,0.5538402914421798,0.4996565756466801,0.5012156463283127,RC2O_static,0.913785482218199,0.999,0.911021824435607,0.5611426230218417,0.5323811474817985,0.5850972982405842,0.0010000000000000009,Goal_D_stability_drift,Goal D: maximize stability under drift,2.2834217782833517,fixed_RC2O_static
PermutedMNIST_seed1_task2,PermutedMNIST,digits,1,2,0.31306995848012326,0.2647169260343134,0.5039710459105972,0.5009038266173627,0.4969106352354117,0.5139940208212204,RC2O_static,0.9287271490865388,0.999,0.9227023719195442,0.5568321090335601,0.5359732424720333,0.5609401444560445,0.0010000000000000009,Goal_D_stability_drift,Goal D: maximize stability under drift,2.296048436728976,fixed_RC2O_static
SplitCIFAR10_seed1_task2,SplitCIFAR10,natural-images,1,2,0.6253031061571721,0.5887812447262923,0.27882544326857994,0.6106002449812726,0.6112840535218916,0.7929443735764788,RC2O_static,0.8403401678653277,0.999,0.9358643937732491,0.6572108172339319,0.4523243189717233,0.7175527273272487,0.0010000000000000009,Goal_D_stability_drift,Goal D: maximize stability under drift,2.253546039914683,fixed_RC2O_static
SplitCIFAR100Coarse_seed1_task2,SplitCIFAR100Coarse,natural-images,1,2,0.8131131115253547,0.6727614997841525,0.43902156199287384,0.7452575117226714,0.6623221628899711,0.9498368631491109,RC2O_static,0.768754812976937,0.9973858800085047,0.8955654242221185,0.705273169917011,0.4122723584024909,0.7935830601907461,0.0026141199914953006,Goal_D_stability_drift,Goal D: maximize stability under drift,2.205049516844128,fixed_RC2O_static
SVHNContinual_seed1_task2,SVHNContinual,digits-real,1,2,0.5860008705986327,0.46468216528598055,0.5558026677902348,0.6741227598033842,0.5761773171410235,0.6649684074015767,RC2O_static,0.8449047553678315,0.999,0.896683299365181,0.6372511266937917,0.46895739442184026,0.6420589756093689,0.0010000000000000009,Goal_D_stability_drift,Goal D: maximize stability under drift,2.2429086747627776,fixed_RC2O_static
SplitMNIST_seed1_task3,SplitMNIST,digits,1,3,0.1840498088315293,0.09953857297524371,0.09774200012531535,0.2699265100771329,0.38713672990923864,0.2684318691796249,RC2O_static,0.9708819600875236,0.999,0.999,0.5134661766753424,0.5721115194372146,0.4553325582168608,0.0010000000000000009,Goal_D_stability_drift,Goal D: maximize stability under drift,2.331576369449218,fixed_RC2O_static
SplitFashionMNIST_seed1_task3,SplitFashionMNIST,fashion,1,3,0.36552637014116496,0.48694053026354267,0.2614808878770518,0.39933448249222075,0.49048393723552836,0.6309231452777158,RC2O_static,0.9080692301288151,0.999,0.939980323849452,0.5812005539854084,0.5156662050121597,0.6339366086629541,0.0010000000000000009,Goal_D_stability_drift,Goal D: maximize stability under drift,2.2745820167921718,fixed_RC2O_static
SplitKMNIST_seed1_task3,SplitKMNIST,characters,1,3,0.431881273228102,0.3757576381290579,0.3521853195438866,0.49430772849060095,0.5244671595124806,0.6591911401736178,RC2O_static,0.8993387385972778,0.999,0.942324980633644,0.5959931082159248,0.5033390764867294,0.641046145728091,0.0010000000000000009,Goal_D_stability_drift,Goal D: maximize stability under drift,2.2920034556453417,fixed_RC2O_static
RotatedMNIST_seed1_task3,RotatedMNIST,digits,1,3,0.32670573425184485,0.32451877748576796,0.4869325951830318,0.4963206837439743,0.5159352054760277,0.6044239330605587,RC2O_static,0.9132576110367006,0.999,0.920605503567373,0.5586686156009246,0.5344428203325629,0.6109408451594616,0.0010000000000000009,Goal_D_stability_drift,Goal D: maximize stability under drift,2.2893783846097415,fixed_RC2O_static
PermutedMNIST_seed1_task3,PermutedMNIST,digits,1,3,0.3463406319390595,0.23080609365980087,0.5907726257952066,0.5327731515677512,0.4725150457372488,0.4709169165108234,RC2O_static,0.9188064165068754,0.999,0.9122829788931253,0.5666987274163614,0.5277510604863656,0.5406938006160509,0.0010000000000000009,Goal_D_stability_drift,Goal D: maximize stability under drift,2.290861562550842,fixed_RC2O_static
SplitCIFAR10_seed1_task3,SplitCIFAR10,natural-images,1,3,0.6554451046891967,0.5882470330735468,0.4473537773161577,0.667943574963561,0.6110606447596912,0.7580463244379467,RC2O_static,0.8218299845629589,0.9938955126159212,0.9160844990163983,0.6555473141457624,0.453710571545198,0.7005839671011408,0.006104487384078761,Goal_D_stability_drift,Goal D: maximize stability under drift,2.245703797690457,fixed_RC2O_static
SplitCIFAR100Coarse_seed1_task3,SplitCIFAR100Coarse,natural-images,1,3,0.7918281031699116,0.6931600126146504,0.5162677364520123,0.7243649381211288,0.7163780334006072,0.9975914102186239,RC2O_static,0.7754788557983348,0.999,0.8956272584747391,0.7334181891717506,0.3888181756902078,0.8260362933834705,0.0010000000000000009,Goal_D_stability_drift,Goal D: maximize stability under drift,2.2242944193961995,fixed_RC2O_static
SVHNContinual_seed1_task3,SVHNContinual,digits-real,1,3,0.6164853751164437,0.5207570971588229,0.5476872805723473,0.6276024382509342,0.6201201942979018,0.7058778860762227,RC2O_static,0.8472716444384814,0.999,0.9108440231982562,0.6601747965935257,0.44985433617206183,0.6723507432844507,0.0010000000000000009,Goal_D_stability_drift,Goal D: maximize stability under drift,2.2651338352263686,fixed_RC2O_static
SplitMNIST_seed1_task4,SplitMNIST,digits,1,4,0.20195450084444358,0.07471616778281728,0.18807453512544722,0.28107126478444927,0.5047457731895469,0.2615865195679625,RC2O_static,0.9763088801274244,0.999,0.9827124794349498,0.512110167084974,0.5732415274291882,0.4570354724206025,0.0010000000000000009,Goal_D_stability_drift,Goal D: maximize stability under drift,2.3291502174416414,fixed_RC2O_static
SplitFashionMNIST_seed1_task4,SplitFashionMNIST,fashion,1,4,0.39131769793887156,0.547123078620316,0.25933227393754826,0.44635952801099865,0.5947686714736051,0.6647997021294646,RC2O_static,0.8939723687783752,0.999,0.9303232993347545,0.5713212871380908,0.5238989273849243,0.6629447977529778,0.0010000000000000009,Goal_D_stability_drift,Goal D: maximize stability under drift,2.2590187806616067,fixed_RC2O_static
SplitKMNIST_seed1_task4,SplitKMNIST,characters,1,4,0.4120980908295716,0.37353689742943746,0.2620260216520839,0.47827367604779275,0.5399584643513752,0.6925469090122468,RC2O_static,0.9003779999989798,0.999,0.9568748299018335,0.58723337886557,0.5106388509453583,0.6457020426212415,0.0010000000000000009,Goal_D_stability_drift,Goal D: maximize stability under drift,2.2966106881561488,fixed_RC2O_static
RotatedMNIST_seed1_task4,RotatedMNIST,digits,1,4,0.29016477051897926,0.3143753478234113,0.559948835798045,0.5234075399151786,0.5205772712950277,0.5441774823084808,RC2O_static,0.9493768541284486,0.999,0.9110506994167118,0.549130446514717,0.5423912945710692,0.5776695680091518,0.0010000000000000009,Goal_D_stability_drift,Goal D: maximize stability under drift,2.298565220385263,fixed_RC2O_static
PermutedMNIST_seed1_task4,PermutedMNIST,digits,1,4,0.34234954901552295,0.2300218736109157,0.6576161305897169,0.5786080759254457,0.5343438022162803,0.48260954030143677,RC2O_static,0.9182068855204497,0.999,0.8982883214676534,0.5561304113731741,0.536557990522355,0.5315003501433431,0.0010000000000000009,Goal_D_stability_drift,Goal D: maximize stability under drift,2.2816060580434585,fixed_RC2O_static
SplitCIFAR10_seed1_task4,SplitCIFAR10,natural-images,1,4,0.6308233085156676,0.5878155453697678,0.3718970344032895,0.629110995507831,0.6733343965800674,0.7991907299821233,RC2O_static,0.828102117572254,0.999,0.9198341473905964,0.6722984605263733,0.4397512828946889,0.7124422548654684,0.0010000000000000009,Goal_D_stability_drift,Goal D: maximize stability under drift,2.2427103480703634,fixed_RC2O_static
SplitCIFAR100Coarse_seed1_task4,SplitCIFAR100Coarse,natural-images,1,4,0.79002626300174,0.6342717682706962,0.5014316793151644,0.7719438695355011,0.785331289664574,0.9448725395949185,RC2O_static,0.7775603881877198,0.999,0.8910573739057501,0.7328478284725841,0.3892934762728465,0.7677067198669631,0.0010000000000000009,Goal_D_stability_drift,Goal D: maximize stability under drift,2.209320109896932,fixed_RC2O_static
SVHNContinual_seed1_task4,SVHNContinual,digits-real,1,4,0.5603237787616734,0.5023999556018484,0.6071717971843381,0.6421228253161184,0.678624187247489,0.6720337546464061,RC2O_static,0.8320691391883897,0.9975527459545062,0.9016689609507678,0.6426392194956193,0.46446731708698386,0.657318343735707,0.0024472540454938407,Goal_D_stability_drift,Goal D: maximize stability under drift,2.2555800991995336,fixed_RC2O_static
SplitMNIST_seed1_task5,SplitMNIST,digits,1,5,0.1692596978520151,0.1300871711100096,0.04376918222847759,0.28291567121049416,0.5532403417290499,0.2833544591222786,RC2O_static,0.9823032531475666,0.999,0.999,0.520751683002246,0.566040264164795,0.4681216563867693,0.0010000000000000009,Goal_D_stability_drift,Goal D: maximize stability under drift,2.325765400057815,fixed_RC2O_static
SplitFashionMNIST_seed1_task5,SplitFashionMNIST,fashion,1,5,0.38662635374056525,0.458214248691706,0.2655645480135361,0.4315922477060668,0.6044013611056935,0.6732835197486579,RC2O_static,0.8947275000691199,0.999,0.9498061574392913,0.5731785086227494,0.5223512428143755,0.6458620247025832,0.0010000000000000009,Goal_D_stability_drift,Goal D: maximize stability under drift,2.28599367075838,fixed_RC2O_static
SplitKMNIST_seed1_task5,SplitKMNIST,characters,1,5,0.40349277794386396,0.442321042302932,0.34212448310162924,0.4574136362948369,0.5870531915490932,0.6583080456633699,RC2O_static,0.8985844983148525,0.999,0.9366460968463037,0.6014820017219609,0.49876499856503254,0.6356597782244187,0.0010000000000000009,Goal_D_stability_drift,Goal D: maximize stability under drift,2.281020945249942,fixed_RC2O_static
RotatedMNIST_seed1_task5,RotatedMNIST,digits,1,5,0.35676060850946123,0.2875568893258405,0.7002950742487211,0.5671393659994899,0.568213593706577,0.49832062388410486,RC2O_static,0.91420730788276,0.999,0.8988699944265433,0.5659787739696571,0.5283510216919524,0.5697060838299797,0.0010000000000000009,Goal_D_stability_drift,Goal D: maximize stability under drift,2.292167286473811,fixed_RC2O_static
PermutedMNIST_seed1_task5,PermutedMNIST,digits,1,5,0.3209297170788323,0.2917281388036251,0.654555480115323,0.5521461113558415,0.5843251734683311,0.480321285346126,RC2O_static,0.9232325009513744,0.9976843214110933,0.8997474400071641,0.573826290639421,0.5218114244671491,0.5473856852466329,0.002315678588906689,Goal_D_stability_drift,Goal D: maximize stability under drift,2.2851322215165593,fixed_RC2O_static
SplitCIFAR10_seed1_task5,SplitCIFAR10,natural-images,1,5,0.6330664908622213,0.5496347766142244,0.45894260361929456,0.6498391324986418,0.6988371954646971,0.7767976022631671,RC2O_static,0.8248790061884657,0.999,0.9064927529522915,0.6604355226523769,0.44963706445635254,0.7010986596047104,0.0010000000000000009,Goal_D_stability_drift,Goal D: maximize stability under drift,2.2377202166752346,fixed_RC2O_static
SplitCIFAR100Coarse_seed1_task5,SplitCIFAR100Coarse,natural-images,1,5,0.7710723221501569,0.6594913764709285,0.5727920113514886,0.7489437563131799,0.7742575306729389,1.0,RC2O_static,0.7707482300734743,0.999,0.8854833585084645,0.7291755734954981,0.39235368875375154,0.7982541983235724,0.0010000000000000009,Goal_D_stability_drift,Goal D: maximize stability under drift,2.213389748767917,fixed_RC2O_static
SVHNContinual_seed1_task5,SVHNContinual,digits-real,1,5,0.5903521956629811,0.4691885850278141,0.6312688681712095,0.7002632692622633,0.7576513044512806,0.726902149280249,RC2O_static,0.8441047387934959,0.999,0.8831413056187132,0.677246917362414,0.4356275688646549,0.6756731177194762,0.0010000000000000009,Goal_D_stability_drift,Goal D: maximize stability under drift,2.2351338781023844,fixed_RC2O_static
SplitMNIST_seed2_task1,SplitMNIST,digits,2,1,0.1507801433555985,0.10143014859189539,0.10364652376207192,0.25143092818134644,0.25052565757441186,0.29300366907885467,RC2O_static,0.9897530695884635,0.999,0.999,0.4651442562003182,0.6123797864997349,0.48260069947804685,0.0010000000000000009,Goal_D_stability_drift,Goal D: maximize stability under drift,2.3441012090764155,fixed_RC2O_static
SplitFashionMNIST_seed2_task1,SplitFashionMNIST,fashion,2,1,0.40066181276053725,0.44507347271644654,0.23451611494557628,0.49357430232011024,0.46596749632275475,0.6259836226917374,RC2O_static,0.8949835005222655,0.999,0.95047216059409,0.5771665070103017,0.5190279108247486,0.630327595084179,0.0010000000000000009,Goal_D_stability_drift,Goal D: maximize stability under drift,2.2793960047277606,fixed_RC2O_static
SplitKMNIST_seed2_task1,SplitKMNIST,characters,2,1,0.42719807237425006,0.3487060136998262,0.22863562740492877,0.4456931286766152,0.4539620862151731,0.6687945289807565,RC2O_static,0.90121431606041,0.999,0.9585404345387989,0.5727573527849891,0.522702206012509,0.6235139860858189,0.0010000000000000009,Goal_D_stability_drift,Goal D: maximize stability under drift,2.2912224048864833,fixed_RC2O_static
RotatedMNIST_seed2_task1,RotatedMNIST,digits,2,1,0.29905518199764436,0.24021535026139512,0.4189602067701992,0.43305401150068684,0.39140195709833486,0.4965692580761236,RC2O_static,0.9409817548348594,0.999,0.9409634188507376,0.538399418755833,0.5513338177034726,0.567094960866465,0.0010000000000000009,Goal_D_stability_drift,Goal D: maximize stability under drift,2.3122156623174965,fixed_RC2O_static
PermutedMNIST_seed2_task1,PermutedMNIST,digits,2,1,0.35564727080584174,0.2700683468630563,0.5196930200663868,0.5310528670180544,0.4328877374827303,0.4748950457832441,RC2O_static,0.922639776105135,0.999,0.9174373807165292,0.5542890216115264,0.5380924819903947,0.5476860149039456,0.0010000000000000009,Goal_D_stability_drift,Goal D: maximize stability under drift,2.2879447718152996,fixed_RC2O_static
SplitCIFAR10_seed2_task1,SplitCIFAR10,natural-images,2,1,0.661393144674172,0.5374582613657736,0.3086905319695931,0.6010293017472977,0.565551180590767,0.8651676801165903,RC2O_static,0.8266659535040672,0.999,0.9365722541714827,0.6425796239935959,0.4645169800053367,0.7338171821548547,0.0010000000000000009,Goal_D_stability_drift,Goal D: maximize stability under drift,2.2575853915473085,fixed_RC2O_static
SplitCIFAR100Coarse_seed2_task1,SplitCIFAR100Coarse,natural-images,2,1,0.7809010999956233,0.7020395691474365,0.37977316069236355,0.7410627283934746,0.5701814880887224,0.9190468780122998,RC2O_static,0.7696668546217684,0.9972287610659716,0.908577437403989,0.6949079635979856,0.42091003033501195,0.7604000816673995,0.0027712389340284194,Goal_D_stability_drift,Goal D: maximize stability under drift,2.2105349329101154,fixed_RC2O_static
SVHNContinual_seed2_task1,SVHNContinual,digits-real,2,1,0.5633665041161232,0.49161761621344774,0.41842074233600424,0.6137620287423091,0.530404015444869,0.7436268985579215,RC2O_static,0.839806641932948,0.999,0.9256789306428082,0.6304426706721705,0.4746311077731912,0.6877484749448771,0.0010000000000000009,Goal_D_stability_drift,Goal D: maximize stability under drift,2.2630199369923427,fixed_RC2O_static
SplitMNIST_seed2_task2,SplitMNIST,digits,2,2,0.1365161113011586,0.14243491765981306,0.09481523943490536,0.2925785030959676,0.37966421567921416,0.32895464078270453,RC2O_static,0.995,0.999,0.999,0.4889692986124722,0.5925255844896065,0.4886044287841418,0.0010000000000000009,Goal_D_stability_drift,Goal D: maximize stability under drift,2.343780806941989,fixed_RC2O_static
SplitFashionMNIST_seed2_task2,SplitFashionMNIST,fashion,2,2,0.39216592874978384,0.4538230682910619,0.18612280836677741,0.45478541262715566,0.5212691123254068,0.593641328389066,RC2O_static,0.8931528055971587,0.999,0.9485619478695062,0.5859851827705498,0.5116790143578751,0.6198146599320052,0.0010000000000000009,Goal_D_stability_drift,Goal D: maximize stability under drift,2.2654873310234,fixed_RC2O_static
SplitKMNIST_seed2_task2,SplitKMNIST,characters,2,2,0.42528538715278313,0.399671535183187,0.23936537298814345,0.4493722474532167,0.39241707474120685,0.7147251254701994,RC2O_static,0.9094364315365884,0.999,0.9525129473279703,0.5804578665064534,0.5162851112446222,0.6623627083986561,0.0010000000000000009,Goal_D_stability_drift,Goal D: maximize stability under drift,2.291295479715302,fixed_RC2O_static
RotatedMNIST_seed2_task2,RotatedMNIST,digits,2,2,0.30634692278281694,0.29474536505159943,0.49925974012136975,0.4582301474189383,0.3849378045078447,0.599756383213272,RC2O_static,0.9398858856385344,0.999,0.9308175384549588,0.5362734365477189,0.5531054695435675,0.6028287049846368,0.0010000000000000009,Goal_D_stability_drift,Goal D: maximize stability under drift,2.315895825333211,fixed_RC2O_static
PermutedMNIST_seed2_task2,PermutedMNIST,digits,2,2,0.2930926218820866,0.26513863182659847,0.538288909866798,0.47181237922283215,0.42558731343906153,0.46164923669534397,RC2O_static,0.9225938862317842,0.999,0.9227441390542117,0.5361924985546443,0.5531729178711298,0.5436272427195126,0.0010000000000000009,Goal_D_stability_drift,Goal D: maximize stability under drift,2.2994244054093116,fixed_RC2O_static
SplitCIFAR10_seed2_task2,SplitCIFAR10,natural-images,2,2,0.5851627668696491,0.5232021127120186,0.33013044317168483,0.5981258369970281,0.5623650595625325,0.7264191142421776,RC2O_static,0.8330554327404514,0.999,0.9250741297735405,0.6421200017713067,0.46489999852391106,0.6873012191207742,0.0010000000000000009,Goal_D_stability_drift,Goal D: maximize stability under drift,2.242923624977471,fixed_RC2O_static
SplitCIFAR100Coarse_seed2_task2,SplitCIFAR100Coarse,natural-images,2,2,0.7268590118434352,0.6658653819845225,0.4985588187173504,0.7342935034705377,0.6817924365092294,0.8612412365328956,RC2O_static,0.798577136129563,0.9940088779159888,0.8920479601567544,0.70176027567986,0.41519977026678334,0.7329588811789283,0.005991122084011202,Goal_D_stability_drift,Goal D: maximize stability under drift,2.2128428294163007,fixed_RC2O_static
SVHNContinual_seed2_task2,SVHNContinual,digits-real,2,2,0.5494469091915636,0.4769299570497869,0.48815515982766144,0.6324788526817721,0.5090973516548516,0.7138743559923201,RC2O_static,0.8549982172090043,0.999,0.9046363514409741,0.6275565889536402,0.47703617587196645,0.6684663652361685,0.0010000000000000009,Goal_D_stability_drift,Goal D: maximize stability under drift,2.2489774763303982,fixed_RC2O_static
SplitMNIST_seed2_task3,SplitMNIST,digits,2,3,0.13105550003207225,0.09982958088337249,0.09302547359785406,0.2506102464554514,0.44921137140839845,0.28391218910984756,RC2O_static,0.995,0.999,0.999,0.5001006973561064,0.5832494188699113,0.45315946696926934,0.0010000000000000009,Goal_D_stability_drift,Goal D: maximize stability under drift,2.339414907265274,fixed_RC2O_static
SplitFashionMNIST_seed2_task3,SplitFashionMNIST,fashion,2,3,0.33381395994618895,0.4484938036471359,0.3247690321046144,0.43089290508965405,0.48087416635062086,0.6437575716903422,RC2O_static,0.9242464337942509,0.999,0.9425419060923883,0.5513480342166366,0.5405433048194694,0.6399260865704965,0.0010000000000000009,Goal_D_stability_drift,Goal D: maximize stability under drift,2.297609283462668,fixed_RC2O_static
SplitKMNIST_seed2_task3,SplitKMNIST,characters,2,3,0.44315128387095176,0.3898499322321634,0.2759205480314769,0.50993628938514,0.5346919238343283,0.6518361451328278,RC2O_static,0.8861626871177457,0.999,0.9539801498812102,0.5829496423510868,0.5142086313740943,0.6195796608314607,0.0010000000000000009,Goal_D_stability_drift,Goal D: maximize stability under drift,2.2877930856359705,fixed_RC2O_static
RotatedMNIST_seed2_task3,RotatedMNIST,digits,2,3,0.38369785565266634,0.2562452672010205,0.5218404293164506,0.6161409794628477,0.5144939908682541,0.47947962233296765,RC2O_static,0.9142666351140105,0.999,0.9211022820773713,0.5813788915881444,0.515517590343213,0.5648958687564726,0.0010000000000000009,Goal_D_stability_drift,Goal D: maximize stability under drift,2.2913305515518863,fixed_RC2O_static
PermutedMNIST_seed2_task3,PermutedMNIST,digits,2,3,0.3603518485788121,0.25801184558844326,0.5608335648905618,0.5697349258848045,0.5285975825049662,0.4010021556687567,RC2O_static,0.9117192127371476,0.999,0.9201997663201251,0.5611964792070641,0.5323362673274465,0.5313277047471515,0.0010000000000000009,Goal_D_stability_drift,Goal D: maximize stability under drift,2.2937867759026136,fixed_RC2O_static
SplitCIFAR10_seed2_task3,SplitCIFAR10,natural-images,2,3,0.6096594993657131,0.5145184151305742,0.35191651081777336,0.6223468321924149,0.5596230206377104,0.7759311084609678,RC2O_static,0.8380665476887601,0.999,0.9243276003050689,0.6448292524068028,0.46264228966099763,0.6906645330018405,0.0010000000000000009,Goal_D_stability_drift,Goal D: maximize stability under drift,2.2478713486765285,fixed_RC2O_static
SplitCIFAR100Coarse_seed2_task3,SplitCIFAR100Coarse,natural-images,2,3,0.7629835268947399,0.6952627324404606,0.48484518505244173,0.7212045645047555,0.6907043340877023,1.0,RC2O_static,0.7783203898975224,0.999,0.9065049472295994,0.7053776574005837,0.4121852854995136,0.793305225081094,0.0010000000000000009,Goal_D_stability_drift,Goal D: maximize stability under drift,2.233486513785275,fixed_RC2O_static
SVHNContinual_seed2_task3,SVHNContinual,digits-real,2,3,0.5916505508407276,0.5393765274060061,0.5405137326594532,0.6652699218870556,0.5686688851089744,0.6778270285155533,RC2O_static,0.8337968235292417,0.999,0.90363386862395,0.6402984167535274,0.4664179860387272,0.6682136440146239,0.0010000000000000009,Goal_D_stability_drift,Goal D: maximize stability under drift,2.2490121776384524,fixed_RC2O_static
SplitMNIST_seed2_task4,SplitMNIST,digits,2,4,0.13738382373373115,0.10924384599934318,0.13620155681204676,0.2830131575003036,0.4605991464890704,0.2603136777211199,RC2O_static,0.995,0.999,0.9928611214927299,0.48752268745688976,0.5937310937859253,0.4418947467763412,0.0010000000000000009,Goal_D_stability_drift,Goal D: maximize stability under drift,2.3389843894712086,fixed_RC2O_static
SplitFashionMNIST_seed2_task4,SplitFashionMNIST,fashion,2,4,0.34879615488155685,0.43840755381884255,0.2974896509765069,0.4603351524623008,0.5632812529506968,0.5830948914637215,RC2O_static,0.9238198292215154,0.999,0.9419993230478811,0.5646736730078717,0.5294386058267735,0.6144420565159026,0.0010000000000000009,Goal_D_stability_drift,Goal D: maximize stability under drift,2.2884491722518225,fixed_RC2O_static
SplitKMNIST_seed2_task4,SplitKMNIST,characters,2,4,0.4171748913023331,0.39951542961623554,0.23064403471024197,0.4631496639727843,0.6013195761110102,0.740621615898952,RC2O_static,0.9051688990046627,0.999,0.9482664370344169,0.5945985884524514,0.5045011762896239,0.6819521837107534,0.0010000000000000009,Goal_D_stability_drift,Goal D: maximize stability under drift,2.283581481237236,fixed_RC2O_static
RotatedMNIST_seed2_task4,RotatedMNIST,digits,2,4,0.3055541788029402,0.33533133754924893,0.639310383173817,0.5548312180807138,0.5475193705356831,0.5446682920014587,RC2O_static,0.9298421537243466,0.999,0.9028013460269428,0.5607334163963894,0.5327221530030088,0.5881987338739139,0.0010000000000000009,Goal_D_stability_drift,Goal D: maximize stability under drift,2.2945666068691004,fixed_RC2O_static
PermutedMNIST_seed2_task4,PermutedMNIST,digits,2,4,0.3381023515310466,0.20095131843887665,0.6350835055932001,0.5750952786046599,0.5526345683387371,0.5301728148520302,RC2O_static,0.9015125881902095,0.999,0.9184371810381149,0.5661821483275985,0.5281815430603345,0.5702010604564315,0.0010000000000000009,Goal_D_stability_drift,Goal D: maximize stability under drift,2.3049556443868524,fixed_RC2O_static
SplitCIFAR10_seed2_task4,SplitCIFAR10,natural-images,2,4,0.600254479537546,0.5345108443191785,0.3459247753101631,0.5800591383893343,0.7285238170213131,0.7777004361785671,RC2O_static,0.8372719391067396,0.999,0.9254300003644169,0.6664983963608132,0.4445846696993223,0.6995981279469549,0.0010000000000000009,Goal_D_stability_drift,Goal D: maximize stability under drift,2.2480405584472525,fixed_RC2O_static
SplitCIFAR100Coarse_seed2_task4,SplitCIFAR100Coarse,natural-images,2,4,0.809740989495605,0.6497017512715937,0.5346875795765424,0.7819835200817745,0.8176403667231928,0.9261845263853163,RC2O_static,0.7651258562997592,0.9952749026177219,0.8881967579234693,0.7350020610780899,0.3874982824349251,0.7677269294496527,0.0047250973822781095,Goal_D_stability_drift,Goal D: maximize stability under drift,2.2039968661092524,fixed_RC2O_static
SVHNContinual_seed2_task4,SVHNContinual,digits-real,2,4,0.6054168524096235,0.4402486173425707,0.584809549447483,0.7169600676696432,0.6859853563238327,0.7320834963577217,RC2O_static,0.8233409818433362,0.999,0.894039231671238,0.6607687939909808,0.4493593383408493,0.6801105173635266,0.0010000000000000009,Goal_D_stability_drift,Goal D: maximize stability under drift,2.239264553516448,fixed_RC2O_static
SplitMNIST_seed2_task5,SplitMNIST,digits,2,5,0.16578543635245707,0.08656289809072543,0.0703648019899094,0.23910474420137484,0.5305612994085463,0.22195612573013107,RC2O_static,0.995,0.999,0.999,0.5236843330536239,0.56359638912198,0.43425293335286375,0.0010000000000000009,Goal_D_stability_drift,Goal D: maximize stability under drift,2.3320140002289693,fixed_RC2O_static
SplitFashionMNIST_seed2_task5,SplitFashionMNIST,fashion,2,5,0.39196661973560215,0.4454242140808284,0.322400358867788,0.4448126524856268,0.6654346754208411,0.6319252679584378,RC2O_static,0.8894931795282524,0.999,0.9456824891430757,0.5838658982135384,0.5134450848220513,0.624576164697866,0.0010000000000000009,Goal_D_stability_drift,Goal D: maximize stability under drift,2.2865515186638716,fixed_RC2O_static
SplitKMNIST_seed2_task5,SplitKMNIST,characters,2,5,0.405533564988147,0.42400395908272387,0.2782049246685278,0.5088181177462999,0.6082951631897321,0.6749329854884509,RC2O_static,0.8895300121466561,0.999,0.9575806007277365,0.5941734390805297,0.504855467432892,0.6432841146707469,0.0010000000000000009,Goal_D_stability_drift,Goal D: maximize stability under drift,2.296371227850394,fixed_RC2O_static
RotatedMNIST_seed2_task5,RotatedMNIST,digits,2,5,0.29712818802523316,0.2651522475836035,0.6546767615313087,0.556483192363537,0.604278561938093,0.4555226574406656,RC2O_static,0.9318232565366795,0.999,0.9031519819974971,0.5632077262300942,0.5306602281415882,0.5516687801298664,0.0010000000000000009,Goal_D_stability_drift,Goal D: maximize stability under drift,2.294797727853466,fixed_RC2O_static
PermutedMNIST_seed2_task5,PermutedMNIST,digits,2,5,0.3313433139057956,0.23689558228135443,0.7452047422217002,0.6080564239666443,0.5906853038024131,0.43953071997894394,RC2O_static,0.9280573126660581,0.999,0.8755385062260239,0.5827129682908534,0.5144058597576222,0.5300034127826694,0.0010000000000000009,Goal_D_stability_drift,Goal D: maximize stability under drift,2.2594751196953253,fixed_RC2O_static
SplitCIFAR10_seed2_task5,SplitCIFAR10,natural-images,2,5,0.6134587030524706,0.615544494811624,0.44223219757419086,0.6513766548607212,0.7275055641287176,0.8241851235922791,RC2O_static,0.8265101159370405,0.999,0.9114563459763911,0.6729213504930357,0.4392322079224702,0.7182736769729173,0.0010000000000000009,Goal_D_stability_drift,Goal D: maximize stability under drift,2.243598654314324,fixed_RC2O_static
SplitCIFAR100Coarse_seed2_task5,SplitCIFAR100Coarse,natural-images,2,5,0.8266684095557615,0.6705958799598599,0.5564168615163934,0.7518494344203964,0.8630383594402056,0.8793962754653915,RC2O_static,0.7588097820054238,0.9945488090033721,0.8798433546938595,0.758081639605312,0.3682653003289066,0.7462889658417132,0.0054511909966279415,Goal_D_stability_drift,Goal D: maximize stability under drift,2.1872649912000672,fixed_RC2O_static
SVHNContinual_seed2_task5,SVHNContinual,digits-real,2,5,0.5637446887187041,0.4828944407860259,0.6659409216932358,0.7199501451213391,0.7321347609083925,0.7182448902972433,RC2O_static,0.8474107304071186,0.9976295471760395,0.8695010467034787,0.6681610048488967,0.4431991626259194,0.6649342360998313,0.002370452823960534,Goal_D_stability_drift,Goal D: maximize stability under drift,2.214275205549444,fixed_RC2O_static
SplitMNIST_seed3_task1,SplitMNIST,digits,3,1,0.1506632545106428,0.051252823767483156,0.09347500297465011,0.2663096168897839,0.36583140828415367,0.22791095413219348,RC2O_static,0.995,0.999,0.999,0.49016251874131167,0.5915312343822403,0.4307389316607966,0.0010000000000000009,Goal_D_stability_drift,Goal D: maximize stability under drift,2.337676760479527,fixed_RC2O_static
SplitFashionMNIST_seed3_task1,SplitFashionMNIST,fashion,3,1,0.3473075384596984,0.47122468177423193,0.18794863524914446,0.4416778440139004,0.3542761899153115,0.6677035764531971,RC2O_static,0.9233220958134187,0.999,0.9528200069027397,0.5337298261553817,0.5552251448705152,0.651857511715604,0.0010000000000000009,Goal_D_stability_drift,Goal D: maximize stability under drift,2.2876829952555715,fixed_RC2O_static
SplitKMNIST_seed3_task1,SplitKMNIST,characters,3,1,0.40629817004638485,0.45347238061182815,0.20499594246631953,0.47062460701617226,0.3828470534109738,0.669444259074977,RC2O_static,0.9015261430940076,0.999,0.9529187217747561,0.5651613834373992,0.529032180468834,0.6492200453634914,0.0010000000000000009,Goal_D_stability_drift,Goal D: maximize stability under drift,2.281866932331418,fixed_RC2O_static
RotatedMNIST_seed3_task1,RotatedMNIST,digits,3,1,0.3029037128036037,0.29056326059711496,0.47546407004769914,0.47774386648937417,0.3609400408615923,0.5413663043500635,RC2O_static,0.9294781692199932,0.999,0.9241831987791418,0.5340168156948244,0.5549859869209797,0.5798535204226425,0.0010000000000000009,Goal_D_stability_drift,Goal D: maximize stability under drift,2.296032509999399,fixed_RC2O_static
PermutedMNIST_seed3_task1,PermutedMNIST,digits,3,1,0.33820233143031536,0.2809247648164643,0.47705112182143433,0.5320313038262525,0.39011132638679985,0.4431487645799913,RC2O_static,0.9122662518040456,0.999,0.9248312206697176,0.5531466377886823,0.5390444685094313,0.5321854876345312,0.0010000000000000009,Goal_D_stability_drift,Goal D: maximize stability under drift,2.2856744624876546,fixed_RC2O_static
SplitCIFAR10_seed3_task1,SplitCIFAR10,natural-images,3,1,0.6642775849315627,0.5406182123248098,0.3679707422271125,0.6608654258821052,0.5839322958041161,0.7840231105215867,RC2O_static,0.8323985849651279,0.999,0.9296597346295037,0.6652704167030593,0.4456079860807839,0.6875926659014202,0.0010000000000000009,Goal_D_stability_drift,Goal D: maximize stability under drift,2.2552873288958617,fixed_RC2O_static
SplitCIFAR100Coarse_seed3_task1,SplitCIFAR100Coarse,natural-images,3,1,0.7246851542948537,0.6642819126679692,0.3797456973252263,0.6558755154960977,0.5452369976970267,0.9912891965369105,RC2O_static,0.7939700721958975,0.999,0.9177596703121527,0.6753881786131128,0.43717651782240596,0.7844764915838766,0.0010000000000000009,Goal_D_stability_drift,Goal D: maximize stability under drift,2.2363246124354097,fixed_RC2O_static
SVHNContinual_seed3_task1,SVHNContinual,digits-real,3,1,0.5885276027343417,0.5255634763903307,0.4735920942558293,0.5890322373711214,0.48892911555075597,0.7384753591482194,RC2O_static,0.8396722368045182,0.999,0.9096454121073259,0.627904335384849,0.4767463871792924,0.682951788940178,0.0010000000000000009,Goal_D_stability_drift,Goal D: maximize stability under drift,2.2496492626294766,fixed_RC2O_static
SplitMNIST_seed3_task2,SplitMNIST,digits,3,2,0.13675075086255742,0.057184235027194705,0.05831276647795754,0.16021185444298736,0.43217052373132453,0.2908222407611112,RC2O_static,0.995,0.999,0.999,0.48807622876334034,0.5932698093638831,0.45708924240546056,0.0010000000000000009,Goal_D_stability_drift,Goal D: maximize stability under drift,2.3333733054510364,fixed_RC2O_static
SplitFashionMNIST_seed3_task2,SplitFashionMNIST,fashion,3,2,0.38680870883793267,0.4174186833459431,0.26721583190023235,0.43386513113186104,0.5433911626255871,0.6248816997279327,RC2O_static,0.8914586280708829,0.999,0.9484929649185709,0.5770475378881564,0.5191270517598696,0.6201007569226072,0.0010000000000000009,Goal_D_stability_drift,Goal D: maximize stability under drift,2.2805829180795807,fixed_RC2O_static
SplitKMNIST_seed3_task2,SplitKMNIST,characters,3,2,0.4339709536289738,0.39889167959029,0.2753213768047772,0.5006476411892806,0.42815000678874354,0.6262837601252919,RC2O_static,0.8889365375285418,0.999,0.9467384333519353,0.5703345010595814,0.5247212491170155,0.6192633876603357,0.0010000000000000009,Goal_D_stability_drift,Goal D: maximize stability under drift,2.2789685401708772,fixed_RC2O_static
RotatedMNIST_seed3_task2,RotatedMNIST,digits,3,2,0.31576017905722253,0.2996404270355048,0.462726638388594,0.49017464301821867,0.4534941957815557,0.4749552219224912,RC2O_static,0.9267440725602893,0.999,0.9247395217137822,0.5487846784770668,0.5426794346024444,0.5588106750856815,0.0010000000000000009,Goal_D_stability_drift,Goal D: maximize stability under drift,2.290804141001937,fixed_RC2O_static
PermutedMNIST_seed3_task2,PermutedMNIST,digits,3,2,0.3163806725460198,0.2374960641389353,0.5385106474188486,0.48647631698650673,0.4999662612562959,0.4528345448482969,RC2O_static,0.9235680805503015,0.999,0.9169060415303698,0.5371472800216573,0.5523772666486189,0.5404971091295595,0.0010000000000000009,Goal_D_stability_drift,Goal D: maximize stability under drift,2.2909432917133463,fixed_RC2O_static
SplitCIFAR10_seed3_task2,SplitCIFAR10,natural-images,3,2,0.6049674739000255,0.5454938331713125,0.4028071007748514,0.6796834614811847,0.6170858046550558,0.8220747133258542,RC2O_static,0.8320959035305378,0.999,0.9129131244470363,0.6534218227913342,0.4554818143405548,0.7225461166632352,0.0010000000000000009,Goal_D_stability_drift,Goal D: maximize stability under drift,2.241690564406103,fixed_RC2O_static
SplitCIFAR100Coarse_seed3_task2,SplitCIFAR100Coarse,natural-images,3,2,0.7798570251325917,0.6355350753962129,0.41745002713744617,0.6639768599788402,0.7251510320012058,0.9417048472445149,RC2O_static,0.7825613711331223,0.999,0.9157032374893632,0.7184540080412496,0.40128832663229197,0.7732754496080596,0.0010000000000000009,Goal_D_stability_drift,Goal D: maximize stability under drift,2.23338988006761,fixed_RC2O_static
SVHNContinual_seed3_task2,SVHNContinual,digits-real,3,2,0.5312992378853533,0.48331550928341127,0.5268746051361451,0.6481753452424809,0.5678061738956911,0.6771894856462664,RC2O_static,0.846512877658905,0.999,0.9130639954022806,0.6180886470702254,0.4849261274414788,0.6533416624705667,0.0010000000000000009,Goal_D_stability_drift,Goal D: maximize stability under drift,2.2641604200011476,fixed_RC2O_static
SplitMNIST_seed3_task3,SplitMNIST,digits,3,3,0.16683666644527684,0.07627813675509686,0.08980183747034003,0.2641977950762912,0.39167424736590345,0.33996601621344635,RC2O_static,0.9794939726614009,0.999,0.999,0.49656209289504194,0.5861982559207983,0.46915761179572824,0.0010000000000000009,Goal_D_stability_drift,Goal D: maximize stability under drift,2.335090971533677,fixed_RC2O_static
SplitFashionMNIST_seed3_task3,SplitFashionMNIST,fashion,3,3,0.3897642233100701,0.44812519841260945,0.24140636475861607,0.44538765852738516,0.5584456621419324,0.6354080991108447,RC2O_static,0.8944030689887705,0.999,0.9577480622597081,0.5712746718066242,0.5239377734944799,0.6442415903158077,0.0010000000000000009,Goal_D_stability_drift,Goal D: maximize stability under drift,2.2923133015159256,fixed_RC2O_static
SplitKMNIST_seed3_task3,SplitKMNIST,characters,3,3,0.45501077157366143,0.3869273712707713,0.2968249676231874,0.4591287401199968,0.5532997334394424,0.6422206838809527,RC2O_static,0.8897150885049729,0.999,0.9413796320683481,0.5873089120684226,0.5105759066096478,0.6241187443791476,0.0010000000000000009,Goal_D_stability_drift,Goal D: maximize stability under drift,2.2755384497993707,fixed_RC2O_static
RotatedMNIST_seed3_task3,RotatedMNIST,digits,3,3,0.34210064666858203,0.3093952732217573,0.5523529067279033,0.5839346555337048,0.451950279105784,0.5162106731189404,RC2O_static,0.9216347225952894,0.999,0.9128964563095407,0.5673453370208364,0.5272122191493029,0.5736925905053255,0.0010000000000000009,Goal_D_stability_drift,Goal D: maximize stability under drift,2.2890104411710643,fixed_RC2O_static
PermutedMNIST_seed3_task3,PermutedMNIST,digits,3,3,0.34279688810331904,0.24582614497010352,0.577326445043787,0.5261246923527113,0.4804510033862693,0.47298241903196353,RC2O_static,0.9194058413501407,0.999,0.9247038832510655,0.5655744857791398,0.5286879285173834,0.5471276961745127,0.0010000000000000009,Goal_D_stability_drift,Goal D: maximize stability under drift,2.307510654031913,fixed_RC2O_static
SplitCIFAR10_seed3_task3,SplitCIFAR10,natural-images,3,3,0.609001277460961,0.5672576047431225,0.47949572662832796,0.6412179749198721,0.6267267871976827,0.76887040189945,RC2O_static,0.8318411289891221,0.9983932858936844,0.8990755521344116,0.6562950574316108,0.4530874521403243,0.6999593265882252,0.001606714106315632,Goal_D_stability_drift,Goal D: maximize stability under drift,2.232875034029343,fixed_RC2O_static
SplitCIFAR100Coarse_seed3_task3,SplitCIFAR100Coarse,natural-images,3,3,0.7857986424152088,0.6885323579339555,0.5136159980759754,0.7852830580575973,0.6778296745770466,0.9882214057836011,RC2O_static,0.7704841431032923,0.999,0.8983637620308487,0.7146907966498934,0.40442433612508877,0.8097599013477438,0.0010000000000000009,Goal_D_stability_drift,Goal D: maximize stability under drift,2.225363763076063,fixed_RC2O_static
SVHNContinual_seed3_task3,SVHNContinual,digits-real,3,3,0.6199003082925738,0.5260286416829557,0.5138324577948258,0.6356716765535357,0.6578974816959147,0.7543962014181311,RC2O_static,0.8230433616179886,0.9969652008257588,0.897908685395163,0.670894646603922,0.440921127830065,0.7020258630348758,0.0030347991742412095,Goal_D_stability_drift,Goal D: maximize stability under drift,2.2330525943695436,fixed_RC2O_static
SplitMNIST_seed3_task4,SplitMNIST,digits,3,4,0.1301762160289187,0.08363897531116124,0.07176139327012726,0.22768453227743934,0.43658567785474145,0.2409032694790533,RC2O_static,0.9930990952172536,0.999,0.9956301175811131,0.49731560923042495,0.5855703256413125,0.44870790861272203,0.0010000000000000009,Goal_D_stability_drift,Goal D: maximize stability under drift,2.3295742100877437,fixed_RC2O_static
SplitFashionMNIST_seed3_task4,SplitFashionMNIST,fashion,3,4,0.39970257873027026,0.45773982772123967,0.2186977962083539,0.4751758049735592,0.6141815769211848,0.6424753099812005,RC2O_static,0.902442656269812,0.999,0.9515455292570723,0.5945464817132184,0.5045445985723179,0.6308627681690139,0.0010000000000000009,Goal_D_stability_drift,Goal D: maximize stability under drift,2.279825082985086,fixed_RC2O_static
SplitKMNIST_seed3_task4,SplitKMNIST,characters,3,4,0.40640911359641574,0.428505937831582,0.28758395728684866,0.43909594335634666,0.6099470447656976,0.6853062034150225,RC2O_static,0.8901246205896491,0.999,0.9514954673504867,0.5932358280920773,0.5056368099232689,0.6560313177913224,0.0010000000000000009,Goal_D_stability_drift,Goal D: maximize stability under drift,2.2911244367730603,fixed_RC2O_static
RotatedMNIST_seed3_task4,RotatedMNIST,digits,3,4,0.32782505660321964,0.2986335411465836,0.6132480062628524,0.5762849925621533,0.5109095173562921,0.5110074590294308,RC2O_static,0.9112627039839982,0.999,0.8995953558449101,0.5607359874395851,0.5327200104670125,0.5720432690847647,0.0010000000000000009,Goal_D_stability_drift,Goal D: maximize stability under drift,2.277019378530975,fixed_RC2O_static
PermutedMNIST_seed3_task4,PermutedMNIST,digits,3,4,0.3165708272487415,0.23899488927315304,0.6624530778215765,0.5363207462165485,0.5213040345215337,0.48328901683844755,RC2O_static,0.915854547279608,0.999,0.9037962260424313,0.5570892654339638,0.5357589454716969,0.5491957450616857,0.0010000000000000009,Goal_D_stability_drift,Goal D: maximize stability under drift,2.2915760368179647,fixed_RC2O_static
SplitCIFAR10_seed3_task4,SplitCIFAR10,natural-images,3,4,0.599801877106193,0.5946273990570489,0.3976960168860714,0.6205759285393436,0.6420284985510225,0.8113600978246194,RC2O_static,0.8270196815165693,0.999,0.9158764743584356,0.6484534568424674,0.45962211929794383,0.718320562714971,0.0010000000000000009,Goal_D_stability_drift,Goal D: maximize stability under drift,2.243001376313483,fixed_RC2O_static
SplitCIFAR100Coarse_seed3_task4,SplitCIFAR100Coarse,natural-images,3,4,0.7590954001243444,0.7525382228300437,0.5208969715671715,0.7431629210946596,0.7574473497866683,0.9475228343480618,RC2O_static,0.7681957343374235,0.990178909838648,0.8951907092490976,0.7315932672974896,0.39033894391875856,0.7877677816601247,0.00982109016135202,Goal_D_stability_drift,Goal D: maximize stability under drift,2.2132972233869044,fixed_RC2O_static
SVHNContinual_seed3_task4,SVHNContinual,digits-real,3,4,0.5968339211545671,0.45916904574950496,0.6064680358732583,0.6794767137165842,0.7005671986397475,0.7613295657454036,RC2O_static,0.8476959360576193,0.9964266136798827,0.8931360845947649,0.6524440897789681,0.4562965918508599,0.6827363576812547,0.0035733863201172777,Goal_D_stability_drift,Goal D: maximize stability under drift,2.249410958759145,fixed_RC2O_static
SplitMNIST_seed3_task5,SplitMNIST,digits,3,5,0.14837249583142043,0.08208253559953144,0.07743446833286557,0.2624861674821214,0.5178328349345104,0.25367839861551705,RC2O_static,0.9873699417614876,0.999,0.999,0.5069934828759101,0.5775054309367416,0.445616914189657,0.0010000000000000009,Goal_D_stability_drift,Goal D: maximize stability under drift,2.3325878493552303,fixed_RC2O_static
SplitFashionMNIST_seed3_task5,SplitFashionMNIST,fashion,3,5,0.3949408363879826,0.4613952420085171,0.30255132774101173,0.4530164336181758,0.5846725184727097,0.6185142642524779,RC2O_static,0.9056111093068167,0.999,0.9422723106816882,0.5812931729027963,0.5155890225810031,0.6285207766513802,0.0010000000000000009,Goal_D_stability_drift,Goal D: maximize stability under drift,2.2841301842099204,fixed_RC2O_static
SplitKMNIST_seed3_task5,SplitKMNIST,characters,3,5,0.39983245992387206,0.3478985352522437,0.30789140237480095,0.4652980763741006,0.608778602123293,0.6923313049451381,RC2O_static,0.901567585204009,0.999,0.9421709707636445,0.5808947381369648,0.5159210515525293,0.659690192774245,0.0010000000000000009,Goal_D_stability_drift,Goal D: maximize stability under drift,2.286711805500423,fixed_RC2O_static
RotatedMNIST_seed3_task5,RotatedMNIST,digits,3,5,0.3170229423881547,0.2775590303032716,0.6323835997492148,0.5174897899945093,0.6105073075954186,0.5261643801316539,RC2O_static,0.9218896424570449,0.999,0.9063961661420823,0.5816148984510418,0.5153209179574652,0.5689381925314801,0.0010000000000000009,Goal_D_stability_drift,Goal D: maximize stability under drift,2.2930440783715613,fixed_RC2O_static
PermutedMNIST_seed3_task5,PermutedMNIST,digits,3,5,0.32596861601809224,0.30300780528121535,0.7023007379586476,0.5412449131739672,0.6181700482645692,0.4607824695332994,RC2O_static,0.910148303326364,0.999,0.8819996992209527,0.5787893161581006,0.5176755698682495,0.5526571226818625,0.0010000000000000009,Goal_D_stability_drift,Goal D: maximize stability under drift,2.260496690521187,fixed_RC2O_static
SplitCIFAR10_seed3_task5,SplitCIFAR10,natural-images,3,5,0.6395417347053697,0.5379995638429645,0.45849075722691907,0.6691472869175004,0.7210438674985883,0.8356264448973989,RC2O_static,0.8420837021609162,0.9911541961026444,0.9129593039480903,0.6784627736082712,0.43461435532644066,0.7270017502182493,0.008845803897355564,Goal_D_stability_drift,Goal D: maximize stability under drift,2.2505067372477483,fixed_RC2O_static
SplitCIFAR100Coarse_seed3_task5,SplitCIFAR100Coarse,natural-images,3,5,0.7987209979268307,0.6636399242406119,0.5632639290031075,0.7842879979320456,0.8356312274774824,0.9510333818817231,RC2O_static,0.7666494681793417,0.9805414195552453,0.8932153395188589,0.7414554640945423,0.38212044658788136,0.7653355822623874,0.01945858044475468,Goal_D_stability_drift,Goal D: maximize stability under drift,2.2092682636624508,fixed_RC2O_static
SVHNContinual_seed3_task5,SVHNContinual,digits-real,3,5,0.5538472915296347,0.5104367430075032,0.6414489593322754,0.6591043076622055,0.6684104074974251,0.7032288967191191,RC2O_static,0.8391734263115813,0.9944366319337603,0.8802359376970041,0.6519308283338576,0.45672430972178524,0.6750972356626059,0.005563368066239693,Goal_D_stability_drift,Goal D: maximize stability under drift,2.228334405369283,fixed_RC2O_static
SplitMNIST_seed0_task1,SplitMNIST,digits,0,1,0.1156408304387371,0.13874287450119005,0.07039288584742817,0.1967933289232454,0.27993992864489575,0.302377879258495,RC2O_static,0.995,0.999,0.9837635547948866,0.4671910043078755,0.6106741630767704,0.4818124878699457,0.0010000000000000009,Goal_E_specialization,Goal E: maximize host specialization,1.5542593431334617,fixed_RC2O_static
SplitFashionMNIST_seed0_task1,SplitFashionMNIST,fashion,0,1,0.3807521821563378,0.46717666120450047,0.1808695683462322,0.4199432028836281,0.3864781342229844,0.6399003384425044,RC2O_static,0.9155642743355761,0.999,0.9628944380745459,0.5601092169629893,0.5332423191975089,0.6280356253769535,0.0010000000000000009,Goal_E_specialization,Goal E: maximize host specialization,1.7699791438846044,fixed_RC2O_static
SplitKMNIST_seed0_task1,SplitKMNIST,characters,0,1,0.4697127088414757,0.34179762127425806,0.20590011227468663,0.4435468756372052,0.44819700435955007,0.6791779298840739,RC2O_static,0.8832078655016291,0.999,0.9668241511306324,0.5845749928016113,0.512854172665324,0.6435008820421162,0.0010000000000000009,Goal_E_specialization,Goal E: maximize host specialization,1.788147616212058,fixed_RC2O_static
RotatedMNIST_seed0_task1,RotatedMNIST,digits,0,1,0.3146463308271441,0.3200415082748845,0.4499043764199615,0.46608603500679896,0.38304810754680935,0.5089663714789666,RC2O_static,0.9216590075311131,0.999,0.9270814026873122,0.5345017002180062,0.5545819164849948,0.578576235840147,0.0010000000000000009,Goal_E_specialization,Goal E: maximize host specialization,1.6756702366155136,fixed_RC2O_static
PermutedMNIST_seed0_task1,PermutedMNIST,digits,0,1,0.30620350844740607,0.21106340804060866,0.5252767818175056,0.5003298580041625,0.39079667592747497,0.44182189438722463,RC2O_static,0.939600159625098,0.999,0.923852513612841,0.5403902465456057,0.5496747945453285,0.5297615801731032,0.0010000000000000009,Goal_E_specialization,Goal E: maximize host specialization,1.6020171022368253,fixed_RC2O_static
SplitCIFAR10_seed0_task1,SplitCIFAR10,natural-images,0,1,0.5951231963401031,0.5642485168109856,0.369689596676834,0.5708510588190269,0.5682309930521252,0.8229390949639573,RC2O_static,0.8368967388660946,0.999,0.9230627964592786,0.6231936350025524,0.4806719708312063,0.7275130758815801,0.0010000000000000009,Goal_E_specialization,Goal E: maximize host specialization,1.907450762204428,fixed_RC2O_static
SplitCIFAR100Coarse_seed0_task1,SplitCIFAR100Coarse,natural-images,0,1,0.7891440889045508,0.6550693630389074,0.4404313897209378,0.7220676082286035,0.6244076210190063,0.9984088392064309,RC2O_static,0.7744473400298311,0.999,0.9007443917779925,0.7078514401319509,0.4101237998900409,0.7996526203089416,0.0010000000000000009,Goal_E_specialization,Goal E: maximize host specialization,2.016933576247227,fixed_RC2O_static
SVHNContinual_seed0_task1,SVHNContinual,digits-real,0,1,0.5907885437820896,0.48600740830339945,0.4872015484154762,0.6489232905809461,0.43056991716068865,0.7045170752924451,RC2O_static,0.8503758560264163,0.999,0.9166554486575802,0.6213873195000512,0.48217723374995725,0.6641344318001651,0.0010000000000000009,Goal_E_specialization,Goal E: maximize host specialization,1.798245773088613,fixed_RC2O_static
SplitMNIST_seed0_task2,SplitMNIST,digits,0,2,0.15015739537106806,0.12839042954153182,0.06453189473949407,0.24627945302147272,0.38476746754935676,0.21538772341289958,RC2O_static,0.9832736256757642,0.999,0.999,0.47582471814528315,0.6034794015455973,0.44641771125738083,0.0010000000000000009,Goal_E_specialization,Goal E: maximize host specialization,1.4965005468812582,fixed_RC2O_static
SplitFashionMNIST_seed0_task2,SplitFashionMNIST,fashion,0,2,0.3685302569197805,0.4567965547888964,0.2479400497607773,0.4461506030568815,0.48076073829601057,0.6184799924875616,RC2O_static,0.9079639515759761,0.999,0.9440015262343417,0.560698403947587,0.5327513300436775,0.6328513875341866,0.0010000000000000009,Goal_E_specialization,Goal E: maximize host specialization,1.7673576909862914,fixed_RC2O_static
SplitKMNIST_seed0_task2,SplitKMNIST,characters,0,2,0.4315588178495182,0.37162351144443273,0.28890191823904277,0.4733827163151329,0.5073865355255709,0.6230696342963967,RC2O_static,0.8887581173797872,0.999,0.9500378663084783,0.5890970612832338,0.5090857822639718,0.605085641743531,0.0010000000000000009,Goal_E_specialization,Goal E: maximize host specialization,1.7215589051618496,fixed_RC2O_static
RotatedMNIST_seed0_task2,RotatedMNIST,digits,0,2,0.30585475540657026,0.3490682138047014,0.47873358958863993,0.47270523306366846,0.3567686524257889,0.5346692773775623,RC2O_static,0.9243107384295952,0.999,0.9313485059550002,0.5414194114236972,0.5488171571469189,0.5875939512930175,0.0010000000000000009,Goal_E_specialization,Goal E: maximize host specialization,1.693356726786401,fixed_RC2O_static
PermutedMNIST_seed0_task2,PermutedMNIST,digits,0,2,0.3142711755917313,0.2868605979484679,0.612701949171781,0.5330519641142752,0.5065051799223501,0.48096093558145175,RC2O_static,0.9093690193544552,0.999,0.9077370768907485,0.5458612183764019,0.5451156513529984,0.5530410639174437,0.0010000000000000009,Goal_E_specialization,Goal E: maximize host specialization,1.6265044233885617,fixed_RC2O_static
SplitCIFAR10_seed0_task2,SplitCIFAR10,natural-images,0,2,0.6409294866074664,0.5394724043628817,0.2768408068454159,0.5518869410178018,0.5972224096938984,0.7809047050536093,RC2O_static,0.8308731092053232,0.999,0.9400629293321137,0.6632192129911254,0.4473173225073954,0.6952637239615147,0.0010000000000000009,Goal_E_specialization,Goal E: maximize host specialization,1.853536501226968,fixed_RC2O_static
SplitCIFAR100Coarse_seed0_task2,SplitCIFAR100Coarse,natural-images,0,2,0.8370038088674012,0.6705661471532373,0.4354246031941269,0.8119930352228502,0.5938712504143434,0.9879015943091742,RC2O_static,0.7595215771388586,0.9896114340269404,0.9122415351641842,0.7121985826111725,0.40650118115735623,0.7964759857475227,0.010388565973059594,Goal_E_specialization,Goal E: maximize host specialization,2.0057359061875992,fixed_RC2O_static
SVHNContinual_seed0_task2,SVHNContinual,digits-real,0,2,0.582384810889269,0.47937970924600243,0.5039061394990499,0.6511932332451321,0.5653672581963015,0.6453525879162197,RC2O_static,0.8485403736030703,0.999,0.9010046227987829,0.6399074933847385,0.46674375551271785,0.6370673541903188,0.0010000000000000009,Goal_E_specialization,Goal E: maximize host specialization,1.7451179968539154,fixed_RC2O_static
SplitMNIST_seed0_task3,SplitMNIST,digits,0,3,0.11840572901619742,0.13935579531224807,0.06773201240546381,0.2430181565392833,0.3337902830202953,0.3111632328036094,RC2O_static,0.995,0.999,0.999,0.48591338700338293,0.5950721774971809,0.46110950793753447,0.0010000000000000009,Goal_E_specialization,Goal E: maximize host specialization,1.5288975096237956,fixed_RC2O_static
SplitFashionMNIST_seed0_task3,SplitFashionMNIST,fashion,0,3,0.4026070629431854,0.43116451019978635,0.2372383101070944,0.4813944673365708,0.5559463359358148,0.6546950256144441,RC2O_static,0.8933107914473435,0.999,0.9453125257823192,0.5810423126634326,0.5157980727804727,0.6288606798624691,0.0010000000000000009,Goal_E_specialization,Goal E: maximize host specialization,1.761115582115235,fixed_RC2O_static
SplitKMNIST_seed0_task3,SplitKMNIST,characters,0,3,0.4399578681610788,0.40216473523398555,0.2858285550041667,0.4989818328968745,0.5621207078661286,0.6683680962158971,RC2O_static,0.8974374129215195,0.999,0.9443657194948794,0.5955620180841604,0.5036983182631996,0.634620554799564,0.0010000000000000009,Goal_E_specialization,Goal E: maximize host specialization,1.7717773450489192,fixed_RC2O_static
RotatedMNIST_seed0_task3,RotatedMNIST,digits,0,3,0.29555749646793283,0.29057310098826605,0.5643342902529968,0.5297858529819985,0.4284624317107788,0.5499321099797583,RC2O_static,0.9344254285914126,0.999,0.9072652070913427,0.5255370762218777,0.5620524364817685,0.5680072197712108,0.0010000000000000009,Goal_E_specialization,Goal E: maximize host specialization,1.6642293806359862,fixed_RC2O_static
PermutedMNIST_seed0_task3,PermutedMNIST,digits,0,3,0.3234725104655376,0.24981202616291312,0.640758142906764,0.5314057959696514,0.5444085068720945,0.47794208042103453,RC2O_static,0.9181264033579828,0.999,0.8950028388638327,0.5661546567309806,0.5282044527241827,0.5593531909431217,0.0010000000000000009,Goal_E_specialization,Goal E: maximize host specialization,1.6338933466866765,fixed_RC2O_static
SplitCIFAR10_seed0_task3,SplitCIFAR10,natural-images,0,3,0.6409084803212819,0.5964730543019499,0.34629753266279356,0.6508863433033627,0.6587311995675998,0.8156240234387195,RC2O_static,0.8219486329252723,0.999,0.9237276013890854,0.6645107707096702,0.44624102440860813,0.7214363124313609,0.0010000000000000009,Goal_E_specialization,Goal E: maximize host specialization,1.8911517207876327,fixed_RC2O_static
SplitCIFAR100Coarse_seed0_task3,SplitCIFAR100Coarse,natural-images,0,3,0.7519233787273665,0.6888454773930675,0.5027827072170505,0.7533388778681649,0.6897732714847741,0.9340123684663801,RC2O_static,0.7821835981204144,0.9888690434383214,0.8908241571019544,0.7020270692340852,0.41497744230492895,0.7583667070271571,0.011130956561678618,Goal_E_specialization,Goal E: maximize host specialization,1.940230535184315,fixed_RC2O_static
SVHNContinual_seed0_task3,SVHNContinual,digits-real,0,3,0.5706976280268954,0.48040529130484205,0.5947552598045589,0.702894158359452,0.6726127984293899,0.694507388895887,RC2O_static,0.8386281562165412,0.9908051181175348,0.8982706747989038,0.6537500297179376,0.45520830856838534,0.6721979411121005,0.0091948818824652,Goal_E_specialization,Goal E: maximize host specialization,1.7969945743102949,fixed_RC2O_static
SplitMNIST_seed0_task4,SplitMNIST,digits,0,4,0.18525204303982962,0.0723214737618836,0.09434468433861336,0.280087776258653,0.47024766294986736,0.28950346268958566,RC2O_static,0.9670028139547133,0.999,0.999,0.512951928131854,0.5725400598901217,0.4472954570163007,0.0010000000000000009,Goal_E_specialization,Goal E: maximize host specialization,1.497925430883234,fixed_RC2O_static
SplitFashionMNIST_seed0_task4,SplitFashionMNIST,fashion,0,4,0.3891909280210307,0.4250609251826696,0.28062115274915805,0.43870433785264823,0.5944977679011091,0.5950286985093669,RC2O_static,0.9067573717405466,0.999,0.943622994454832,0.5796571778822395,0.5169523517648005,0.6096529182049629,0.0010000000000000009,Goal_E_specialization,Goal E: maximize host specialization,1.7290642137931993,fixed_RC2O_static
SplitKMNIST_seed0_task4,SplitKMNIST,characters,0,4,0.40891624113554775,0.3903225615493837,0.2640033016637626,0.4682722436151559,0.6226267777926504,0.6463692691921309,RC2O_static,0.9040645189072072,0.999,0.9501140624451483,0.5825091815840177,0.5145756820133186,0.6211346050964661,0.0010000000000000009,Goal_E_specialization,Goal E: maximize host specialization,1.7530048364175737,fixed_RC2O_static
RotatedMNIST_seed0_task4,RotatedMNIST,digits,0,4,0.316903101454213,0.3084488885698326,0.5559602735186167,0.4864588889082124,0.6036367545600482,0.5120282468618095,RC2O_static,0.9206871202937428,0.999,0.9066741663433784,0.5662353376422025,0.5281372186314979,0.5680720300066139,0.0010000000000000009,Goal_E_specialization,Goal E: maximize host specialization,1.6540525642375743,fixed_RC2O_static
PermutedMNIST_seed0_task4,PermutedMNIST,digits,0,4,0.32282837326154157,0.20964190399331073,0.6424089713039788,0.532052816126734,0.5340252447673753,0.36541191909343096,RC2O_static,0.9355116777877635,0.999,0.9035946581879775,0.5746929571535934,0.5210892023720055,0.5069009909000142,0.0010000000000000009,Goal_E_specialization,Goal E: maximize host specialization,1.55366849849197,fixed_RC2O_static
SplitCIFAR10_seed0_task4,SplitCIFAR10,natural-images,0,4,0.5878694360117495,0.5362476691695974,0.42808053014802955,0.6414781733222988,0.6354029073287497,0.8081779193625046,RC2O_static,0.8230179883397786,0.999,0.9244345500758002,0.6404960887043207,0.46625325941306606,0.7100813846789066,0.0010000000000000009,Goal_E_specialization,Goal E: maximize host specialization,1.8744109855176299,fixed_RC2O_static
SplitCIFAR100Coarse_seed0_task4,SplitCIFAR100Coarse,natural-images,0,4,0.8029460515928258,0.6693333139351509,0.5525307134709384,0.8379991311555857,0.7794374539500976,0.9236748638044845,RC2O_static,0.7511384723847867,0.999,0.89073531064303,0.7321334102475838,0.38988882479368014,0.7745523182411873,0.0010000000000000009,Goal_E_specialization,Goal E: maximize host specialization,1.9559523416536555,fixed_RC2O_static
SVHNContinual_seed0_task4,SVHNContinual,digits-real,0,4,0.6116274021384005,0.48522090363929393,0.6404280030619915,0.6883902639860887,0.6897716641259805,0.6590538305720246,RC2O_static,0.8402911859826505,0.999,0.8890580621421158,0.6512423158174244,0.4572980701521463,0.6455228425891957,0.0010000000000000009,Goal_E_specialization,Goal E: maximize host specialization,1.7534594727593757,fixed_RC2O_static
SplitMNIST_seed0_task5,SplitMNIST,digits,0,5,0.13838087749215947,0.1017541802655163,0.07917179012981182,0.291401737769978,0.5356209470768569,0.24491673230835093,RC2O_static,0.995,0.999,0.9937010351340054,0.5100430647019822,0.5749641127483481,0.4343113911290509,0.0010000000000000009,Goal_E_specialization,Goal E: maximize host specialization,1.4829678677890619,fixed_RC2O_static
SplitFashionMNIST_seed0_task5,SplitFashionMNIST,fashion,0,5,0.3677343403138047,0.42025209460791313,0.3036322937822363,0.5089304808077337,0.6334666384843415,0.6779051082656592,RC2O_static,0.9071891302501618,0.999,0.9499613620509388,0.6067479601185531,0.4943766999012057,0.6639703771277182,0.0010000000000000009,Goal_E_specialization,Goal E: maximize host specialization,1.8204477057836543,fixed_RC2O_static
SplitKMNIST_seed0_task5,SplitKMNIST,characters,0,5,0.4481963268651736,0.39685475698278444,0.3617931681967128,0.5105603466756653,0.6468182749767682,0.6687289751245816,RC2O_static,0.886986216875763,0.999,0.9324341862139636,0.6120466473928333,0.48996112717263884,0.6464940053265765,0.0010000000000000009,Goal_E_specialization,Goal E: maximize host specialization,1.7826352298869756,fixed_RC2O_static
RotatedMNIST_seed0_task5,RotatedMNIST,digits,0,5,0.3389213900699279,0.29718176813105585,0.6149772522652208,0.5507819143121175,0.6270009190222688,0.4830783468026229,RC2O_static,0.9233770196362809,0.999,0.9061563893308038,0.5740983549928447,0.5215847041726294,0.5618741909823499,0.0010000000000000009,Goal_E_specialization,Goal E: maximize host specialization,1.642147447316552,fixed_RC2O_static
PermutedMNIST_seed0_task5,PermutedMNIST,digits,0,5,0.35678682835845554,0.23502761334811392,0.7131178362041983,0.5830930474536621,0.5943984447707402,0.41900179837778556,RC2O_static,0.9076372945835229,0.999,0.8874511472129545,0.564607140576074,0.5294940495199383,0.5375589076405135,0.0010000000000000009,Goal_E_specialization,Goal E: maximize host specialization,1.5910808327760602,fixed_RC2O_static
SplitCIFAR10_seed0_task5,SplitCIFAR10,natural-images,0,5,0.6341080583895364,0.5049368983136355,0.4713382031398682,0.6548650410983033,0.7603690150583142,0.8191969331606075,RC2O_static,0.8271677403185265,0.9912286176099723,0.9076479717896673,0.6806578596386776,0.43278511696776856,0.7040589871779325,0.008771382390027727,Goal_E_specialization,Goal E: maximize host specialization,1.8599023814766287,fixed_RC2O_static
SplitCIFAR100Coarse_seed0_task5,SplitCIFAR100Coarse,natural-images,0,5,0.7757683300593559,0.681560986747505,0.6234940788336261,0.7965117729626255,0.7826339626856182,0.9388151790198968,RC2O_static,0.7689258643011516,0.9928404835716187,0.870856045858684,0.7138169637898182,0.4051525301751515,0.768895427819467,0.007159516428381307,Goal_E_specialization,Goal E: maximize host specialization,1.9488805096347228,fixed_RC2O_static
SVHNContinual_seed0_task5,SVHNContinual,digits-real,0,5,0.5924111433657719,0.4898963087480462,0.6122421565009929,0.7283905902376918,0.7335259322757786,0.626666038150048,RC2O_static,0.8270686964095502,0.999,0.8856837870892131,0.6743189779112486,0.43806751840729274,0.6435415209134138,0.0010000000000000009,Goal_E_specialization,Goal E: maximize host specialization,1.7405831079078147,fixed_RC2O_static
SplitMNIST_seed1_task1,SplitMNIST,digits,1,1,0.1412010818066855,0.06742883692384186,0.03662732449902006,0.2533001818547762,0.2753819666529619,0.2701761282379126,RC2O_static,0.9829696793503644,0.999,0.999,0.477229832812594,0.6023084726561716,0.4569838479477444,0.0010000000000000009,Goal_E_specialization,Goal E: maximize host specialization,1.5160777475085296,fixed_RC2O_static
SplitFashionMNIST_seed1_task1,SplitFashionMNIST,fashion,1,1,0.41041833063543803,0.44375406808292506,0.19845685180309924,0.43021508820464843,0.4501174862454107,0.6209350900294169,RC2O_static,0.8763978473021639,0.999,0.9621644400378964,0.5755221558511234,0.5203982034573971,0.6155472708467113,0.0010000000000000009,Goal_E_specialization,Goal E: maximize host specialization,1.7366121700241663,fixed_RC2O_static
SplitKMNIST_seed1_task1,SplitKMNIST,characters,1,1,0.40992842836207904,0.4100721449511301,0.2139282124714011,0.45890837737958257,0.41630854200454764,0.7081277651824076,RC2O_static,0.8891497741697341,0.999,0.967531435281348,0.5714260677806962,0.5238116101827532,0.6546024308927147,0.0010000000000000009,Goal_E_specialization,Goal E: maximize host specialization,1.8109400845797656,fixed_RC2O_static
RotatedMNIST_seed1_task1,RotatedMNIST,digits,1,1,0.2906920235384069,0.28477477584893685,0.42585316826160313,0.42793214578729544,0.3817029377995565,0.469784728151274,RC2O_static,0.9211443807207214,0.999,0.9342211614356961,0.5232930026169359,0.5639224978192201,0.5455942177432715,0.0010000000000000009,Goal_E_specialization,Goal E: maximize host specialization,1.6256092896722039,fixed_RC2O_static
PermutedMNIST_seed1_task1,PermutedMNIST,digits,1,1,0.3210417234032721,0.2513543414975021,0.5150454782616497,0.4946254982190633,0.3762536837102827,0.44703333662785005,RC2O_static,0.9202938284452369,0.999,0.9228739470294516,0.5390624998693921,0.5507812501088398,0.5469409726441593,0.0010000000000000009,Goal_E_specialization,Goal E: maximize host specialization,1.6213161804539111,fixed_RC2O_static
SplitCIFAR10_seed1_task1,SplitCIFAR10,natural-images,1,1,0.5896277139646589,0.5563696010624222,0.2948426931429208,0.6256854474364846,0.45306153223791623,0.7156946476662303,RC2O_static,0.8391558010858708,0.999,0.9411974213090699,0.6214748388036361,0.4821043009969699,0.6716870883243478,0.0010000000000000009,Goal_E_specialization,Goal E: maximize host specialization,1.8137734507447967,fixed_RC2O_static
SplitCIFAR100Coarse_seed1_task1,SplitCIFAR100Coarse,natural-images,1,1,0.7691142062934752,0.6985454725455252,0.352806142848499,0.7414296450316046,0.6114983021682535,0.9177840209929593,RC2O_static,0.780698409122131,0.9972169128891994,0.917559262815631,0.6830426034631139,0.43079783044740505,0.7708930316128353,0.002783087110800553,Goal_E_specialization,Goal E: maximize host specialization,1.9665125577688207,fixed_RC2O_static
SVHNContinual_seed1_task1,SVHNContinual,digits-real,1,1,0.6031366885636421,0.4732479189147264,0.39831940376209096,0.635248138004372,0.5116579205083807,0.7142319997056367,RC2O_static,0.8160251278125132,0.999,0.9206061189732893,0.6419181545957049,0.4650682045035792,0.6655708369038534,0.0010000000000000009,Goal_E_specialization,Goal E: maximize host specialization,1.791507506089976,fixed_RC2O_static
SplitMNIST_seed1_task2,SplitMNIST,digits,1,2,0.16244999488984335,0.10986911560568266,0.10217055774717239,0.26280959472266235,0.36817537936074735,0.33808761072364724,RC2O_static,0.9759725384630873,0.999,0.999,0.4992147148287318,0.5839877376427235,0.47715588506657436,0.0010000000000000009,Goal_E_specialization,Goal E: maximize host specialization,1.5478656918859148,fixed_RC2O_static
SplitFashionMNIST_seed1_task2,SplitFashionMNIST,fashion,1,2,0.4315114128310036,0.441533418061148,0.25035097779407656,0.4887921037892913,0.47459758513169953,0.5960761947807884,RC2O_static,0.8901693094659318,0.999,0.9525808219363607,0.5584115070627852,0.534657077447679,0.6346443258706622,0.0010000000000000009,Goal_E_specialization,Goal E: maximize host specialization,1.7640579670824883,fixed_RC2O_static
SplitKMNIST_seed1_task2,SplitKMNIST,characters,1,2,0.4656656983473609,0.3473480689464505,0.26080713549801476,0.49181373716337656,0.5040878402945852,0.5848600686180363,RC2O_static,0.8974644465014023,0.999,0.9624098448547793,0.5847775916151309,0.5126853403207243,0.5973076446840022,0.0010000000000000009,Goal_E_specialization,Goal E: maximize host specialization,1.7114096605147473,fixed_RC2O_static
RotatedMNIST_seed1_task2,RotatedMNIST,digits,1,2,0.3265682319593292,0.2789012436695616,0.5441066649648169,0.5538402914421798,0.4996565756466801,0.5012156463283127,RC2O_static,0.913785482218199,0.999,0.911021824435607,0.5611426230218417,0.5323811474817985,0.5850972982405842,0.0010000000000000009,Goal_E_specialization,Goal E: maximize host specialization,1.676743494873761,fixed_RC2O_static
PermutedMNIST_seed1_task2,PermutedMNIST,digits,1,2,0.31306995848012326,0.2647169260343134,0.5039710459105972,0.5009038266173627,0.4969106352354117,0.5139940208212204,RC2O_static,0.9287271490865388,0.999,0.9227023719195442,0.5568321090335601,0.5359732424720333,0.5609401444560445,0.0010000000000000009,Goal_E_specialization,Goal E: maximize host specialization,1.6507255709029092,fixed_RC2O_static
SplitCIFAR10_seed1_task2,SplitCIFAR10,natural-images,1,2,0.6253031061571721,0.5887812447262923,0.27882544326857994,0.6106002449812726,0.6112840535218916,0.7929443735764788,RC2O_static,0.8403401678653277,0.999,0.9358643937732491,0.6572108172339319,0.4523243189717233,0.7175527273272487,0.0010000000000000009,Goal_E_specialization,Goal E: maximize host specialization,1.8908764262190025,fixed_RC2O_static
SplitCIFAR100Coarse_seed1_task2,SplitCIFAR100Coarse,natural-images,1,2,0.8131131115253547,0.6727614997841525,0.43902156199287384,0.7452575117226714,0.6623221628899711,0.9498368631491109,RC2O_static,0.768754812976937,0.9973858800085047,0.8955654242221185,0.705273169917011,0.4122723584024909,0.7935830601907461,0.0026141199914953006,Goal_E_specialization,Goal E: maximize host specialization,1.9964392020367638,fixed_RC2O_static
SVHNContinual_seed1_task2,SVHNContinual,digits-real,1,2,0.5860008705986327,0.46468216528598055,0.5558026677902348,0.6741227598033842,0.5761773171410235,0.6649684074015767,RC2O_static,0.8449047553678315,0.999,0.896683299365181,0.6372511266937917,0.46895739442184026,0.6420589756093689,0.0010000000000000009,Goal_E_specialization,Goal E: maximize host specialization,1.7529595251391545,fixed_RC2O_static
SplitMNIST_seed1_task3,SplitMNIST,digits,1,3,0.1840498088315293,0.09953857297524371,0.09774200012531535,0.2699265100771329,0.38713672990923864,0.2684318691796249,RC2O_static,0.9708819600875236,0.999,0.999,0.5134661766753424,0.5721115194372146,0.4553325582168608,0.0010000000000000009,Goal_E_specialization,Goal E: maximize host specialization,1.5084642715309784,fixed_RC2O_static
SplitFashionMNIST_seed1_task3,SplitFashionMNIST,fashion,1,3,0.36552637014116496,0.48694053026354267,0.2614808878770518,0.39933448249222075,0.49048393723552836,0.6309231452777158,RC2O_static,0.9080692301288151,0.999,0.939980323849452,0.5812005539854084,0.5156662050121597,0.6339366086629541,0.0010000000000000009,Goal_E_specialization,Goal E: maximize host specialization,1.7687066377554677,fixed_RC2O_static
SplitKMNIST_seed1_task3,SplitKMNIST,characters,1,3,0.431881273228102,0.3757576381290579,0.3521853195438866,0.49430772849060095,0.5244671595124806,0.6591911401736178,RC2O_static,0.8993387385972778,0.999,0.942324980633644,0.5959931082159248,0.5033390764867294,0.641046145728091,0.0010000000000000009,Goal_E_specialization,Goal E: maximize host specialization,1.7801765052361342,fixed_RC2O_static
RotatedMNIST_seed1_task3,RotatedMNIST,digits,1,3,0.32670573425184485,0.32451877748576796,0.4869325951830318,0.4963206837439743,0.5159352054760277,0.6044239330605587,RC2O_static,0.9132576110367006,0.999,0.920605503567373,0.5586686156009246,0.5344428203325629,0.6109408451594616,0.0010000000000000009,Goal_E_specialization,Goal E: maximize host specialization,1.7291743948844793,fixed_RC2O_static
PermutedMNIST_seed1_task3,PermutedMNIST,digits,1,3,0.3463406319390595,0.23080609365980087,0.5907726257952066,0.5327731515677512,0.4725150457372488,0.4709169165108234,RC2O_static,0.9188064165068754,0.999,0.9122829788931253,0.5666987274163614,0.5277510604863656,0.5406938006160509,0.0010000000000000009,Goal_E_specialization,Goal E: maximize host specialization,1.6106612250038568,fixed_RC2O_static
SplitCIFAR10_seed1_task3,SplitCIFAR10,natural-images,1,3,0.6554451046891967,0.5882470330735468,0.4473537773161577,0.667943574963561,0.6110606447596912,0.7580463244379467,RC2O_static,0.8218299845629589,0.9938955126159212,0.9160844990163983,0.6555473141457624,0.453710571545198,0.7005839671011408,0.006104487384078761,Goal_E_specialization,Goal E: maximize host specialization,1.8484276783157987,fixed_RC2O_static
SplitCIFAR100Coarse_seed1_task3,SplitCIFAR100Coarse,natural-images,1,3,0.7918281031699116,0.6931600126146504,0.5162677364520123,0.7243649381211288,0.7163780334006072,0.9975914102186239,RC2O_static,0.7754788557983348,0.999,0.8956272584747391,0.7334181891717506,0.3888181756902078,0.8260362933834705,0.0010000000000000009,Goal_E_specialization,Goal E: maximize host specialization,2.055649718372017,fixed_RC2O_static
SVHNContinual_seed1_task3,SVHNContinual,digits-real,1,3,0.6164853751164437,0.5207570971588229,0.5476872805723473,0.6276024382509342,0.6201201942979018,0.7058778860762227,RC2O_static,0.8472716444384814,0.999,0.9108440231982562,0.6601747965935257,0.44985433617206183,0.6723507432844507,0.0010000000000000009,Goal_E_specialization,Goal E: maximize host specialization,1.8066782236480008,fixed_RC2O_static
SplitMNIST_seed1_task4,SplitMNIST,digits,1,4,0.20195450084444358,0.07471616778281728,0.18807453512544722,0.28107126478444927,0.5047457731895469,0.2615865195679625,RC2O_static,0.9763088801274244,0.999,0.9827124794349498,0.512110167084974,0.5732415274291882,0.4570354724206025,0.0010000000000000009,Goal_E_specialization,Goal E: maximize host specialization,1.5078416117461586,fixed_RC2O_static
SplitFashionMNIST_seed1_task4,SplitFashionMNIST,fashion,1,4,0.39131769793887156,0.547123078620316,0.25933227393754826,0.44635952801099865,0.5947686714736051,0.6647997021294646,RC2O_static,0.8939723687783752,0.999,0.9303232993347545,0.5713212871380908,0.5238989273849243,0.6629447977529778,0.0010000000000000009,Goal_E_specialization,Goal E: maximize host specialization,1.8097880596178588,fixed_RC2O_static
SplitKMNIST_seed1_task4,SplitKMNIST,characters,1,4,0.4120980908295716,0.37353689742943746,0.2620260216520839,0.47827367604779275,0.5399584643513752,0.6925469090122468,RC2O_static,0.9003779999989798,0.999,0.9568748299018335,0.58723337886557,0.5106388509453583,0.6457020426212415,0.0010000000000000009,Goal_E_specialization,Goal E: maximize host specialization,1.7956975983131431,fixed_RC2O_static
RotatedMNIST_seed1_task4,RotatedMNIST,digits,1,4,0.29016477051897926,0.3143753478234113,0.559948835798045,0.5234075399151786,0.5205772712950277,0.5441774823084808,RC2O_static,0.9493768541284486,0.999,0.9110506994167118,0.549130446514717,0.5423912945710692,0.5776695680091518,0.0010000000000000009,Goal_E_specialization,Goal E: maximize host specialization,1.6821201668587107,fixed_RC2O_static
PermutedMNIST_seed1_task4,PermutedMNIST,digits,1,4,0.34234954901552295,0.2300218736109157,0.6576161305897169,0.5786080759254457,0.5343438022162803,0.48260954030143677,RC2O_static,0.9182068855204497,0.999,0.8982883214676534,0.5561304113731741,0.536557990522355,0.5315003501433431,0.0010000000000000009,Goal_E_specialization,Goal E: maximize host specialization,1.5953889461732256,fixed_RC2O_static
SplitCIFAR10_seed1_task4,SplitCIFAR10,natural-images,1,4,0.6308233085156676,0.5878155453697678,0.3718970344032895,0.629110995507831,0.6733343965800674,0.7991907299821233,RC2O_static,0.828102117572254,0.999,0.9198341473905964,0.6722984605263733,0.4397512828946889,0.7124422548654684,0.0010000000000000009,Goal_E_specialization,Goal E: maximize host specialization,1.8757492294796507,fixed_RC2O_static
SplitCIFAR100Coarse_seed1_task4,SplitCIFAR100Coarse,natural-images,1,4,0.79002626300174,0.6342717682706962,0.5014316793151644,0.7719438695355011,0.785331289664574,0.9448725395949185,RC2O_static,0.7775603881877198,0.999,0.8910573739057501,0.7328478284725841,0.3892934762728465,0.7677067198669631,0.0010000000000000009,Goal_E_specialization,Goal E: maximize host specialization,1.9566782051797524,fixed_RC2O_static
SVHNContinual_seed1_task4,SVHNContinual,digits-real,1,4,0.5603237787616734,0.5023999556018484,0.6071717971843381,0.6421228253161184,0.678624187247489,0.6720337546464061,RC2O_static,0.8320691391883897,0.9975527459545062,0.9016689609507678,0.6426392194956193,0.46446731708698386,0.657318343735707,0.0024472540454938407,Goal_E_specialization,Goal E: maximize host specialization,1.7732549585858473,fixed_RC2O_static
SplitMNIST_seed1_task5,SplitMNIST,digits,1,5,0.1692596978520151,0.1300871711100096,0.04376918222847759,0.28291567121049416,0.5532403417290499,0.2833544591222786,RC2O_static,0.9823032531475666,0.999,0.999,0.520751683002246,0.566040264164795,0.4681216563867693,0.0010000000000000009,Goal_E_specialization,Goal E: maximize host specialization,1.530936097024428,fixed_RC2O_static
SplitFashionMNIST_seed1_task5,SplitFashionMNIST,fashion,1,5,0.38662635374056525,0.458214248691706,0.2655645480135361,0.4315922477060668,0.6044013611056935,0.6732835197486579,RC2O_static,0.8947275000691199,0.999,0.9498061574392913,0.5731785086227494,0.5223512428143755,0.6458620247025832,0.0010000000000000009,Goal_E_specialization,Goal E: maximize host specialization,1.790570736322515,fixed_RC2O_static
SplitKMNIST_seed1_task5,SplitKMNIST,characters,1,5,0.40349277794386396,0.442321042302932,0.34212448310162924,0.4574136362948369,0.5870531915490932,0.6583080456633699,RC2O_static,0.8985844983148525,0.999,0.9366460968463037,0.6014820017219609,0.49876499856503254,0.6356597782244187,0.0010000000000000009,Goal_E_specialization,Goal E: maximize host specialization,1.770207813499194,fixed_RC2O_static
RotatedMNIST_seed1_task5,RotatedMNIST,digits,1,5,0.35676060850946123,0.2875568893258405,0.7002950742487211,0.5671393659994899,0.568213593706577,0.49832062388410486,RC2O_static,0.91420730788276,0.999,0.8988699944265433,0.5659787739696571,0.5283510216919524,0.5697060838299797,0.0010000000000000009,Goal_E_specialization,Goal E: maximize host specialization,1.650979713451479,fixed_RC2O_static
PermutedMNIST_seed1_task5,PermutedMNIST,digits,1,5,0.3209297170788323,0.2917281388036251,0.654555480115323,0.5521461113558415,0.5843251734683311,0.480321285346126,RC2O_static,0.9232325009513744,0.9976843214110933,0.8997474400071641,0.573826290639421,0.5218114244671491,0.5473856852466329,0.002315678588906689,Goal_E_specialization,Goal E: maximize host specialization,1.6188573522003897,fixed_RC2O_static
SplitCIFAR10_seed1_task5,SplitCIFAR10,natural-images,1,5,0.6330664908622213,0.5496347766142244,0.45894260361929456,0.6498391324986418,0.6988371954646971,0.7767976022631671,RC2O_static,0.8248790061884657,0.999,0.9064927529522915,0.6604355226523769,0.44963706445635254,0.7010986596047104,0.0010000000000000009,Goal_E_specialization,Goal E: maximize host specialization,1.8516742853299613,fixed_RC2O_static
SplitCIFAR100Coarse_seed1_task5,SplitCIFAR100Coarse,natural-images,1,5,0.7710723221501569,0.6594913764709285,0.5727920113514886,0.7489437563131799,0.7742575306729389,1.0,RC2O_static,0.7707482300734743,0.999,0.8854833585084645,0.7291755734954981,0.39235368875375154,0.7982541983235724,0.0010000000000000009,Goal_E_specialization,Goal E: maximize host specialization,2.0092070004883835,fixed_RC2O_static
SVHNContinual_seed1_task5,SVHNContinual,digits-real,1,5,0.5903521956629811,0.4691885850278141,0.6312688681712095,0.7002632692622633,0.7576513044512806,0.726902149280249,RC2O_static,0.8441047387934959,0.999,0.8831413056187132,0.677246917362414,0.4356275688646549,0.6756731177194762,0.0010000000000000009,Goal_E_specialization,Goal E: maximize host specialization,1.8058864837034876,fixed_RC2O_static
SplitMNIST_seed2_task1,SplitMNIST,digits,2,1,0.1507801433555985,0.10143014859189539,0.10364652376207192,0.25143092818134644,0.25052565757441186,0.29300366907885467,RC2O_static,0.9897530695884635,0.999,0.999,0.4651442562003182,0.6123797864997349,0.48260069947804685,0.0010000000000000009,Goal_E_specialization,Goal E: maximize host specialization,1.556786609626307,fixed_RC2O_static
SplitFashionMNIST_seed2_task1,SplitFashionMNIST,fashion,2,1,0.40066181276053725,0.44507347271644654,0.23451611494557628,0.49357430232011024,0.46596749632275475,0.6259836226917374,RC2O_static,0.8949835005222655,0.999,0.95047216059409,0.5771665070103017,0.5190279108247486,0.630327595084179,0.0010000000000000009,Goal_E_specialization,Goal E: maximize host specialization,1.7616216895007542,fixed_RC2O_static
SplitKMNIST_seed2_task1,SplitKMNIST,characters,2,1,0.42719807237425006,0.3487060136998262,0.22863562740492877,0.4456931286766152,0.4539620862151731,0.6687945289807565,RC2O_static,0.90121431606041,0.999,0.9585404345387989,0.5727573527849891,0.522702206012509,0.6235139860858189,0.0010000000000000009,Goal_E_specialization,Goal E: maximize host specialization,1.7609789434967396,fixed_RC2O_static
RotatedMNIST_seed2_task1,RotatedMNIST,digits,2,1,0.29905518199764436,0.24021535026139512,0.4189602067701992,0.43305401150068684,0.39140195709833486,0.4965692580761236,RC2O_static,0.9409817548348594,0.999,0.9409634188507376,0.538399418755833,0.5513338177034726,0.567094960866465,0.0010000000000000009,Goal_E_specialization,Goal E: maximize host specialization,1.6667006540132774,fixed_RC2O_static
PermutedMNIST_seed2_task1,PermutedMNIST,digits,2,1,0.35564727080584174,0.2700683468630563,0.5196930200663868,0.5310528670180544,0.4328877374827303,0.4748950457832441,RC2O_static,0.922639776105135,0.999,0.9174373807165292,0.5542890216115264,0.5380924819903947,0.5476860149039456,0.0010000000000000009,Goal_E_specialization,Goal E: maximize host specialization,1.6241506972550495,fixed_RC2O_static
SplitCIFAR10_seed2_task1,SplitCIFAR10,natural-images,2,1,0.661393144674172,0.5374582613657736,0.3086905319695931,0.6010293017472977,0.565551180590767,0.8651676801165903,RC2O_static,0.8266659535040672,0.999,0.9365722541714827,0.6425796239935959,0.4645169800053367,0.7338171821548547,0.0010000000000000009,Goal_E_specialization,Goal E: maximize host specialization,1.9226968763263332,fixed_RC2O_static
SplitCIFAR100Coarse_seed2_task1,SplitCIFAR100Coarse,natural-images,2,1,0.7809010999956233,0.7020395691474365,0.37977316069236355,0.7410627283934746,0.5701814880887224,0.9190468780122998,RC2O_static,0.7696668546217684,0.9972287610659716,0.908577437403989,0.6949079635979856,0.42091003033501195,0.7604000816673995,0.0027712389340284194,Goal_E_specialization,Goal E: maximize host specialization,1.9445673200444036,fixed_RC2O_static
SVHNContinual_seed2_task1,SVHNContinual,digits-real,2,1,0.5633665041161232,0.49161761621344774,0.41842074233600424,0.6137620287423091,0.530404015444869,0.7436268985579215,RC2O_static,0.839806641932948,0.999,0.9256789306428082,0.6304426706721705,0.4746311077731912,0.6877484749448771,0.0010000000000000009,Goal_E_specialization,Goal E: maximize host specialization,1.8375393748870699,fixed_RC2O_static
SplitMNIST_seed2_task2,SplitMNIST,digits,2,2,0.1365161113011586,0.14243491765981306,0.09481523943490536,0.2925785030959676,0.37966421567921416,0.32895464078270453,RC2O_static,0.995,0.999,0.999,0.4889692986124722,0.5925255844896065,0.4886044287841418,0.0010000000000000009,Goal_E_specialization,Goal E: maximize host specialization,1.569337996954177,fixed_RC2O_static
SplitFashionMNIST_seed2_task2,SplitFashionMNIST,fashion,2,2,0.39216592874978384,0.4538230682910619,0.18612280836677741,0.45478541262715566,0.5212691123254068,0.593641328389066,RC2O_static,0.8931528055971587,0.999,0.9485619478695062,0.5859851827705498,0.5116790143578751,0.6198146599320052,0.0010000000000000009,Goal_E_specialization,Goal E: maximize host specialization,1.7407095898880356,fixed_RC2O_static
SplitKMNIST_seed2_task2,SplitKMNIST,characters,2,2,0.42528538715278313,0.399671535183187,0.23936537298814345,0.4493722474532167,0.39241707474120685,0.7147251254701994,RC2O_static,0.9094364315365884,0.999,0.9525129473279703,0.5804578665064534,0.5162851112446222,0.6623627083986561,0.0010000000000000009,Goal_E_specialization,Goal E: maximize host specialization,1.8253445321667883,fixed_RC2O_static
RotatedMNIST_seed2_task2,RotatedMNIST,digits,2,2,0.30634692278281694,0.29474536505159943,0.49925974012136975,0.4582301474189383,0.3849378045078447,0.599756383213272,RC2O_static,0.9398858856385344,0.999,0.9308175384549588,0.5362734365477189,0.5531054695435675,0.6028287049846368,0.0010000000000000009,Goal_E_specialization,Goal E: maximize host specialization,1.7281542482714833,fixed_RC2O_static
PermutedMNIST_seed2_task2,PermutedMNIST,digits,2,2,0.2930926218820866,0.26513863182659847,0.538288909866798,0.47181237922283215,0.42558731343906153,0.46164923669534397,RC2O_static,0.9225938862317842,0.999,0.9227441390542117,0.5361924985546443,0.5531729178711298,0.5436272427195126,0.0010000000000000009,Goal_E_specialization,Goal E: maximize host specialization,1.618912644527638,fixed_RC2O_static
SplitCIFAR10_seed2_task2,SplitCIFAR10,natural-images,2,2,0.5851627668696491,0.5232021127120186,0.33013044317168483,0.5981258369970281,0.5623650595625325,0.7264191142421776,RC2O_static,0.8330554327404514,0.999,0.9250741297735405,0.6421200017713067,0.46489999852391106,0.6873012191207742,0.0010000000000000009,Goal_E_specialization,Goal E: maximize host specialization,1.8318405565670177,fixed_RC2O_static
SplitCIFAR100Coarse_seed2_task2,SplitCIFAR100Coarse,natural-images,2,2,0.7268590118434352,0.6658653819845225,0.4985588187173504,0.7342935034705377,0.6817924365092294,0.8612412365328956,RC2O_static,0.798577136129563,0.9940088779159888,0.8920479601567544,0.70176027567986,0.41519977026678334,0.7329588811789283,0.005991122084011202,Goal_E_specialization,Goal E: maximize host specialization,1.897293154988608,fixed_RC2O_static
SVHNContinual_seed2_task2,SVHNContinual,digits-real,2,2,0.5494469091915636,0.4769299570497869,0.48815515982766144,0.6324788526817721,0.5090973516548516,0.7138743559923201,RC2O_static,0.8549982172090043,0.999,0.9046363514409741,0.6275565889536402,0.47703617587196645,0.6684663652361685,0.0010000000000000009,Goal_E_specialization,Goal E: maximize host specialization,1.80408015408247,fixed_RC2O_static
SplitMNIST_seed2_task3,SplitMNIST,digits,2,3,0.13105550003207225,0.09982958088337249,0.09302547359785406,0.2506102464554514,0.44921137140839845,0.28391218910984756,RC2O_static,0.995,0.999,0.999,0.5001006973561064,0.5832494188699113,0.45315946696926934,0.0010000000000000009,Goal_E_specialization,Goal E: maximize host specialization,1.5146092506086284,fixed_RC2O_static
SplitFashionMNIST_seed2_task3,SplitFashionMNIST,fashion,2,3,0.33381395994618895,0.4484938036471359,0.3247690321046144,0.43089290508965405,0.48087416635062086,0.6437575716903422,RC2O_static,0.9242464337942509,0.999,0.9425419060923883,0.5513480342166366,0.5405433048194694,0.6399260865704965,0.0010000000000000009,Goal_E_specialization,Goal E: maximize host specialization,1.7859282414829014,fixed_RC2O_static
SplitKMNIST_seed2_task3,SplitKMNIST,characters,2,3,0.44315128387095176,0.3898499322321634,0.2759205480314769,0.50993628938514,0.5346919238343283,0.6518361451328278,RC2O_static,0.8861626871177457,0.999,0.9539801498812102,0.5829496423510868,0.5142086313740943,0.6195796608314607,0.0010000000000000009,Goal_E_specialization,Goal E: maximize host specialization,1.7469597008406197,fixed_RC2O_static
RotatedMNIST_seed2_task3,RotatedMNIST,digits,2,3,0.38369785565266634,0.2562452672010205,0.5218404293164506,0.6161409794628477,0.5144939908682541,0.47947962233296765,RC2O_static,0.9142666351140105,0.999,0.9211022820773713,0.5813788915881444,0.515517590343213,0.5648958687564726,0.0010000000000000009,Goal_E_specialization,Goal E: maximize host specialization,1.646812074953706,fixed_RC2O_static
PermutedMNIST_seed2_task3,PermutedMNIST,digits,2,3,0.3603518485788121,0.25801184558844326,0.5608335648905618,0.5697349258848045,0.5285975825049662,0.4010021556687567,RC2O_static,0.9117192127371476,0.999,0.9201997663201251,0.5611964792070641,0.5323362673274465,0.5313277047471515,0.0010000000000000009,Goal_E_specialization,Goal E: maximize host specialization,1.5897876311702306,fixed_RC2O_static
SplitCIFAR10_seed2_task3,SplitCIFAR10,natural-images,2,3,0.6096594993657131,0.5145184151305742,0.35191651081777336,0.6223468321924149,0.5596230206377104,0.7759311084609678,RC2O_static,0.8380665476887601,0.999,0.9243276003050689,0.6448292524068028,0.46264228966099763,0.6906645330018405,0.0010000000000000009,Goal_E_specialization,Goal E: maximize host specialization,1.8449127177517888,fixed_RC2O_static
SplitCIFAR100Coarse_seed2_task3,SplitCIFAR100Coarse,natural-images,2,3,0.7629835268947399,0.6952627324404606,0.48484518505244173,0.7212045645047555,0.6907043340877023,1.0,RC2O_static,0.7783203898975224,0.999,0.9065049472295994,0.7053776574005837,0.4121852854995136,0.793305225081094,0.0010000000000000009,Goal_E_specialization,Goal E: maximize host specialization,2.010054716927328,fixed_RC2O_static
SVHNContinual_seed2_task3,SVHNContinual,digits-real,2,3,0.5916505508407276,0.5393765274060061,0.5405137326594532,0.6652699218870556,0.5686688851089744,0.6778270285155533,RC2O_static,0.8337968235292417,0.999,0.90363386862395,0.6402984167535274,0.4664179860387272,0.6682136440146239,0.0010000000000000009,Goal_E_specialization,Goal E: maximize host specialization,1.791743486683635,fixed_RC2O_static
SplitMNIST_seed2_task4,SplitMNIST,digits,2,4,0.13738382373373115,0.10924384599934318,0.13620155681204676,0.2830131575003036,0.4605991464890704,0.2603136777211199,RC2O_static,0.995,0.999,0.9928611214927299,0.48752268745688976,0.5937310937859253,0.4418947467763412,0.0010000000000000009,Goal_E_specialization,Goal E: maximize host specialization,1.4956659925503377,fixed_RC2O_static
SplitFashionMNIST_seed2_task4,SplitFashionMNIST,fashion,2,4,0.34879615488155685,0.43840755381884255,0.2974896509765069,0.4603351524623008,0.5632812529506968,0.5830948914637215,RC2O_static,0.9238198292215154,0.999,0.9419993230478811,0.5646736730078717,0.5294386058267735,0.6144420565159026,0.0010000000000000009,Goal_E_specialization,Goal E: maximize host specialization,1.7399700909672093,fixed_RC2O_static
SplitKMNIST_seed2_task4,SplitKMNIST,characters,2,4,0.4171748913023331,0.39951542961623554,0.23064403471024197,0.4631496639727843,0.6013195761110102,0.740621615898952,RC2O_static,0.9051688990046627,0.999,0.9482664370344169,0.5945985884524514,0.5045011762896239,0.6819521837107534,0.0010000000000000009,Goal_E_specialization,Goal E: maximize host specialization,1.8551914914371368,fixed_RC2O_static
RotatedMNIST_seed2_task4,RotatedMNIST,digits,2,4,0.3055541788029402,0.33533133754924893,0.639310383173817,0.5548312180807138,0.5475193705356831,0.5446682920014587,RC2O_static,0.9298421537243466,0.999,0.9028013460269428,0.5607334163963894,0.5327221530030088,0.5881987338739139,0.0010000000000000009,Goal_E_specialization,Goal E: maximize host specialization,1.689132020951279,fixed_RC2O_static
PermutedMNIST_seed2_task4,PermutedMNIST,digits,2,4,0.3381023515310466,0.20095131843887665,0.6350835055932001,0.5750952786046599,0.5526345683387371,0.5301728148520302,RC2O_static,0.9015125881902095,0.999,0.9184371810381149,0.5661821483275985,0.5281815430603345,0.5702010604564315,0.0010000000000000009,Goal_E_specialization,Goal E: maximize host specialization,1.6564046007365507,fixed_RC2O_static
SplitCIFAR10_seed2_task4,SplitCIFAR10,natural-images,2,4,0.600254479537546,0.5345108443191785,0.3459247753101631,0.5800591383893343,0.7285238170213131,0.7777004361785671,RC2O_static,0.8372719391067396,0.999,0.9254300003644169,0.6664983963608132,0.4445846696993223,0.6995981279469549,0.0010000000000000009,Goal_E_specialization,Goal E: maximize host specialization,1.8577413418872923,fixed_RC2O_static
SplitCIFAR100Coarse_seed2_task4,SplitCIFAR100Coarse,natural-images,2,4,0.809740989495605,0.6497017512715937,0.5346875795765424,0.7819835200817745,0.8176403667231928,0.9261845263853163,RC2O_static,0.7651258562997592,0.9952749026177219,0.8881967579234693,0.7350020610780899,0.3874982824349251,0.7677269294496527,0.0047250973822781095,Goal_E_specialization,Goal E: maximize host specialization,1.948187046544005,fixed_RC2O_static
SVHNContinual_seed2_task4,SVHNContinual,digits-real,2,4,0.6054168524096235,0.4402486173425707,0.584809549447483,0.7169600676696432,0.6859853563238327,0.7320834963577217,RC2O_static,0.8233409818433362,0.999,0.894039231671238,0.6607687939909808,0.4493593383408493,0.6801105173635266,0.0010000000000000009,Goal_E_specialization,Goal E: maximize host specialization,1.8104088049208436,fixed_RC2O_static
SplitMNIST_seed2_task5,SplitMNIST,digits,2,5,0.16578543635245707,0.08656289809072543,0.0703648019899094,0.23910474420137484,0.5305612994085463,0.22195612573013107,RC2O_static,0.995,0.999,0.999,0.5236843330536239,0.56359638912198,0.43425293335286375,0.0010000000000000009,Goal_E_specialization,Goal E: maximize host specialization,1.4816482992172544,fixed_RC2O_static
SplitFashionMNIST_seed2_task5,SplitFashionMNIST,fashion,2,5,0.39196661973560215,0.4454242140808284,0.322400358867788,0.4448126524856268,0.6654346754208411,0.6319252679584378,RC2O_static,0.8894931795282524,0.999,0.9456824891430757,0.5838658982135384,0.5134450848220513,0.624576164697866,0.0010000000000000009,Goal_E_specialization,Goal E: maximize host specialization,1.7507557447748967,fixed_RC2O_static
SplitKMNIST_seed2_task5,SplitKMNIST,characters,2,5,0.405533564988147,0.42400395908272387,0.2782049246685278,0.5088181177462999,0.6082951631897321,0.6749329854884509,RC2O_static,0.8895300121466561,0.999,0.9575806007277365,0.5941734390805297,0.504855467432892,0.6432841146707469,0.0010000000000000009,Goal_E_specialization,Goal E: maximize host specialization,1.7864652156094882,fixed_RC2O_static
RotatedMNIST_seed2_task5,RotatedMNIST,digits,2,5,0.29712818802523316,0.2651522475836035,0.6546767615313087,0.556483192363537,0.604278561938093,0.4555226574406656,RC2O_static,0.9318232565366795,0.999,0.9031519819974971,0.5632077262300942,0.5306602281415882,0.5516687801298664,0.0010000000000000009,Goal_E_specialization,Goal E: maximize host specialization,1.6265803627931388,fixed_RC2O_static
PermutedMNIST_seed2_task5,PermutedMNIST,digits,2,5,0.3313433139057956,0.23689558228135443,0.7452047422217002,0.6080564239666443,0.5906853038024131,0.43953071997894394,RC2O_static,0.9280573126660581,0.999,0.8755385062260239,0.5827129682908534,0.5144058597576222,0.5300034127826694,0.0010000000000000009,Goal_E_specialization,Goal E: maximize host specialization,1.584817276923141,fixed_RC2O_static
SplitCIFAR10_seed2_task5,SplitCIFAR10,natural-images,2,5,0.6134587030524706,0.615544494811624,0.44223219757419086,0.6513766548607212,0.7275055641287176,0.8241851235922791,RC2O_static,0.8265101159370405,0.999,0.9114563459763911,0.6729213504930357,0.4392322079224702,0.7182736769729173,0.0010000000000000009,Goal_E_specialization,Goal E: maximize host specialization,1.8855462914305727,fixed_RC2O_static
SplitCIFAR100Coarse_seed2_task5,SplitCIFAR100Coarse,natural-images,2,5,0.8266684095557615,0.6705958799598599,0.5564168615163934,0.7518494344203964,0.8630383594402056,0.8793962754653915,RC2O_static,0.7588097820054238,0.9945488090033721,0.8798433546938595,0.758081639605312,0.3682653003289066,0.7462889658417132,0.0054511909966279415,Goal_E_specialization,Goal E: maximize host specialization,1.9031285322752862,fixed_RC2O_static
SVHNContinual_seed2_task5,SVHNContinual,digits-real,2,5,0.5637446887187041,0.4828944407860259,0.6659409216932358,0.7199501451213391,0.7321347609083925,0.7182448902972433,RC2O_static,0.8474107304071186,0.9976295471760395,0.8695010467034787,0.6681610048488967,0.4431991626259194,0.6649342360998313,0.002370452823960534,Goal_E_specialization,Goal E: maximize host specialization,1.7862256453093663,fixed_RC2O_static
SplitMNIST_seed3_task1,SplitMNIST,digits,3,1,0.1506632545106428,0.051252823767483156,0.09347500297465011,0.2663096168897839,0.36583140828415367,0.22791095413219348,RC2O_static,0.995,0.999,0.999,0.49016251874131167,0.5915312343822403,0.4307389316607966,0.0010000000000000009,Goal_E_specialization,Goal E: maximize host specialization,1.4786581436405262,fixed_RC2O_static
SplitFashionMNIST_seed3_task1,SplitFashionMNIST,fashion,3,1,0.3473075384596984,0.47122468177423193,0.18794863524914446,0.4416778440139004,0.3542761899153115,0.6677035764531971,RC2O_static,0.9233220958134187,0.999,0.9528200069027397,0.5337298261553817,0.5552251448705152,0.651857511715604,0.0010000000000000009,Goal_E_specialization,Goal E: maximize host specialization,1.8097200469113799,fixed_RC2O_static
SplitKMNIST_seed3_task1,SplitKMNIST,characters,3,1,0.40629817004638485,0.45347238061182815,0.20499594246631953,0.47062460701617226,0.3828470534109738,0.669444259074977,RC2O_static,0.9015261430940076,0.999,0.9529187217747561,0.5651613834373992,0.529032180468834,0.6492200453634914,0.0010000000000000009,Goal_E_specialization,Goal E: maximize host specialization,1.7982095200850434,fixed_RC2O_static
RotatedMNIST_seed3_task1,RotatedMNIST,digits,3,1,0.3029037128036037,0.29056326059711496,0.47546407004769914,0.47774386648937417,0.3609400408615923,0.5413663043500635,RC2O_static,0.9294781692199932,0.999,0.9241831987791418,0.5340168156948244,0.5549859869209797,0.5798535204226425,0.0010000000000000009,Goal_E_specialization,Goal E: maximize host specialization,1.6829234338605157,fixed_RC2O_static
PermutedMNIST_seed3_task1,PermutedMNIST,digits,3,1,0.33820233143031536,0.2809247648164643,0.47705112182143433,0.5320313038262525,0.39011132638679985,0.4431487645799913,RC2O_static,0.9122662518040456,0.999,0.9248312206697176,0.5531466377886823,0.5390444685094313,0.5321854876345312,0.0010000000000000009,Goal_E_specialization,Goal E: maximize host specialization,1.5971577807152606,fixed_RC2O_static
SplitCIFAR10_seed3_task1,SplitCIFAR10,natural-images,3,1,0.6642775849315627,0.5406182123248098,0.3679707422271125,0.6608654258821052,0.5839322958041161,0.7840231105215867,RC2O_static,0.8323985849651279,0.999,0.9296597346295037,0.6652704167030593,0.4456079860807839,0.6875926659014202,0.0010000000000000009,Goal_E_specialization,Goal E: maximize host specialization,1.8401827155562431,fixed_RC2O_static
SplitCIFAR100Coarse_seed3_task1,SplitCIFAR100Coarse,natural-images,3,1,0.7246851542948537,0.6642819126679692,0.3797456973252263,0.6558755154960977,0.5452369976970267,0.9912891965369105,RC2O_static,0.7939700721958975,0.999,0.9177596703121527,0.6753881786131128,0.43717651782240596,0.7844764915838766,0.0010000000000000009,Goal_E_specialization,Goal E: maximize host specialization,2.0037616429750162,fixed_RC2O_static
SVHNContinual_seed3_task1,SVHNContinual,digits-real,3,1,0.5885276027343417,0.5255634763903307,0.4735920942558293,0.5890322373711214,0.48892911555075597,0.7384753591482194,RC2O_static,0.8396722368045182,0.999,0.9096454121073259,0.627904335384849,0.4767463871792924,0.682951788940178,0.0010000000000000009,Goal_E_specialization,Goal E: maximize host specialization,1.8257038720200953,fixed_RC2O_static
SplitMNIST_seed3_task2,SplitMNIST,digits,3,2,0.13675075086255742,0.057184235027194705,0.05831276647795754,0.16021185444298736,0.43217052373132453,0.2908222407611112,RC2O_static,0.995,0.999,0.999,0.48807622876334034,0.5932698093638831,0.45708924240546056,0.0010000000000000009,Goal_E_specialization,Goal E: maximize host specialization,1.5212703112563968,fixed_RC2O_static
SplitFashionMNIST_seed3_task2,SplitFashionMNIST,fashion,3,2,0.38680870883793267,0.4174186833459431,0.26721583190023235,0.43386513113186104,0.5433911626255871,0.6248816997279327,RC2O_static,0.8914586280708829,0.999,0.9484929649185709,0.5770475378881564,0.5191270517598696,0.6201007569226072,0.0010000000000000009,Goal_E_specialization,Goal E: maximize host specialization,1.744851127082096,fixed_RC2O_static
SplitKMNIST_seed3_task2,SplitKMNIST,characters,3,2,0.4339709536289738,0.39889167959029,0.2753213768047772,0.5006476411892806,0.42815000678874354,0.6262837601252919,RC2O_static,0.8889365375285418,0.999,0.9467384333519353,0.5703345010595814,0.5247212491170155,0.6192633876603357,0.0010000000000000009,Goal_E_specialization,Goal E: maximize host specialization,1.7428741259802187,fixed_RC2O_static
RotatedMNIST_seed3_task2,RotatedMNIST,digits,3,2,0.31576017905722253,0.2996404270355048,0.462726638388594,0.49017464301821867,0.4534941957815557,0.4749552219224912,RC2O_static,0.9267440725602893,0.999,0.9247395217137822,0.5487846784770668,0.5426794346024444,0.5588106750856815,0.0010000000000000009,Goal_E_specialization,Goal E: maximize host specialization,1.64351849493192,fixed_RC2O_static
PermutedMNIST_seed3_task2,PermutedMNIST,digits,3,2,0.3163806725460198,0.2374960641389353,0.5385106474188486,0.48647631698650673,0.4999662612562959,0.4528345448482969,RC2O_static,0.9235680805503015,0.999,0.9169060415303698,0.5371472800216573,0.5523772666486189,0.5404971091295595,0.0010000000000000009,Goal_E_specialization,Goal E: maximize host specialization,1.61223804768592,fixed_RC2O_static
SplitCIFAR10_seed3_task2,SplitCIFAR10,natural-images,3,2,0.6049674739000255,0.5454938331713125,0.4028071007748514,0.6796834614811847,0.6170858046550558,0.8220747133258542,RC2O_static,0.8320959035305378,0.999,0.9129131244470363,0.6534218227913342,0.4554818143405548,0.7225461166632352,0.0010000000000000009,Goal_E_specialization,Goal E: maximize host specialization,1.8945657787274433,fixed_RC2O_static
SplitCIFAR100Coarse_seed3_task2,SplitCIFAR100Coarse,natural-images,3,2,0.7798570251325917,0.6355350753962129,0.41745002713744617,0.6639768599788402,0.7251510320012058,0.9417048472445149,RC2O_static,0.7825613711331223,0.999,0.9157032374893632,0.7184540080412496,0.40128832663229197,0.7732754496080596,0.0010000000000000009,Goal_E_specialization,Goal E: maximize host specialization,1.973019941844991,fixed_RC2O_static
SVHNContinual_seed3_task2,SVHNContinual,digits-real,3,2,0.5312992378853533,0.48331550928341127,0.5268746051361451,0.6481753452424809,0.5678061738956911,0.6771894856462664,RC2O_static,0.846512877658905,0.999,0.9130639954022806,0.6180886470702254,0.4849261274414788,0.6533416624705667,0.0010000000000000009,Goal_E_specialization,Goal E: maximize host specialization,1.7766646337275245,fixed_RC2O_static
SplitMNIST_seed3_task3,SplitMNIST,digits,3,3,0.16683666644527684,0.07627813675509686,0.08980183747034003,0.2641977950762912,0.39167424736590345,0.33996601621344635,RC2O_static,0.9794939726614009,0.999,0.999,0.49656209289504194,0.5861982559207983,0.46915761179572824,0.0010000000000000009,Goal_E_specialization,Goal E: maximize host specialization,1.537870409370375,fixed_RC2O_static
SplitFashionMNIST_seed3_task3,SplitFashionMNIST,fashion,3,3,0.3897642233100701,0.44812519841260945,0.24140636475861607,0.44538765852738516,0.5584456621419324,0.6354080991108447,RC2O_static,0.8944030689887705,0.999,0.9577480622597081,0.5712746718066242,0.5239377734944799,0.6442415903158077,0.0010000000000000009,Goal_E_specialization,Goal E: maximize host specialization,1.7852522367167658,fixed_RC2O_static
SplitKMNIST_seed3_task3,SplitKMNIST,characters,3,3,0.45501077157366143,0.3869273712707713,0.2968249676231874,0.4591287401199968,0.5532997334394424,0.6422206838809527,RC2O_static,0.8897150885049729,0.999,0.9413796320683481,0.5873089120684226,0.5105759066096478,0.6241187443791476,0.0010000000000000009,Goal_E_specialization,Goal E: maximize host specialization,1.7502129281785301,fixed_RC2O_static
RotatedMNIST_seed3_task3,RotatedMNIST,digits,3,3,0.34210064666858203,0.3093952732217573,0.5523529067279033,0.5839346555337048,0.451950279105784,0.5162106731189404,RC2O_static,0.9216347225952894,0.999,0.9128964563095407,0.5673453370208364,0.5272122191493029,0.5736925905053255,0.0010000000000000009,Goal_E_specialization,Goal E: maximize host specialization,1.664489386657247,fixed_RC2O_static
PermutedMNIST_seed3_task3,PermutedMNIST,digits,3,3,0.34279688810331904,0.24582614497010352,0.577326445043787,0.5261246923527113,0.4804510033862693,0.47298241903196353,RC2O_static,0.9194058413501407,0.999,0.9247038832510655,0.5655744857791398,0.5286879285173834,0.5471276961745127,0.0010000000000000009,Goal_E_specialization,Goal E: maximize host specialization,1.6235108657304713,fixed_RC2O_static
SplitCIFAR10_seed3_task3,SplitCIFAR10,natural-images,3,3,0.609001277460961,0.5672576047431225,0.47949572662832796,0.6412179749198721,0.6267267871976827,0.76887040189945,RC2O_static,0.8318411289891221,0.9983932858936844,0.8990755521344116,0.6562950574316108,0.4530874521403243,0.6999593265882252,0.001606714106315632,Goal_E_specialization,Goal E: maximize host specialization,1.8490742777489966,fixed_RC2O_static
SplitCIFAR100Coarse_seed3_task3,SplitCIFAR100Coarse,natural-images,3,3,0.7857986424152088,0.6885323579339555,0.5136159980759754,0.7852830580575973,0.6778296745770466,0.9882214057836011,RC2O_static,0.7704841431032923,0.999,0.8983637620308487,0.7146907966498934,0.40442433612508877,0.8097599013477438,0.0010000000000000009,Goal_E_specialization,Goal E: maximize host specialization,2.02887768067582,fixed_RC2O_static
SVHNContinual_seed3_task3,SVHNContinual,digits-real,3,3,0.6199003082925738,0.5260286416829557,0.5138324577948258,0.6356716765535357,0.6578974816959147,0.7543962014181311,RC2O_static,0.8230433616179886,0.9969652008257588,0.897908685395163,0.670894646603922,0.440921127830065,0.7020258630348758,0.0030347991742412095,Goal_E_specialization,Goal E: maximize host specialization,1.8461818404446597,fixed_RC2O_static
SplitMNIST_seed3_task4,SplitMNIST,digits,3,4,0.1301762160289187,0.08363897531116124,0.07176139327012726,0.22768453227743934,0.43658567785474145,0.2409032694790533,RC2O_static,0.9930990952172536,0.999,0.9956301175811131,0.49731560923042495,0.5855703256413125,0.44870790861272203,0.0010000000000000009,Goal_E_specialization,Goal E: maximize host specialization,1.5031904913148773,fixed_RC2O_static
SplitFashionMNIST_seed3_task4,SplitFashionMNIST,fashion,3,4,0.39970257873027026,0.45773982772123967,0.2186977962083539,0.4751758049735592,0.6141815769211848,0.6424753099812005,RC2O_static,0.902442656269812,0.999,0.9515455292570723,0.5945464817132184,0.5045445985723179,0.6308627681690139,0.0010000000000000009,Goal_E_specialization,Goal E: maximize host specialization,1.7662738966589935,fixed_RC2O_static
SplitKMNIST_seed3_task4,SplitKMNIST,characters,3,4,0.40640911359641574,0.428505937831582,0.28758395728684866,0.43909594335634666,0.6099470447656976,0.6853062034150225,RC2O_static,0.8901246205896491,0.999,0.9514954673504867,0.5932358280920773,0.5056368099232689,0.6560313177913224,0.0010000000000000009,Goal_E_specialization,Goal E: maximize host specialization,1.8054518388723502,fixed_RC2O_static
RotatedMNIST_seed3_task4,RotatedMNIST,digits,3,4,0.32782505660321964,0.2986335411465836,0.6132480062628524,0.5762849925621533,0.5109095173562921,0.5110074590294308,RC2O_static,0.9112627039839982,0.999,0.8995953558449101,0.5607359874395851,0.5327200104670125,0.5720432690847647,0.0010000000000000009,Goal_E_specialization,Goal E: maximize host specialization,1.6553357394221888,fixed_RC2O_static
PermutedMNIST_seed3_task4,PermutedMNIST,digits,3,4,0.3165708272487415,0.23899488927315304,0.6624530778215765,0.5363207462165485,0.5213040345215337,0.48328901683844755,RC2O_static,0.915854547279608,0.999,0.9037962260424313,0.5570892654339638,0.5357589454716969,0.5491957450616857,0.0010000000000000009,Goal_E_specialization,Goal E: maximize host specialization,1.6216916781378947,fixed_RC2O_static
SplitCIFAR10_seed3_task4,SplitCIFAR10,natural-images,3,4,0.599801877106193,0.5946273990570489,0.3976960168860714,0.6205759285393436,0.6420284985510225,0.8113600978246194,RC2O_static,0.8270196815165693,0.999,0.9158764743584356,0.6484534568424674,0.45962211929794383,0.718320562714971,0.0010000000000000009,Goal_E_specialization,Goal E: maximize host specialization,1.8860522170814586,fixed_RC2O_static
SplitCIFAR100Coarse_seed3_task4,SplitCIFAR100Coarse,natural-images,3,4,0.7590954001243444,0.7525382228300437,0.5208969715671715,0.7431629210946596,0.7574473497866683,0.9475228343480618,RC2O_static,0.7681957343374235,0.990178909838648,0.8951907092490976,0.7315932672974896,0.39033894391875856,0.7877677816601247,0.00982109016135202,Goal_E_specialization,Goal E: maximize host specialization,1.9835991152595394,fixed_RC2O_static
SVHNContinual_seed3_task4,SVHNContinual,digits-real,3,4,0.5968339211545671,0.45916904574950496,0.6064680358732583,0.6794767137165842,0.7005671986397475,0.7613295657454036,RC2O_static,0.8476959360576193,0.9964266136798827,0.8931360845947649,0.6524440897789681,0.4562965918508599,0.6827363576812547,0.0035733863201172777,Goal_E_specialization,Goal E: maximize host specialization,1.8249871734745924,fixed_RC2O_static
SplitMNIST_seed3_task5,SplitMNIST,digits,3,5,0.14837249583142043,0.08208253559953144,0.07743446833286557,0.2624861674821214,0.5178328349345104,0.25367839861551705,RC2O_static,0.9873699417614876,0.999,0.999,0.5069934828759101,0.5775054309367416,0.445616914189657,0.0010000000000000009,Goal_E_specialization,Goal E: maximize host specialization,1.4987277652688442,fixed_RC2O_static
SplitFashionMNIST_seed3_task5,SplitFashionMNIST,fashion,3,5,0.3949408363879826,0.4613952420085171,0.30255132774101173,0.4530164336181758,0.5846725184727097,0.6185142642524779,RC2O_static,0.9056111093068167,0.999,0.9422723106816882,0.5812931729027963,0.5155890225810031,0.6285207766513802,0.0010000000000000009,Goal_E_specialization,Goal E: maximize host specialization,1.7589837232184653,fixed_RC2O_static
SplitKMNIST_seed3_task5,SplitKMNIST,characters,3,5,0.39983245992387206,0.3478985352522437,0.30789140237480095,0.4652980763741006,0.608778602123293,0.6923313049451381,RC2O_static,0.901567585204009,0.999,0.9421709707636445,0.5808947381369648,0.5159210515525293,0.659690192774245,0.0010000000000000009,Goal_E_specialization,Goal E: maximize host specialization,1.8134356654795518,fixed_RC2O_static
RotatedMNIST_seed3_task5,RotatedMNIST,digits,3,5,0.3170229423881547,0.2775590303032716,0.6323835997492148,0.5174897899945093,0.6105073075954186,0.5261643801316539,RC2O_static,0.9218896424570449,0.999,0.9063961661420823,0.5816148984510418,0.5153209179574652,0.5689381925314801,0.0010000000000000009,Goal_E_specialization,Goal E: maximize host specialization,1.6565695423693156,fixed_RC2O_static
PermutedMNIST_seed3_task5,PermutedMNIST,digits,3,5,0.32596861601809224,0.30300780528121535,0.7023007379586476,0.5412449131739672,0.6181700482645692,0.4607824695332994,RC2O_static,0.910148303326364,0.999,0.8819996992209527,0.5787893161581006,0.5176755698682495,0.5526571226818625,0.0010000000000000009,Goal_E_specialization,Goal E: maximize host specialization,1.6161462526759776,fixed_RC2O_static
SplitCIFAR10_seed3_task5,SplitCIFAR10,natural-images,3,5,0.6395417347053697,0.5379995638429645,0.45849075722691907,0.6691472869175004,0.7210438674985883,0.8356264448973989,RC2O_static,0.8420837021609162,0.9911541961026444,0.9129593039480903,0.6784627736082712,0.43461435532644066,0.7270017502182493,0.008845803897355564,Goal_E_specialization,Goal E: maximize host specialization,1.9028946536208617,fixed_RC2O_static
SplitCIFAR100Coarse_seed3_task5,SplitCIFAR100Coarse,natural-images,3,5,0.7987209979268307,0.6636399242406119,0.5632639290031075,0.7842879979320456,0.8356312274774824,0.9510333818817231,RC2O_static,0.7666494681793417,0.9805414195552453,0.8932153395188589,0.7414554640945423,0.38212044658788136,0.7653355822623874,0.01945858044475468,Goal_E_specialization,Goal E: maximize host specialization,1.9453420969983912,fixed_RC2O_static
SVHNContinual_seed3_task5,SVHNContinual,digits-real,3,5,0.5538472915296347,0.5104367430075032,0.6414489593322754,0.6591043076622055,0.6684104074974251,0.7032288967191191,RC2O_static,0.8391734263115813,0.9944366319337603,0.8802359376970041,0.6519308283338576,0.45672430972178524,0.6750972356626059,0.005563368066239693,Goal_E_specialization,Goal E: maximize host specialization,1.799309062371089,fixed_RC2O_static
