state_id,dataset,family,seed,task_id,difficulty,ambiguity,drift,retention_pressure,cost_pressure,specialization_need,action,accuracy,retention,stability,cost,cost_good,specialization,future_forgetting,goal,goal_label,score,policy
PermutedMNIST_seed0_task1,PermutedMNIST,digits,0,1,0.30620350844740607,0.21106340804060866,0.5252767818175056,0.5003298580041625,0.39079667592747497,0.44182189438722463,accuracy_specialist,0.995,0.9134847923228702,0.8388525136128411,0.6003902465456057,0.4996747945453286,0.4697615801731031,0.08651520767712984,Goal_A_accuracy,Goal A: maximize accuracy,1.6948927125944868,goal_adaptive_FB_controller
PermutedMNIST_seed0_task2,PermutedMNIST,digits,0,2,0.3142711755917313,0.2868605979484679,0.612701949171781,0.5330519641142752,0.5065051799223501,0.48096093558145175,accuracy_specialist,0.9671149803710196,0.9162419637924096,0.8227370768907484,0.6058612183764018,0.4951156513529984,0.49304106391744373,0.08375803620759037,Goal_A_accuracy,Goal A: maximize accuracy,1.6601804494725334,goal_adaptive_FB_controller
PermutedMNIST_seed0_task3,PermutedMNIST,digits,0,3,0.3234725104655376,0.24981202616291312,0.640758142906764,0.5314057959696514,0.5444085068720945,0.47794208042103453,accuracy_specialist,0.9753112404998474,0.9067154059147613,0.8100028388638326,0.6261546567309806,0.47820445272418277,0.4993531909431217,0.0932845940852387,Goal_A_accuracy,Goal A: maximize accuracy,1.6650740922998049,goal_adaptive_FB_controller
PermutedMNIST_seed0_task4,PermutedMNIST,digits,0,4,0.32282837326154157,0.20964190399331073,0.6424089713039788,0.532052816126734,0.5340252447673753,0.36541191909343096,accuracy_specialist,0.9926634983616838,0.9209652881819324,0.8185946581879775,0.6346929571535933,0.4710892023720056,0.4469009909000141,0.07903471181806765,Goal_A_accuracy,Goal A: maximize accuracy,1.6856589130529864,goal_adaptive_FB_controller
PermutedMNIST_seed0_task5,PermutedMNIST,digits,0,5,0.35678682835845554,0.23502761334811392,0.7131178362041983,0.5830930474536621,0.5943984447707402,0.41900179837778556,accuracy_specialist,0.963374937859439,0.9072830511276395,0.8024511472129544,0.6246071405760739,0.47949404951993835,0.47755890764051356,0.09271694887236048,Goal_A_accuracy,Goal A: maximize accuracy,1.647112402904197,goal_adaptive_FB_controller
PermutedMNIST_seed1_task1,PermutedMNIST,digits,1,1,0.3210417234032721,0.2513543414975021,0.5150454782616497,0.4946254982190633,0.3762536837102827,0.44703333662785005,accuracy_specialist,0.9799929188800038,0.9155840663623087,0.8378739470294515,0.5990624998693921,0.5007812501088399,0.48694097264415936,0.08441593363769129,Goal_A_accuracy,Goal A: maximize accuracy,1.6783404795202996,goal_adaptive_FB_controller
PermutedMNIST_seed1_task2,PermutedMNIST,digits,1,2,0.31306995848012326,0.2647169260343134,0.5039710459105972,0.5009038266173627,0.4969106352354117,0.5139940208212204,accuracy_specialist,0.9886477281683267,0.9100066444047272,0.8377023719195442,0.61683210903356,0.48597324247203333,0.5009401444560444,0.08999335559527277,Goal_A_accuracy,Goal A: maximize accuracy,1.6876580157923295,goal_adaptive_FB_controller
PermutedMNIST_seed1_task3,PermutedMNIST,digits,1,3,0.3463406319390595,0.23080609365980087,0.5907726257952066,0.5327731515677512,0.4725150457372488,0.4709169165108234,accuracy_specialist,0.9769909639909713,0.9045939881329709,0.8272829788931253,0.6266987274163613,0.4777510604863655,0.48069380061605094,0.09540601186702913,Goal_A_accuracy,Goal A: maximize accuracy,1.6673241349661674,goal_adaptive_FB_controller
PermutedMNIST_seed1_task4,PermutedMNIST,digits,1,4,0.34234954901552295,0.2300218736109157,0.6576161305897169,0.5786080759254457,0.5343438022162803,0.48260954030143677,accuracy_specialist,0.9750545629086554,0.9065481112933962,0.8132883214676533,0.616130411373174,0.48655799052235493,0.4715003501433431,0.09345188870660381,Goal_A_accuracy,Goal A: maximize accuracy,1.6632543137458862,goal_adaptive_FB_controller
PermutedMNIST_seed1_task5,PermutedMNIST,digits,1,5,0.3209297170788323,0.2917281388036251,0.654555480115323,0.5521461113558415,0.5843251734683311,0.480321285346126,accuracy_specialist,0.9801413913490679,0.8961199380704181,0.814747440007164,0.633826290639421,0.4718114244671492,0.48738568524663284,0.10388006192958188,Goal_A_accuracy,Goal A: maximize accuracy,1.6669772335425348,goal_adaptive_FB_controller
PermutedMNIST_seed2_task1,PermutedMNIST,digits,2,1,0.35564727080584174,0.2700683468630563,0.5196930200663868,0.5310528670180544,0.4328877374827303,0.4748950457832441,accuracy_specialist,0.9822459157038073,0.9090356431753206,0.8324373807165292,0.6142890216115263,0.4880924819903947,0.4876860149039456,0.0909643568246794,Goal_A_accuracy,Goal A: maximize accuracy,1.6775097622205024,goal_adaptive_FB_controller
PermutedMNIST_seed2_task2,PermutedMNIST,digits,2,2,0.2930926218820866,0.26513863182659847,0.538288909866798,0.47181237922283215,0.42558731343906153,0.46164923669534397,accuracy_specialist,0.9818281080344483,0.91487971169541,0.8377441390542116,0.5961924985546443,0.5031729178711297,0.48362724271951263,0.08512028830458995,Goal_A_accuracy,Goal A: maximize accuracy,1.680346699884109,goal_adaptive_FB_controller
PermutedMNIST_seed2_task3,PermutedMNIST,digits,2,3,0.3603518485788121,0.25801184558844326,0.5608335648905618,0.5697349258848045,0.5285975825049662,0.4010021556687567,accuracy_specialist,0.9705025414393363,0.9011444957200451,0.8351997663201252,0.621196479207064,0.4823362673274466,0.47132770474715147,0.09885550427995493,Goal_A_accuracy,Goal A: maximize accuracy,1.6590606628846603,goal_adaptive_FB_controller
PermutedMNIST_seed2_task4,PermutedMNIST,digits,2,4,0.3381023515310466,0.20095131843887665,0.6350835055932001,0.5750952786046599,0.5526345683387371,0.5301728148520302,accuracy_specialist,0.9588109180783455,0.912407109577005,0.8334371810381149,0.6261821483275984,0.47818154306033456,0.5102010604564315,0.087592890422995,Goal_A_accuracy,Goal A: maximize accuracy,1.650469262499577,goal_adaptive_FB_controller
PermutedMNIST_seed2_task5,PermutedMNIST,digits,2,5,0.3313433139057956,0.23689558228135443,0.7452047422217002,0.6080564239666443,0.5906853038024131,0.43953071997894394,accuracy_specialist,0.983153217821624,0.8982427663236304,0.7905385062260238,0.6427129682908533,0.46440585975762216,0.47000341278266944,0.10175723367636957,Goal_A_accuracy,Goal A: maximize accuracy,1.6654498081612295,goal_adaptive_FB_controller
PermutedMNIST_seed3_task1,PermutedMNIST,digits,3,1,0.33820233143031536,0.2809247648164643,0.47705112182143433,0.5320313038262525,0.39011132638679985,0.4431487645799913,accuracy_specialist,0.972725229367617,0.911571384341178,0.8398312206697176,0.6131466377886823,0.4890444685094314,0.4721854876345313,0.08842861565882199,Goal_A_accuracy,Goal A: maximize accuracy,1.6658970615096695,goal_adaptive_FB_controller
PermutedMNIST_seed3_task2,PermutedMNIST,digits,3,2,0.3163806725460198,0.2374960641389353,0.5385106474188486,0.48647631698650673,0.4999662612562959,0.4528345448482969,accuracy_specialist,0.9827978676019246,0.9146619075204709,0.8319060415303698,0.5971472800216573,0.5023772666486189,0.48049710912955956,0.08533809247952906,Goal_A_accuracy,Goal A: maximize accuracy,1.6802361551898968,goal_adaptive_FB_controller
PermutedMNIST_seed3_task3,PermutedMNIST,digits,3,3,0.34279688810331904,0.24582614497010352,0.577326445043787,0.5261246923527113,0.4804510033862693,0.47298241903196353,accuracy_specialist,0.9778593124492649,0.9204291665077146,0.8397038832510655,0.6255744857791398,0.4786879285173835,0.4871276961745127,0.07957083349228544,Goal_A_accuracy,Goal A: maximize accuracy,1.6749685771453593,goal_adaptive_FB_controller
PermutedMNIST_seed3_task4,PermutedMNIST,digits,3,4,0.3165708272487415,0.23899488927315304,0.6624530778215765,0.5363207462165485,0.5213040345215337,0.48328901683844755,accuracy_specialist,0.9726054857231764,0.9130843164302058,0.8187962260424312,0.6170892654339637,0.48575894547169685,0.4891957450616857,0.08691568356979418,Goal_A_accuracy,Goal A: maximize accuracy,1.664342839221225,goal_adaptive_FB_controller
PermutedMNIST_seed3_task5,PermutedMNIST,digits,3,5,0.32596861601809224,0.30300780528121535,0.7023007379586476,0.5412449131739672,0.6181700482645692,0.4607824695332994,accuracy_specialist,0.966102288567191,0.9089976514397092,0.7969996992209526,0.6387893161581005,0.46767556986824954,0.49265712268186257,0.09100234856029077,Goal_A_accuracy,Goal A: maximize accuracy,1.6504604977070703,goal_adaptive_FB_controller
RotatedMNIST_seed0_task1,RotatedMNIST,digits,0,1,0.3146463308271441,0.3200415082748845,0.4499043764199615,0.46608603500679896,0.38304810754680935,0.5089663714789666,accuracy_specialist,0.9826609200027139,0.9224386530676408,0.8420814026873122,0.5945017002180062,0.5045819164849948,0.518576235840147,0.07756134693235917,Goal_A_accuracy,Goal A: maximize accuracy,1.6875638389059135,goal_adaptive_FB_controller
RotatedMNIST_seed0_task2,RotatedMNIST,digits,0,2,0.30585475540657026,0.3490682138047014,0.47873358958863993,0.47270523306366846,0.3567686524257889,0.5346692773775623,accuracy_specialist,0.9847360666378224,0.9169803784137468,0.8463485059550002,0.6014194114236971,0.498817157146919,0.5275939512930174,0.0830196215862532,Goal_A_accuracy,Goal A: maximize accuracy,1.6897585646379583,goal_adaptive_FB_controller
RotatedMNIST_seed0_task3,RotatedMNIST,digits,0,3,0.29555749646793283,0.29057310098826605,0.5643342902529968,0.5297858529819985,0.4284624317107788,0.5499321099797583,accuracy_specialist,0.9931387427863527,0.9152120544604557,0.8222652070913427,0.5855370762218778,0.5120524364817685,0.5080072197712108,0.08478794553954427,Goal_A_accuracy,Goal A: maximize accuracy,1.695572188787054,goal_adaptive_FB_controller
RotatedMNIST_seed0_task4,RotatedMNIST,digits,0,4,0.316903101454213,0.3084488885698326,0.5559602735186167,0.4864588889082124,0.6036367545600482,0.5120282468618095,accuracy_specialist,0.9795679148233705,0.9189174518653083,0.8216741663433784,0.6262353376422024,0.47813721863149794,0.5080720300066139,0.08108254813469173,Goal_A_accuracy,Goal A: maximize accuracy,1.676061306310858,goal_adaptive_FB_controller
RotatedMNIST_seed0_task5,RotatedMNIST,digits,0,5,0.3389213900699279,0.29718176813105585,0.6149772522652208,0.5507819143121175,0.6270009190222688,0.4830783468026229,accuracy_specialist,0.9810774745909766,0.905563973932632,0.8211563893308038,0.6340983549928446,0.47158470417262943,0.50187419098235,0.094436026067368,Goal_A_accuracy,Goal A: maximize accuracy,1.6732571846369972,goal_adaptive_FB_controller
RotatedMNIST_seed1_task1,RotatedMNIST,digits,1,1,0.2906920235384069,0.28477477584893685,0.42585316826160313,0.42793214578729544,0.3817029377995565,0.469784728151274,accuracy_specialist,0.9826273173554894,0.9237504486456933,0.8492211614356961,0.583293002616936,0.5139224978192201,0.4855942177432715,0.07624955135430667,Goal_A_accuracy,Goal A: maximize accuracy,1.6865566046273885,goal_adaptive_FB_controller
RotatedMNIST_seed1_task2,RotatedMNIST,digits,1,2,0.3265682319593292,0.2789012436695616,0.5441066649648169,0.5538402914421798,0.4996565756466801,0.5012156463283127,accuracy_specialist,0.9729033489189027,0.9071096743079021,0.826021824435607,0.6211426230218416,0.4823811474817986,0.5250972982405842,0.09289032569209787,Goal_A_accuracy,Goal A: maximize accuracy,1.6675577229631833,goal_adaptive_FB_controller
RotatedMNIST_seed1_task3,RotatedMNIST,digits,1,3,0.32670573425184485,0.32451877748576796,0.4869325951830318,0.4963206837439743,0.5159352054760277,0.6044239330605587,accuracy_specialist,0.97351895913304,0.9266176924243932,0.8356055035673731,0.6186686156009246,0.4844428203325628,0.5509408451594616,0.07338230757560682,Goal_A_accuracy,Goal A: maximize accuracy,1.6774323141067067,goal_adaptive_FB_controller
RotatedMNIST_seed1_task4,RotatedMNIST,digits,1,4,0.29016477051897926,0.3143753478234113,0.559948835798045,0.5234075399151786,0.5205772712950277,0.5441774823084808,accuracy_specialist,0.995,0.9178864953461339,0.8260506994167117,0.6091304465147169,0.4923912945710692,0.5176695680091518,0.08211350465386613,Goal_A_accuracy,Goal A: maximize accuracy,1.6981353150070622,goal_adaptive_FB_controller
RotatedMNIST_seed1_task5,RotatedMNIST,digits,1,5,0.35676060850946123,0.2875568893258405,0.7002950742487211,0.5671393659994899,0.568213593706577,0.49832062388410486,accuracy_specialist,0.9702014063977855,0.9186992776765233,0.8138699944265433,0.6259787739696571,0.4783510216919524,0.5097060838299796,0.08130072232347674,Goal_A_accuracy,Goal A: maximize accuracy,1.6633127871325375,goal_adaptive_FB_controller
RotatedMNIST_seed2_task1,RotatedMNIST,digits,2,1,0.29905518199764436,0.24021535026139512,0.4189602067701992,0.43305401150068684,0.39140195709833486,0.4965692580761236,accuracy_specialist,0.995,0.9350257956150523,0.8559634188507376,0.5983994187558329,0.5013338177034725,0.507094960866465,0.06497420438494772,Goal_A_accuracy,Goal A: maximize accuracy,1.7067438395883674,goal_adaptive_FB_controller
RotatedMNIST_seed2_task2,RotatedMNIST,digits,2,2,0.30634692278281694,0.29474536505159943,0.49925974012136975,0.4582301474189383,0.3849378045078447,0.599756383213272,accuracy_specialist,0.995,0.91239702679765,0.8458175384549589,0.5962734365477188,0.5031054695435677,0.5428287049846369,0.08760297320235,Goal_A_accuracy,Goal A: maximize accuracy,1.7033153049204768,goal_adaptive_FB_controller
RotatedMNIST_seed2_task3,RotatedMNIST,digits,2,3,0.38369785565266634,0.2562452672010205,0.5218404293164506,0.6161409794628477,0.5144939908682541,0.47947962233296765,accuracy_specialist,0.9738298265276816,0.9076823364654389,0.8361022820773713,0.6413788915881443,0.46551759034321305,0.5048958687564725,0.09231766353456106,Goal_A_accuracy,Goal A: maximize accuracy,1.666664555497536,goal_adaptive_FB_controller
RotatedMNIST_seed2_task4,RotatedMNIST,digits,2,4,0.3055541788029402,0.33533133754924893,0.639310383173817,0.5548312180807138,0.5475193705356831,0.5446682920014587,accuracy_specialist,0.9870559460608703,0.8976993482303139,0.8178013460269429,0.6207334163963893,0.4827221530030088,0.5281987338739138,0.10230065176968606,Goal_A_accuracy,Goal A: maximize accuracy,1.6818800282598314,goal_adaptive_FB_controller
RotatedMNIST_seed2_task5,RotatedMNIST,digits,2,5,0.29712818802523316,0.2651522475836035,0.6546767615313087,0.556483192363537,0.604278561938093,0.4555226574406656,accuracy_specialist,0.9887297213060533,0.9013969675124568,0.8181519819974971,0.6232077262300941,0.48066022814158815,0.49166878012986637,0.09860303248754321,Goal_A_accuracy,Goal A: maximize accuracy,1.681217091637451,goal_adaptive_FB_controller
RotatedMNIST_seed3_task1,RotatedMNIST,digits,3,1,0.3029037128036037,0.29056326059711496,0.47546407004769914,0.47774386648937417,0.3609400408615923,0.5413663043500635,accuracy_specialist,0.9899688878190392,0.91427955440493,0.8391831987791417,0.5940168156948243,0.5049859869209796,0.5198535204226425,0.08572044559506997,Goal_A_accuracy,Goal A: maximize accuracy,1.694392428926265,goal_adaptive_FB_controller
RotatedMNIST_seed3_task2,RotatedMNIST,digits,3,2,0.31576017905722253,0.2996404270355048,0.462726638388594,0.49017464301821867,0.4534941957815557,0.4749552219224912,accuracy_specialist,0.9874895397925175,0.9129960046777301,0.8397395217137821,0.6087846784770667,0.49267943460244434,0.49881067508568144,0.08700399532226988,Goal_A_accuracy,Goal A: maximize accuracy,1.6877208651359594,goal_adaptive_FB_controller
RotatedMNIST_seed3_task3,RotatedMNIST,digits,3,3,0.34210064666858203,0.3093952732217573,0.5523529067279033,0.5839346555337048,0.451950279105784,0.5162106731189404,accuracy_specialist,0.9805876644607313,0.9009725929111904,0.8278964563095408,0.6273453370208364,0.477212219149303,0.5136925905053256,0.09902740708880964,Goal_A_accuracy,Goal A: maximize accuracy,1.6742526782156057,goal_adaptive_FB_controller
RotatedMNIST_seed3_task4,RotatedMNIST,digits,3,4,0.32782505660321964,0.2986335411465836,0.6132480062628524,0.5762849925621533,0.5109095173562921,0.5110074590294308,accuracy_specialist,0.9689977438587413,0.9133355028903484,0.8145953558449102,0.620735987439585,0.4827200104670124,0.5120432690847647,0.08666449710965163,Goal_A_accuracy,Goal A: maximize accuracy,1.6612466868779279,goal_adaptive_FB_controller
RotatedMNIST_seed3_task5,RotatedMNIST,digits,3,5,0.3170229423881547,0.2775590303032716,0.6323835997492148,0.5174897899945093,0.6105073075954186,0.5261643801316539,accuracy_specialist,0.9792419704620605,0.9059949108929786,0.8213961661420822,0.6416148984510417,0.4653209179574652,0.5089381925314801,0.09400508910702143,Goal_A_accuracy,Goal A: maximize accuracy,1.6711865267710273,goal_adaptive_FB_controller
SVHNContinual_seed0_task1,SVHNContinual,digits-real,0,1,0.5907885437820896,0.48600740830339945,0.4872015484154762,0.6489232905809461,0.43056991716068865,0.7045170752924451,accuracy_specialist,0.9106318250581067,0.8961225722819693,0.8316554486575802,0.6813873195000512,0.4321772337499573,0.6041344318001651,0.10387742771803066,Goal_A_accuracy,Goal A: maximize accuracy,1.5903390815497698,goal_adaptive_FB_controller
SVHNContinual_seed0_task2,SVHNContinual,digits-real,0,2,0.582384810889269,0.47937970924600243,0.5039061394990499,0.6511932332451321,0.5653672581963015,0.6453525879162197,accuracy_specialist,0.9084622508130894,0.8948687441193311,0.8160046227987828,0.6999074933847385,0.4167437555127179,0.5770673541903188,0.10513125588066885,Goal_A_accuracy,Goal A: maximize accuracy,1.5804448890504061,goal_adaptive_FB_controller
SVHNContinual_seed0_task3,SVHNContinual,digits-real,0,3,0.5706976280268954,0.48040529130484205,0.5947552598045589,0.702894158359452,0.6726127984293899,0.694507388895887,accuracy_specialist,0.89673305102045,0.8847182933667511,0.8132706747989038,0.7137500297179376,0.4052083085683853,0.6121979411121006,0.11528170663324888,Goal_A_accuracy,Goal A: maximize accuracy,1.560222379922142,goal_adaptive_FB_controller
SVHNContinual_seed0_task4,SVHNContinual,digits-real,0,4,0.6116274021384005,0.48522090363929393,0.6404280030619915,0.6883902639860887,0.6897716641259805,0.6590538305720246,accuracy_specialist,0.8974826259214107,0.9055265250441991,0.8040580621421158,0.7112423158174244,0.40729807015214636,0.5855228425891957,0.09447347495580094,Goal_A_accuracy,Goal A: maximize accuracy,1.5681257142582647,goal_adaptive_FB_controller
SVHNContinual_seed0_task5,SVHNContinual,digits-real,0,5,0.5924111433657719,0.4898963087480462,0.6122421565009929,0.7283905902376918,0.7335259322757786,0.626666038150048,accuracy_specialist,0.8848238532795304,0.9030478881511896,0.8006837870892131,0.7343189779112486,0.3880675184072928,0.5835415209134138,0.09695211184881036,Goal_A_accuracy,Goal A: maximize accuracy,1.5490552606326629,goal_adaptive_FB_controller
SVHNContinual_seed1_task1,SVHNContinual,digits-real,1,1,0.6031366885636421,0.4732479189147264,0.39831940376209096,0.635248138004372,0.5116579205083807,0.7142319997056367,accuracy_specialist,0.8780587397372714,0.9000440424654663,0.8356061189732892,0.7019181545957048,0.4150682045035793,0.6055708369038535,0.09995595753453368,Goal_A_accuracy,Goal A: maximize accuracy,1.5499892572746925,goal_adaptive_FB_controller
SVHNContinual_seed1_task2,SVHNContinual,digits-real,1,2,0.5860008705986327,0.46468216528598055,0.5558026677902348,0.6741227598033842,0.5761773171410235,0.6649684074015767,accuracy_specialist,0.9037887020120268,0.9013139346978994,0.811683299365181,0.6972511266937916,0.4189573944218403,0.5820589756093689,0.09868606530210056,Goal_A_accuracy,Goal A: maximize accuracy,1.5769184930974065,goal_adaptive_FB_controller
SVHNContinual_seed1_task3,SVHNContinual,digits-real,1,3,0.6164853751164437,0.5207570971588229,0.5476872805723473,0.6276024382509342,0.6201201942979018,0.7058778860762227,accuracy_specialist,0.9063178988270344,0.9025164366437192,0.8258440231982561,0.7201747965935257,0.3998543361720619,0.6123507432844507,0.09748356335628083,Goal_A_accuracy,Goal A: maximize accuracy,1.5836235941201124,goal_adaptive_FB_controller
SVHNContinual_seed1_task4,SVHNContinual,digits-real,1,4,0.5603237787616734,0.5023999556018484,0.6071717971843381,0.6421228253161184,0.678624187247489,0.6720337546464061,accuracy_specialist,0.8899257032447029,0.8932890611950226,0.8166689609507678,0.7026392194956192,0.4144673170869839,0.597318343735707,0.1067109388049774,Goal_A_accuracy,Goal A: maximize accuracy,1.5583274237880587,goal_adaptive_FB_controller
SVHNContinual_seed1_task5,SVHNContinual,digits-real,1,5,0.5903521956629811,0.4691885850278141,0.6312688681712095,0.7002632692622633,0.7576513044512806,0.726902149280249,accuracy_specialist,0.9014793614300717,0.8994652358523921,0.7981413056187132,0.737246917362414,0.385627568864655,0.6156731177194763,0.10053476414760787,Goal_A_accuracy,Goal A: maximize accuracy,1.571559911907262,goal_adaptive_FB_controller
SVHNContinual_seed2_task1,SVHNContinual,digits-real,2,1,0.5633665041161232,0.49161761621344774,0.41842074233600424,0.6137620287423091,0.530404015444869,0.7436268985579215,accuracy_specialist,0.9014382270862279,0.8998933970166713,0.8406789306428082,0.6904426706721705,0.42463110777319124,0.6277484749448772,0.10010660298332874,Goal_A_accuracy,Goal A: maximize accuracy,1.5831106582394754,goal_adaptive_FB_controller
SVHNContinual_seed2_task2,SVHNContinual,digits-real,2,2,0.5494469091915636,0.4769299570497869,0.48815515982766144,0.6324788526817721,0.5090973516548516,0.7138743559923201,accuracy_specialist,0.9152351140124511,0.9077614815981307,0.8196363514409741,0.6875565889536401,0.4270361758719665,0.6084663652361686,0.09223851840186925,Goal_A_accuracy,Goal A: maximize accuracy,1.597479969742056,goal_adaptive_FB_controller
SVHNContinual_seed2_task3,SVHNContinual,digits-real,2,3,0.5916505508407276,0.5393765274060061,0.5405137326594532,0.6652699218870556,0.5686688851089744,0.6778270285155533,accuracy_specialist,0.8929865488760526,0.9026752408738489,0.8186338686239499,0.7002984167535273,0.41641798603872715,0.608213644014624,0.09732475912615113,Goal_A_accuracy,Goal A: maximize accuracy,1.5671602396124555,goal_adaptive_FB_controller
SVHNContinual_seed2_task4,SVHNContinual,digits-real,2,4,0.6054168524096235,0.4402486173425707,0.584809549447483,0.7169600676696432,0.6859853563238327,0.7320834963577217,accuracy_specialist,0.8816447908543865,0.8971229514727407,0.8090392316712379,0.7207687939909807,0.39935933834084936,0.6201105173635266,0.10287704852725932,Goal_A_accuracy,Goal A: maximize accuracy,1.5494409389598147,goal_adaptive_FB_controller
SVHNContinual_seed2_task5,SVHNContinual,digits-real,2,5,0.5637446887187041,0.4828944407860259,0.6659409216932358,0.7199501451213391,0.7321347609083925,0.7182448902972433,accuracy_specialist,0.9040919119732538,0.8910310428223993,0.7845010467034786,0.7281610048488967,0.39319916262591936,0.6049342360998313,0.10896895717760069,Goal_A_accuracy,Goal A: maximize accuracy,1.5684305349217766,goal_adaptive_FB_controller
SVHNContinual_seed3_task1,SVHNContinual,digits-real,3,1,0.5885276027343417,0.5255634763903307,0.4735920942558293,0.5890322373711214,0.48892911555075597,0.7384753591482194,accuracy_specialist,0.9002003949194015,0.9037471564345394,0.8246454121073259,0.687904335384849,0.4267463871792925,0.6229517889401781,0.0962528435654606,Goal_A_accuracy,Goal A: maximize accuracy,1.5798539121859327,goal_adaptive_FB_controller
SVHNContinual_seed3_task2,SVHNContinual,digits-real,3,2,0.5312992378853533,0.48331550928341127,0.5268746051361451,0.6481753452424809,0.5678061738956911,0.6771894856462664,accuracy_specialist,0.9059753855561822,0.9008630633537276,0.8280639954022806,0.6780886470702253,0.43492612744147885,0.5933416624705667,0.09913693664627243,Goal_A_accuracy,Goal A: maximize accuracy,1.5847213760852061,goal_adaptive_FB_controller
SVHNContinual_seed3_task3,SVHNContinual,digits-real,3,3,0.6199003082925738,0.5260286416829557,0.5138324577948258,0.6356716765535357,0.6578974816959147,0.7543962014181311,accuracy_specialist,0.882766712462092,0.8928950505291527,0.812908685395163,0.7308946466039219,0.39092112783006505,0.6420258630348759,0.10710494947084725,Goal_A_accuracy,Goal A: maximize accuracy,1.5507016277380727,goal_adaptive_FB_controller
SVHNContinual_seed3_task4,SVHNContinual,digits-real,3,4,0.5968339211545671,0.45916904574950496,0.6064680358732583,0.6794767137165842,0.7005671986397475,0.7613295657454036,accuracy_specialist,0.9055665753401541,0.8910423122683853,0.8081360845947649,0.712444089778968,0.40629659185086,0.6227363576812548,0.10895768773161474,Goal_A_accuracy,Goal A: maximize accuracy,1.5769167408167843,goal_adaptive_FB_controller
SVHNContinual_seed3_task5,SVHNContinual,digits-real,3,5,0.5538472915296347,0.5104367430075032,0.6414489593322754,0.6591043076622055,0.6684104074974251,0.7032288967191191,accuracy_specialist,0.8963444471249358,0.889663502703894,0.7952359376970041,0.7119308283338576,0.4067243097217853,0.615097235662606,0.11033649729610595,Goal_A_accuracy,Goal A: maximize accuracy,1.561749743542675,goal_adaptive_FB_controller
SplitCIFAR100Coarse_seed0_task1,SplitCIFAR100Coarse,natural-images,0,1,0.7891440889045508,0.6550693630389074,0.4404313897209378,0.7220676082286035,0.6244076210190063,0.9984088392064309,accuracy_specialist,0.8356387122354123,0.8977643149242129,0.8157443917779925,0.7678514401319508,0.36012379989004095,0.7396526203089416,0.10223568507578706,Goal_A_accuracy,Goal A: maximize accuracy,1.5012088109057213,goal_adaptive_FB_controller
SplitCIFAR100Coarse_seed0_task2,SplitCIFAR100Coarse,natural-images,0,2,0.8370038088674012,0.6705661471532373,0.4354246031941269,0.8119930352228502,0.5938712504143434,0.9879015943091742,accuracy_specialist,0.8208130850749761,0.8802516429702549,0.8272415351641842,0.7721985826111725,0.3565011811573563,0.7364759857475227,0.11974835702974507,Goal_A_accuracy,Goal A: maximize accuracy,1.4701032715224167,goal_adaptive_FB_controller
SplitCIFAR100Coarse_seed0_task3,SplitCIFAR100Coarse,natural-images,0,3,0.7519233787273665,0.6888454773930675,0.5027827072170505,0.7533388778681649,0.6897732714847741,0.9340123684663801,accuracy_specialist,0.8421279439760734,0.8812688771022765,0.8058241571019543,0.7620270692340851,0.364977442304929,0.6983667070271572,0.11873112289772347,Goal_A_accuracy,Goal A: maximize accuracy,1.4917646685839319,goal_adaptive_FB_controller
SplitCIFAR100Coarse_seed0_task4,SplitCIFAR100Coarse,natural-images,0,4,0.8029460515928258,0.6693333139351509,0.5525307134709384,0.8379991311555857,0.7794374539500976,0.9236748638044845,accuracy_specialist,0.810087858115368,0.8905425337017072,0.80573531064303,0.7921334102475838,0.3398888247936802,0.7145523182411874,0.10945746629829278,Goal_A_accuracy,Goal A: maximize accuracy,1.4594032189187778,goal_adaptive_FB_controller
SplitCIFAR100Coarse_seed0_task5,SplitCIFAR100Coarse,natural-images,0,5,0.7757683300593559,0.681560986747505,0.6234940788336261,0.7965117729626255,0.7826339626856182,0.9388151790198968,accuracy_specialist,0.8264559827244792,0.8839451303827399,0.785856045858684,0.7738169637898181,0.3551525301751516,0.708895427819467,0.11605486961726008,Goal_A_accuracy,Goal A: maximize accuracy,1.472153251557295,goal_adaptive_FB_controller
SplitCIFAR100Coarse_seed1_task1,SplitCIFAR100Coarse,natural-images,1,1,0.7691142062934752,0.6985454725455252,0.352806142848499,0.7414296450316046,0.6114983021682535,0.9177840209929593,accuracy_specialist,0.8436422862651609,0.8899740235382513,0.8325592628156311,0.7430426034631138,0.3807978304474051,0.7108930316128353,0.11002597646174872,Goal_A_accuracy,Goal A: maximize accuracy,1.5086868544481056,goal_adaptive_FB_controller
SplitCIFAR100Coarse_seed1_task2,SplitCIFAR100Coarse,natural-images,1,2,0.8131131115253547,0.6727614997841525,0.43902156199287384,0.7452575117226714,0.6623221628899711,0.9498368631491109,accuracy_specialist,0.8299743817370795,0.8900281546568245,0.8105654242221185,0.7652731699170109,0.36227235840249095,0.7335830601907462,0.1099718453431755,Goal_A_accuracy,Goal A: maximize accuracy,1.4887588665390399,goal_adaptive_FB_controller
SplitCIFAR100Coarse_seed1_task3,SplitCIFAR100Coarse,natural-images,1,3,0.7918281031699116,0.6931600126146504,0.5162677364520123,0.7243649381211288,0.7163780334006072,0.9975914102186239,accuracy_specialist,0.8351535010692945,0.9031624949519123,0.810627258474739,0.7934181891717506,0.3388181756902079,0.7660362933834706,0.09683750504808775,Goal_A_accuracy,Goal A: maximize accuracy,1.501812035753175,goal_adaptive_FB_controller
SplitCIFAR100Coarse_seed1_task4,SplitCIFAR100Coarse,natural-images,1,4,0.79002626300174,0.6342717682706962,0.5014316793151644,0.7719438695355011,0.785331289664574,0.9448725395949185,accuracy_specialist,0.8375317546014165,0.8922787674496752,0.80605737390575,0.7928478284725841,0.33929347627284656,0.7077067198669632,0.10772123255032484,Goal_A_accuracy,Goal A: maximize accuracy,1.494162192443724,goal_adaptive_FB_controller
SplitCIFAR100Coarse_seed1_task5,SplitCIFAR100Coarse,natural-images,1,5,0.7710723221501569,0.6594913764709285,0.5727920113514886,0.7489437563131799,0.7742575306729389,1.0,accuracy_specialist,0.8292923898464444,0.9028595864763557,0.8004833585084644,0.789175573495498,0.3423536887537516,0.7382541983235724,0.09714041352364433,Goal_A_accuracy,Goal A: maximize accuracy,1.4904636764111465,goal_adaptive_FB_controller
SplitCIFAR100Coarse_seed2_task1,SplitCIFAR100Coarse,natural-images,2,1,0.7809010999956233,0.7020395691474365,0.37977316069236355,0.7410627283934746,0.5701814880887224,0.9190468780122998,accuracy_specialist,0.8320713914079211,0.8899968792141673,0.823577437403989,0.7549079635979855,0.370910030335012,0.7004000816673995,0.11000312078583274,Goal_A_accuracy,Goal A: maximize accuracy,1.4908545876633394,goal_adaptive_FB_controller
SplitCIFAR100Coarse_seed2_task2,SplitCIFAR100Coarse,natural-images,2,2,0.7268590118434352,0.6658653819845225,0.4985588187173504,0.7342935034705377,0.6817924365092294,0.8612412365328956,accuracy_specialist,0.8586059597552159,0.8869800728118727,0.8070479601567544,0.7617602756798599,0.3651997702667834,0.6729588811789283,0.11301992718812726,Goal_A_accuracy,Goal A: maximize accuracy,1.515807082969453,goal_adaptive_FB_controller
SplitCIFAR100Coarse_seed2_task3,SplitCIFAR100Coarse,natural-images,2,3,0.7629835268947399,0.6952627324404606,0.48484518505244173,0.7212045645047555,0.6907043340877023,1.0,accuracy_specialist,0.8386234861964736,0.8989490551362803,0.8215049472295994,0.7653776574005836,0.3621852854995137,0.7333052250810941,0.10105094486371968,Goal_A_accuracy,Goal A: maximize accuracy,1.5057649070296049,goal_adaptive_FB_controller
SplitCIFAR100Coarse_seed2_task4,SplitCIFAR100Coarse,natural-images,2,4,0.809740989495605,0.6497017512715937,0.5346875795765424,0.7819835200817745,0.8176403667231928,0.9261845263853163,accuracy_specialist,0.8244321047082283,0.8868153970152686,0.8031967579234693,0.7950020610780898,0.3374982824349252,0.7077269294496528,0.11318460298473143,Goal_A_accuracy,Goal A: maximize accuracy,1.4730740048753208,goal_adaptive_FB_controller
SplitCIFAR100Coarse_seed2_task5,SplitCIFAR100Coarse,natural-images,2,5,0.8266684095557615,0.6705958799598599,0.5564168615163934,0.7518494344203964,0.8630383594402056,0.8793962754653915,accuracy_specialist,0.817681444775096,0.8869933259707602,0.7948433546938596,0.818081639605312,0.31826530032890665,0.6862889658417133,0.1130066740292398,Goal_A_accuracy,Goal A: maximize accuracy,1.4594719016194313,goal_adaptive_FB_controller
SplitCIFAR100Coarse_seed3_task1,SplitCIFAR100Coarse,natural-images,3,1,0.7246851542948537,0.6642819126679692,0.3797456973252263,0.6558755154960977,0.5452369976970267,0.9912891965369105,accuracy_specialist,0.8563751582493929,0.8979102810864625,0.8327596703121527,0.7353881786131128,0.38717651782240603,0.7244764915838766,0.10208971891353746,Goal_A_accuracy,Goal A: maximize accuracy,1.5309209633675056,goal_adaptive_FB_controller
SplitCIFAR100Coarse_seed3_task2,SplitCIFAR100Coarse,natural-images,3,2,0.7798570251325917,0.6355350753962129,0.41745002713744617,0.6639768599788402,0.7251510320012058,0.9417048472445149,accuracy_specialist,0.8442123705903734,0.8999075592648801,0.8307032374893631,0.7784540080412495,0.35128832663229204,0.7132754496080597,0.10009244073511991,Goal_A_accuracy,Goal A: maximize accuracy,1.511304011214678,goal_adaptive_FB_controller
SplitCIFAR100Coarse_seed3_task3,SplitCIFAR100Coarse,natural-images,3,3,0.7857986424152088,0.6885323579339555,0.5136159980759754,0.7852830580575973,0.6778296745770466,0.9882214057836011,accuracy_specialist,0.8302118231417727,0.9005949722412911,0.8133637620308487,0.7746907966498934,0.35442433612508883,0.7497599013477438,0.09940502775870885,Goal_A_accuracy,Goal A: maximize accuracy,1.4953365100394491,goal_adaptive_FB_controller
SplitCIFAR100Coarse_seed3_task4,SplitCIFAR100Coarse,natural-images,3,4,0.7590954001243444,0.7525382228300437,0.5208969715671715,0.7431629210946596,0.7574473497866683,0.9475228343480618,accuracy_specialist,0.8277777949060801,0.8828840222058081,0.8101907092490975,0.7915932672974896,0.34033894391875863,0.7277677816601248,0.11711597779419192,Goal_A_accuracy,Goal A: maximize accuracy,1.4767515674288747,goal_adaptive_FB_controller
SplitCIFAR100Coarse_seed3_task5,SplitCIFAR100Coarse,natural-images,3,5,0.7987209979268307,0.6636399242406119,0.5632639290031075,0.7842879979320456,0.8356312274774824,0.9510333818817231,accuracy_specialist,0.8253841895992795,0.8720127796172839,0.8082153395188588,0.8014554640945423,0.3321204465878814,0.7053355822623875,0.12798722038271615,Goal_A_accuracy,Goal A: maximize accuracy,1.4559125076022588,goal_adaptive_FB_controller
SplitCIFAR10_seed0_task1,SplitCIFAR10,natural-images,0,1,0.5951231963401031,0.5642485168109856,0.369689596676834,0.5708510588190269,0.5682309930521252,0.8229390949639573,accuracy_specialist,0.8995029469325578,0.9095588251441945,0.8380627964592786,0.6831936350025524,0.43067197083120634,0.6675130758815802,0.0904411748558055,Goal_A_accuracy,Goal A: maximize accuracy,1.5872963140919163,goal_adaptive_FB_controller
SplitCIFAR10_seed0_task2,SplitCIFAR10,natural-images,0,2,0.6409294866074664,0.5394724043628817,0.2768408068454159,0.5518869410178018,0.5972224096938984,0.7809047050536093,accuracy_specialist,0.8953362930684149,0.918353691708895,0.8550629293321136,0.7232192129911253,0.3973173225073955,0.6352637239615148,0.08164630829110497,Goal_A_accuracy,Goal A: maximize accuracy,1.5802763333094505,goal_adaptive_FB_controller
SplitCIFAR10_seed0_task3,SplitCIFAR10,natural-images,0,3,0.6409084803212819,0.5964730543019499,0.34629753266279356,0.6508863433033627,0.6587311995675998,0.8156240234387195,accuracy_specialist,0.8850226822720164,0.8987310601007072,0.8387276013890853,0.7245107707096702,0.3962410244086082,0.6614363124313609,0.10126893989929275,Goal_A_accuracy,Goal A: maximize accuracy,1.5624993467543244,goal_adaptive_FB_controller
SplitCIFAR10_seed0_task4,SplitCIFAR10,natural-images,0,4,0.5878694360117495,0.5362476691695974,0.42808053014802955,0.6414781733222988,0.6354029073287497,0.8081779193625046,accuracy_specialist,0.884456377736818,0.8980202519983161,0.8394345500758003,0.7004960887043207,0.4162532594130661,0.6500813846789066,0.10197974800168386,Goal_A_accuracy,Goal A: maximize accuracy,1.5625301164395646,goal_adaptive_FB_controller
SplitCIFAR10_seed0_task5,SplitCIFAR10,natural-images,0,5,0.6341080583895364,0.5049368983136355,0.4713382031398682,0.6548650410983033,0.7603690150583142,0.8191969331606075,accuracy_specialist,0.887740976255729,0.8865826663770232,0.8226479717896672,0.7406578596386776,0.3827851169677686,0.6440589871779325,0.11341733362297679,Goal_A_accuracy,Goal A: maximize accuracy,1.553082896899731,goal_adaptive_FB_controller
SplitCIFAR10_seed1_task1,SplitCIFAR10,natural-images,1,1,0.5896277139646589,0.5563696010624222,0.2948426931429208,0.6256854474364846,0.45306153223791623,0.7156946476662303,accuracy_specialist,0.9032589472230125,0.9104315464979441,0.8561974213090698,0.681474838803636,0.43210430099696995,0.6116870883243478,0.08956845350205589,Goal_A_accuracy,Goal A: maximize accuracy,1.5894903227817438,goal_adaptive_FB_controller
SplitCIFAR10_seed1_task2,SplitCIFAR10,natural-images,1,2,0.6253031061571721,0.5887812447262923,0.27882544326857994,0.6106002449812726,0.6112840535218916,0.7929443735764788,accuracy_specialist,0.904763658999956,0.9083723891379294,0.8508643937732491,0.7172108172339319,0.4023243189717234,0.6575527273272488,0.09162761086207061,Goal_A_accuracy,Goal A: maximize accuracy,1.591665034730312,goal_adaptive_FB_controller
SplitCIFAR10_seed1_task3,SplitCIFAR10,natural-images,1,3,0.6554451046891967,0.5882470330735468,0.4473537773161577,0.667943574963561,0.6110606447596912,0.7580463244379467,accuracy_specialist,0.8828829090166357,0.8888572053670143,0.8310844990163982,0.7155473141457623,0.40371057154519807,0.6405839671011408,0.11114279463298571,Goal_A_accuracy,Goal A: maximize accuracy,1.5519301813960522,goal_adaptive_FB_controller
SplitCIFAR10_seed1_task4,SplitCIFAR10,natural-images,1,4,0.6308233085156676,0.5878155453697678,0.3718970344032895,0.629110995507831,0.6733343965800674,0.7991907299821233,accuracy_specialist,0.8906641768841882,0.9045429416985238,0.8348341473905965,0.7322984605263733,0.38975128289468897,0.6524422548654685,0.09545705830147622,Goal_A_accuracy,Goal A: maximize accuracy,1.5689104324144714,goal_adaptive_FB_controller
SplitCIFAR10_seed1_task5,SplitCIFAR10,natural-images,1,5,0.6330664908622213,0.5496347766142244,0.45894260361929456,0.6498391324986418,0.6988371954646971,0.7767976022631671,accuracy_specialist,0.8857001541160798,0.899000978104157,0.8214927529522915,0.7204355226523769,0.3996370644563526,0.6410986596047105,0.10099902189584298,Goal_A_accuracy,Goal A: maximize accuracy,1.559148969446128,goal_adaptive_FB_controller
SplitCIFAR10_seed2_task1,SplitCIFAR10,natural-images,2,1,0.661393144674172,0.5374582613657736,0.3086905319695931,0.6010293017472977,0.565551180590767,0.8651676801165903,accuracy_specialist,0.8904921428646753,0.9236621301180475,0.8515722541714827,0.7025796239935959,0.41451698000533677,0.6738171821548548,0.07633786988195246,Goal_A_accuracy,Goal A: maximize accuracy,1.5805999654520975,goal_adaptive_FB_controller
SplitCIFAR10_seed2_task2,SplitCIFAR10,natural-images,2,2,0.5851627668696491,0.5232021127120186,0.33013044317168483,0.5981258369970281,0.5623650595625325,0.7264191142421776,accuracy_specialist,0.8964528238770177,0.8967976080747594,0.8400741297735405,0.7021200017713066,0.41489999852391113,0.6273012191207743,0.10320239192524061,Goal_A_accuracy,Goal A: maximize accuracy,1.5747505455584334,goal_adaptive_FB_controller
SplitCIFAR10_seed2_task3,SplitCIFAR10,natural-images,2,3,0.6096594993657131,0.5145184151305742,0.35191651081777336,0.6223468321924149,0.5596230206377104,0.7759311084609678,accuracy_specialist,0.9010282174724046,0.9063975205240472,0.8393276003050688,0.7048292524068027,0.4126422896609977,0.6306645330018406,0.0936024794759528,Goal_A_accuracy,Goal A: maximize accuracy,1.5831144742835617,goal_adaptive_FB_controller
SplitCIFAR10_seed2_task4,SplitCIFAR10,natural-images,2,4,0.600254479537546,0.5345108443191785,0.3459247753101631,0.5800591383893343,0.7285238170213131,0.7777004361785671,accuracy_specialist,0.9003534436005364,0.9150952132609577,0.8404300003644168,0.7264983963608131,0.3945846696993224,0.6395981279469549,0.08490478673904234,Goal_A_accuracy,Goal A: maximize accuracy,1.5836983876352002,goal_adaptive_FB_controller
SplitCIFAR10_seed2_task5,SplitCIFAR10,natural-images,2,5,0.6134587030524706,0.615544494811624,0.44223219757419086,0.6513766548607212,0.7275055641287176,0.8241851235922791,accuracy_specialist,0.8876654719855566,0.9107054062385521,0.8264563459763911,0.7329213504930356,0.38923220792247026,0.6582736769729174,0.08929459376144788,Goal_A_accuracy,Goal A: maximize accuracy,1.565977231927581,goal_adaptive_FB_controller
SplitCIFAR10_seed3_task1,SplitCIFAR10,natural-images,3,1,0.6642775849315627,0.5406182123248098,0.3679707422271125,0.6608654258821052,0.5839322958041161,0.7840231105215867,accuracy_specialist,0.8950391701205855,0.9060778407031178,0.8446597346295037,0.7252704167030593,0.39560798608078396,0.6275926659014203,0.09392215929688219,Goal_A_accuracy,Goal A: maximize accuracy,1.5743374482191574,goal_adaptive_FB_controller
SplitCIFAR10_seed3_task2,SplitCIFAR10,natural-images,3,2,0.6049674739000255,0.5454938331713125,0.4028071007748514,0.6796834614811847,0.6170858046550558,0.8220747133258542,accuracy_specialist,0.8940397615150407,0.9116118829700084,0.8279131244470364,0.7134218227913341,0.40548181434055486,0.6625461166632353,0.08838811702999161,Goal_A_accuracy,Goal A: maximize accuracy,1.5764424344037375,goal_adaptive_FB_controller
SplitCIFAR10_seed3_task3,SplitCIFAR10,natural-images,3,3,0.609001277460961,0.5672576047431225,0.47949572662832796,0.6412179749198721,0.6267267871976827,0.76887040189945,accuracy_specialist,0.8922512144565555,0.8941567466460882,0.8140755521344115,0.7162950574316107,0.4030874521403244,0.6399593265882253,0.10584325335391176,Goal_A_accuracy,Goal A: maximize accuracy,1.5644497687910413,goal_adaptive_FB_controller
SplitCIFAR10_seed3_task4,SplitCIFAR10,natural-images,3,4,0.599801877106193,0.5946273990570489,0.3976960168860714,0.6205759285393436,0.6420284985510225,0.8113600978246194,accuracy_specialist,0.8890657611788478,0.9109357939216459,0.8308764743584356,0.7084534568424673,0.4096221192979439,0.6583205627149711,0.08906420607835408,Goal_A_accuracy,Goal A: maximize accuracy,1.570491889309028,goal_adaptive_FB_controller
SplitCIFAR10_seed3_task5,SplitCIFAR10,natural-images,3,5,0.6395417347053697,0.5379995638429645,0.45849075722691907,0.6691472869175004,0.7210438674985883,0.8356264448973989,accuracy_specialist,0.9029138870163779,0.8860797774951193,0.8279593039480903,0.7384627736082712,0.3846143553264406,0.6670017502182494,0.11392022250488065,Goal_A_accuracy,Goal A: maximize accuracy,1.5748672670208854,goal_adaptive_FB_controller
SplitFashionMNIST_seed0_task1,SplitFashionMNIST,fashion,0,1,0.3807521821563378,0.46717666120450047,0.1808695683462322,0.4199432028836281,0.3864781342229844,0.6399003384425044,accuracy_specialist,0.9819468829686514,0.9259817695294856,0.8778944380745458,0.6201092169629893,0.48324231919750893,0.5680356253769535,0.07401823047051437,Goal_A_accuracy,Goal A: maximize accuracy,1.6957410062618137,goal_adaptive_FB_controller
SplitFashionMNIST_seed0_task2,SplitFashionMNIST,fashion,0,2,0.3685302569197805,0.4567965547888964,0.2479400497607773,0.4461506030568815,0.48076073829601057,0.6184799924875616,accuracy_specialist,0.9730051505807604,0.91592476169883,0.8590015262343417,0.6206984039475869,0.48275133004367754,0.5728513875341866,0.08407523830117003,Goal_A_accuracy,Goal A: maximize accuracy,1.6796481293435959,goal_adaptive_FB_controller
SplitFashionMNIST_seed0_task3,SplitFashionMNIST,fashion,0,3,0.4026070629431854,0.43116451019978635,0.2372383101070944,0.4813944673365708,0.5559463359358148,0.6546950256144441,accuracy_specialist,0.9585660252452016,0.9215758356352477,0.8603125257823191,0.6410423126634326,0.4657980727804728,0.5688606798624691,0.0784241643647523,Goal_A_accuracy,Goal A: maximize accuracy,1.661114244596956,goal_adaptive_FB_controller
SplitFashionMNIST_seed0_task4,SplitFashionMNIST,fashion,0,4,0.3891909280210307,0.4250609251826696,0.28062115274915805,0.43870433785264823,0.5944977679011091,0.5950286985093669,accuracy_specialist,0.9711449486855634,0.9175832666330999,0.8586229944548319,0.6396571778822394,0.46695235176480043,0.549652918204963,0.08241673336690014,Goal_A_accuracy,Goal A: maximize accuracy,1.6737809786804305,goal_adaptive_FB_controller
SplitFashionMNIST_seed0_task5,SplitFashionMNIST,fashion,0,5,0.3677343403138047,0.42025209460791313,0.3036322937822363,0.5089304808077337,0.6334666384843415,0.6779051082656592,accuracy_specialist,0.971116484374517,0.9154762963045754,0.8649613620509388,0.6667479601185531,0.44437669990120576,0.6039703771277183,0.08452370369542461,Goal_A_accuracy,Goal A: maximize accuracy,1.6773435915548234,goal_adaptive_FB_controller
SplitFashionMNIST_seed1_task1,SplitFashionMNIST,fashion,1,1,0.41041833063543803,0.44375406808292506,0.19845685180309924,0.43021508820464843,0.4501174862454107,0.6209350900294169,accuracy_specialist,0.9424287102661018,0.9177518268143304,0.8771644400378964,0.6355221558511234,0.47039820345739713,0.5555472708467114,0.08224817318566957,Goal_A_accuracy,Goal A: maximize accuracy,1.6416430579723051,goal_adaptive_FB_controller
SplitFashionMNIST_seed1_task2,SplitFashionMNIST,fashion,1,2,0.4315114128310036,0.441533418061148,0.25035097779407656,0.4887921037892913,0.47459758513169953,0.5960761947807884,accuracy_specialist,0.9551622899100501,0.9177944784291199,0.8675808219363607,0.6184115070627851,0.48465707744767905,0.5746443258706623,0.08220552157088012,Goal_A_accuracy,Goal A: maximize accuracy,1.6594687456171309,goal_adaptive_FB_controller
SplitFashionMNIST_seed1_task3,SplitFashionMNIST,fashion,1,3,0.36552637014116496,0.48694053026354267,0.2614808878770518,0.39933448249222075,0.49048393723552836,0.6309231452777158,accuracy_specialist,0.972839612371274,0.9276355101946089,0.8549803238494519,0.6412005539854083,0.4656662050121597,0.5739366086629542,0.07236448980539112,Goal_A_accuracy,Goal A: maximize accuracy,1.6801657229576739,goal_adaptive_FB_controller
SplitFashionMNIST_seed1_task4,SplitFashionMNIST,fashion,1,4,0.39131769793887156,0.547123078620316,0.25933227393754826,0.44635952801099865,0.5947686714736051,0.6647997021294646,accuracy_specialist,0.9587857232996241,0.9254087287353501,0.8453232993347545,0.6313212871380908,0.47389892738492434,0.6029447977529778,0.07459127126464993,Goal_A_accuracy,Goal A: maximize accuracy,1.664317203722371,goal_adaptive_FB_controller
SplitFashionMNIST_seed1_task5,SplitFashionMNIST,fashion,1,5,0.38662635374056525,0.458214248691706,0.2655645480135361,0.4315922477060668,0.6044013611056935,0.6732835197486579,accuracy_specialist,0.9594162091088492,0.9309656027367136,0.8648061574392913,0.6331785086227494,0.47235124281437546,0.5858620247025833,0.06903439726328642,Goal_A_accuracy,Goal A: maximize accuracy,1.6675539124378296,goal_adaptive_FB_controller
SplitFashionMNIST_seed2_task1,SplitFashionMNIST,fashion,2,1,0.40066181276053725,0.44507347271644654,0.23451611494557628,0.49357430232011024,0.46596749632275475,0.6259836226917374,accuracy_specialist,0.960293178223354,0.9242105132464761,0.8654721605940899,0.6371665070103016,0.4690279108247486,0.5703275950841791,0.07578948675352393,Goal_A_accuracy,Goal A: maximize accuracy,1.6651754757708177,goal_adaptive_FB_controller
SplitFashionMNIST_seed2_task2,SplitFashionMNIST,fashion,2,2,0.39216592874978384,0.4538230682910619,0.18612280836677741,0.45478541262715566,0.5212691123254068,0.593641328389066,accuracy_specialist,0.9594303494298231,0.929366871337039,0.8635619478695061,0.6459851827705497,0.4616790143578752,0.5598146599320053,0.07063312866296101,Goal_A_accuracy,Goal A: maximize accuracy,1.6633133142309526,goal_adaptive_FB_controller
SplitFashionMNIST_seed2_task3,SplitFashionMNIST,fashion,2,3,0.33381395994618895,0.4484938036471359,0.3247690321046144,0.43089290508965405,0.48087416635062086,0.6437575716903422,accuracy_specialist,0.9877510531521586,0.9319267482592948,0.8575419060923883,0.6113480342166365,0.4905433048194695,0.5799260865704966,0.06807325174070522,Goal_A_accuracy,Goal A: maximize accuracy,1.703348728557877,goal_adaptive_FB_controller
SplitFashionMNIST_seed2_task4,SplitFashionMNIST,fashion,2,4,0.34879615488155685,0.43840755381884255,0.2974896509765069,0.4603351524623008,0.5632812529506968,0.5830948914637215,accuracy_specialist,0.9878700362019853,0.9246881994476245,0.8569993230478812,0.6246736730078717,0.47943860582677356,0.5544420565159026,0.07531180055237552,Goal_A_accuracy,Goal A: maximize accuracy,1.6979475598058376,goal_adaptive_FB_controller
SplitFashionMNIST_seed2_task5,SplitFashionMNIST,fashion,2,5,0.39196661973560215,0.4454242140808284,0.322400358867788,0.4448126524856268,0.6654346754208411,0.6319252679584378,accuracy_specialist,0.9530451723508965,0.9272959552476194,0.8606824891430757,0.6438658982135383,0.4634450848220514,0.5645761646978661,0.07270404475238057,Goal_A_accuracy,Goal A: maximize accuracy,1.6550349525739785,goal_adaptive_FB_controller
SplitFashionMNIST_seed3_task1,SplitFashionMNIST,fashion,3,1,0.3473075384596984,0.47122468177423193,0.18794863524914446,0.4416778440139004,0.3542761899153115,0.6677035764531971,accuracy_specialist,0.9895631231084359,0.929588987644522,0.8678200069027397,0.5937298261553816,0.5052251448705153,0.5918575117156041,0.07041101235547798,Goal_A_accuracy,Goal A: maximize accuracy,1.7092324174906983,goal_adaptive_FB_controller
SplitFashionMNIST_seed3_task2,SplitFashionMNIST,fashion,3,2,0.38680870883793267,0.4174186833459431,0.26721583190023235,0.43386513113186104,0.5433911626255871,0.6248816997279327,accuracy_specialist,0.9561143114328783,0.9249766492163652,0.8634929649185709,0.6370475378881564,0.4691270517598697,0.5601007569226073,0.07502335078363476,Goal_A_accuracy,Goal A: maximize accuracy,1.6588337772012225,goal_adaptive_FB_controller
SplitFashionMNIST_seed3_task3,SplitFashionMNIST,fashion,3,3,0.3897642233100701,0.44812519841260945,0.24140636475861607,0.44538765852738516,0.5584456621419324,0.6354080991108447,accuracy_specialist,0.9595749416935981,0.9303525920746425,0.872748062259708,0.6312746718066241,0.47393777349447985,0.5842415903158078,0.06964740792535751,Goal_A_accuracy,Goal A: maximize accuracy,1.668786970855643,goal_adaptive_FB_controller
SplitFashionMNIST_seed3_task4,SplitFashionMNIST,fashion,3,4,0.39970257873027026,0.45773982772123967,0.2186977962083539,0.4751758049735592,0.6141815769211848,0.6424753099812005,accuracy_specialist,0.9680687003456449,0.9307416797577406,0.8665455292570722,0.6545464817132184,0.454544598572318,0.5708627681690139,0.06925832024225942,Goal_A_accuracy,Goal A: maximize accuracy,1.6752938614341852,goal_adaptive_FB_controller
SplitFashionMNIST_seed3_task5,SplitFashionMNIST,fashion,3,5,0.3949408363879826,0.4613952420085171,0.30255132774101173,0.4530164336181758,0.5846725184727097,0.6185142642524779,accuracy_specialist,0.9695600827519965,0.9197194170983894,0.8572723106816882,0.6412931729027962,0.4655890225810031,0.5685207766513802,0.08028058290161055,Goal_A_accuracy,Goal A: maximize accuracy,1.6738817842400844,goal_adaptive_FB_controller
SplitKMNIST_seed0_task1,SplitKMNIST,characters,0,1,0.4697127088414757,0.34179762127425806,0.20590011227468663,0.4435468756372052,0.44819700435955007,0.6791779298840739,accuracy_specialist,0.9490898632561354,0.9216760764498007,0.8818241511306324,0.6445749928016112,0.4628541726653239,0.5835008820421163,0.07832392355019935,Goal_A_accuracy,Goal A: maximize accuracy,1.6536904763229583,goal_adaptive_FB_controller
SplitKMNIST_seed0_task2,SplitKMNIST,characters,0,2,0.4315588178495182,0.37162351144443273,0.28890191823904277,0.4733827163151329,0.5073865355255709,0.6230696342963967,accuracy_specialist,0.9529800790150064,0.9151366548682598,0.8650378663084783,0.6490970612832337,0.4590857822639719,0.545085641743531,0.08486334513174021,Goal_A_accuracy,Goal A: maximize accuracy,1.650182084832845,goal_adaptive_FB_controller
SplitKMNIST_seed0_task3,SplitKMNIST,characters,0,3,0.4399578681610788,0.40216473523398555,0.2858285550041667,0.4989818328968745,0.5621207078661286,0.6683680962158971,accuracy_specialist,0.961720841821436,0.9214614964686181,0.8593657194948793,0.6555620180841604,0.4536983182631996,0.5746205547995641,0.07853850353138192,Goal_A_accuracy,Goal A: maximize accuracy,1.664253171624458,goal_adaptive_FB_controller
SplitKMNIST_seed0_task4,SplitKMNIST,characters,0,4,0.40891624113554775,0.3903225615493837,0.2640033016637626,0.4682722436151559,0.6226267777926504,0.6463692691921309,accuracy_specialist,0.968784452873932,0.9217166748066474,0.8651140624451482,0.6425091815840176,0.46457568201331867,0.5611346050964662,0.07828332519335257,Goal_A_accuracy,Goal A: maximize accuracy,1.6737478728718274,goal_adaptive_FB_controller
SplitKMNIST_seed0_task5,SplitKMNIST,characters,0,5,0.4481963268651736,0.39685475698278444,0.3617931681967128,0.5105603466756653,0.6468182749767682,0.6687289751245816,accuracy_specialist,0.9497503535118288,0.9188501493678211,0.8474341862139635,0.6720466473928333,0.4399611271726389,0.5864940053265766,0.08114985063217894,Goal_A_accuracy,Goal A: maximize accuracy,1.6466611204137573,goal_adaptive_FB_controller
SplitKMNIST_seed1_task1,SplitKMNIST,characters,1,1,0.40992842836207904,0.4100721449511301,0.2139282124714011,0.45890837737958257,0.41630854200454764,0.7081277651824076,accuracy_specialist,0.9548712099203059,0.9301576949536082,0.8825314352813479,0.6314260677806961,0.4738116101827532,0.5946024308927148,0.06984230504639177,Goal_A_accuracy,Goal A: maximize accuracy,1.6653495555385336,goal_adaptive_FB_controller
SplitKMNIST_seed1_task2,SplitKMNIST,characters,1,2,0.4656656983473609,0.3473480689464505,0.26080713549801476,0.49181373716337656,0.5040878402945852,0.5848600686180363,accuracy_specialist,0.9622483037914421,0.927366434609104,0.8774098448547792,0.6447775916151308,0.4626853403207243,0.5373076446840023,0.07263356539089605,Goal_A_accuracy,Goal A: maximize accuracy,1.666262763620268,goal_adaptive_FB_controller
SplitKMNIST_seed1_task3,SplitKMNIST,characters,1,3,0.431881273228102,0.3757576381290579,0.3521853195438866,0.49430772849060095,0.5244671595124806,0.6591911401736178,accuracy_specialist,0.9622950322064001,0.9234119880671101,0.857324980633644,0.6559931082159247,0.45333907648672933,0.5810461457280911,0.07658801193288989,Goal_A_accuracy,Goal A: maximize accuracy,1.6657590565913063,goal_adaptive_FB_controller
SplitKMNIST_seed1_task4,SplitKMNIST,characters,1,4,0.4120980908295716,0.37353689742943746,0.2620260216520839,0.47827367604779275,0.5399584643513752,0.6925469090122468,accuracy_specialist,0.9651374795659382,0.9104229280574305,0.8718748299018334,0.64723337886557,0.4606388509453583,0.5857020426212416,0.08957707194256948,Goal_A_accuracy,Goal A: maximize accuracy,1.6694428953137155,goal_adaptive_FB_controller
SplitKMNIST_seed1_task5,SplitKMNIST,characters,1,5,0.40349277794386396,0.442321042302932,0.34212448310162924,0.4574136362948369,0.5870531915490932,0.6583080456633699,accuracy_specialist,0.9617420086528199,0.9317877865470542,0.8516460968463037,0.6614820017219608,0.4487649985650326,0.5756597782244187,0.06821221345294581,Goal_A_accuracy,Goal A: maximize accuracy,1.665313849658679,goal_adaptive_FB_controller
SplitKMNIST_seed2_task1,SplitKMNIST,characters,2,1,0.42719807237425006,0.3487060136998262,0.22863562740492877,0.4456931286766152,0.4539620862151731,0.6687945289807565,accuracy_specialist,0.9666416035123115,0.9207612331186457,0.8735404345387988,0.632757352784989,0.4727022060125091,0.5635139860858189,0.07923876688135434,Goal_A_accuracy,Goal A: maximize accuracy,1.6731449970607033,goal_adaptive_FB_controller
SplitKMNIST_seed2_task2,SplitKMNIST,characters,2,2,0.42528538715278313,0.399671535183187,0.23936537298814345,0.4493722474532167,0.39241707474120685,0.7147251254701994,accuracy_specialist,0.9746491240768255,0.9212264577572512,0.8675129473279702,0.6404578665064533,0.46628511124462224,0.6023627083986561,0.0787735422427488,Goal_A_accuracy,Goal A: maximize accuracy,1.685609743598868,goal_adaptive_FB_controller
SplitKMNIST_seed2_task3,SplitKMNIST,characters,2,3,0.44315128387095176,0.3898499322321634,0.2759205480314769,0.50993628938514,0.5346919238343283,0.6518361451328278,accuracy_specialist,0.9506442761571161,0.91625740344818,0.8689801498812101,0.6429496423510868,0.4642086313740943,0.5595796608314607,0.08374259655182004,Goal_A_accuracy,Goal A: maximize accuracy,1.6500955477611772,goal_adaptive_FB_controller
SplitKMNIST_seed2_task4,SplitKMNIST,characters,2,4,0.4171748913023331,0.39951542961623554,0.23064403471024197,0.4631496639727843,0.6013195761110102,0.740621615898952,accuracy_specialist,0.9705560183104578,0.928544309767816,0.863266437034417,0.6545985884524513,0.45450117628962383,0.6219521837107534,0.07145569023218401,Goal_A_accuracy,Goal A: maximize accuracy,1.6824664018852264,goal_adaptive_FB_controller
SplitKMNIST_seed2_task5,SplitKMNIST,characters,2,5,0.405533564988147,0.42400395908272387,0.2782049246685278,0.5088181177462999,0.6082951631897321,0.6749329854884509,accuracy_specialist,0.9539659136532855,0.9305456777346097,0.8725806007277365,0.6541734390805296,0.45485546743289196,0.5832841146707469,0.06945432226539028,Goal_A_accuracy,Goal A: maximize accuracy,1.6597948598197836,goal_adaptive_FB_controller
SplitKMNIST_seed3_task1,SplitKMNIST,characters,3,1,0.40629817004638485,0.45347238061182815,0.20499594246631953,0.47062460701617226,0.3828470534109738,0.669444259074977,accuracy_specialist,0.9674262242446812,0.9188848536575475,0.8679187217747562,0.6251613834373991,0.479032180468834,0.5892200453634915,0.08111514634245254,Goal_A_accuracy,Goal A: maximize accuracy,1.6760170245696844,goal_adaptive_FB_controller
SplitKMNIST_seed3_task2,SplitKMNIST,characters,3,2,0.4339709536289738,0.39889167959029,0.2753213768047772,0.5006476411892806,0.42815000678874354,0.6262837601252919,accuracy_specialist,0.9534301099924464,0.916507532732853,0.8617384333519353,0.6303345010595813,0.4747212491170155,0.5592633876603358,0.08349246726714699,Goal_A_accuracy,Goal A: maximize accuracy,1.6535737493542968,goal_adaptive_FB_controller
SplitKMNIST_seed3_task3,SplitKMNIST,characters,3,3,0.45501077157366143,0.3869273712707713,0.2968249676231874,0.4591287401199968,0.5532997334394424,0.6422206838809527,accuracy_specialist,0.9537785891525091,0.9205563877143152,0.8563796320683481,0.6473089120684226,0.46057590660964787,0.5641187443791477,0.07944361228568475,Goal_A_accuracy,Goal A: maximize accuracy,1.653288743278347,goal_adaptive_FB_controller
SplitKMNIST_seed3_task4,SplitKMNIST,characters,3,4,0.40640911359641574,0.428505937831582,0.28758395728684866,0.43909594335634666,0.6099470447656976,0.6853062034150225,accuracy_specialist,0.954372941443912,0.9205869509843102,0.8664954673504867,0.6532358280920773,0.45563680992326894,0.5960313177913225,0.0794130490156898,Goal_A_accuracy,Goal A: maximize accuracy,1.6582540474249998,goal_adaptive_FB_controller
SplitKMNIST_seed3_task5,SplitKMNIST,characters,3,5,0.39983245992387206,0.3478985352522437,0.30789140237480095,0.4652980763741006,0.608778602123293,0.6923313049451381,accuracy_specialist,0.9654097571565131,0.9213319997120327,0.8571709707636445,0.6408947381369647,0.4659210515525294,0.5996901927742451,0.07866800028796728,Goal_A_accuracy,Goal A: maximize accuracy,1.6722319664208738,goal_adaptive_FB_controller
SplitMNIST_seed0_task1,SplitMNIST,digits,0,1,0.1156408304387371,0.13874287450119005,0.07039288584742817,0.1967933289232454,0.27993992864489575,0.302377879258495,RC2O_static,0.995,0.999,0.9837635547948866,0.4671910043078755,0.6106741630767704,0.4818124878699457,0.0010000000000000009,Goal_A_accuracy,Goal A: maximize accuracy,1.7503131983139044,goal_adaptive_FB_controller
SplitMNIST_seed0_task2,SplitMNIST,digits,0,2,0.15015739537106806,0.12839042954153182,0.06453189473949407,0.24627945302147272,0.38476746754935676,0.21538772341289958,RC2O_static,0.9832736256757642,0.999,0.999,0.47582471814528315,0.6034794015455973,0.44641771125738083,0.0010000000000000009,Goal_A_accuracy,Goal A: maximize accuracy,1.733681743375003,goal_adaptive_FB_controller
SplitMNIST_seed0_task3,SplitMNIST,digits,0,3,0.11840572901619742,0.13935579531224807,0.06773201240546381,0.2430181565392833,0.3337902830202953,0.3111632328036094,RC2O_static,0.995,0.999,0.999,0.48591338700338293,0.5950721774971809,0.46110950793753447,0.0010000000000000009,Goal_A_accuracy,Goal A: maximize accuracy,1.7489681685434715,goal_adaptive_FB_controller
SplitMNIST_seed0_task4,SplitMNIST,digits,0,4,0.18525204303982962,0.0723214737618836,0.09434468433861336,0.280087776258653,0.47024766294986736,0.28950346268958566,accuracy_specialist,0.995,0.9500735580111386,0.9230635954175685,0.5729519281318539,0.5225400598901218,0.38729545701630064,0.049926441988861425,Goal_A_accuracy,Goal A: maximize accuracy,1.7107114805060621,goal_adaptive_FB_controller
SplitMNIST_seed0_task5,SplitMNIST,digits,0,5,0.13838087749215947,0.1017541802655163,0.07917179012981182,0.291401737769978,0.5356209470768569,0.24491673230835093,RC2O_static,0.995,0.999,0.9937010351340054,0.5100430647019822,0.5749641127483481,0.4343113911290509,0.0010000000000000009,Goal_A_accuracy,Goal A: maximize accuracy,1.7434827056578406,goal_adaptive_FB_controller
SplitMNIST_seed1_task1,SplitMNIST,digits,1,1,0.1412010818066855,0.06742883692384186,0.03662732449902006,0.2533001818547762,0.2753819666529619,0.2701761282379126,RC2O_static,0.9829696793503644,0.999,0.999,0.477229832812594,0.6023084726561716,0.4569838479477444,0.0010000000000000009,Goal_A_accuracy,Goal A: maximize accuracy,1.7342413312483471,goal_adaptive_FB_controller
SplitMNIST_seed1_task2,SplitMNIST,digits,1,2,0.16244999488984335,0.10986911560568266,0.10217055774717239,0.26280959472266235,0.36817537936074735,0.33808761072364724,RC2O_static,0.9759725384630873,0.999,0.999,0.4992147148287318,0.5839877376427235,0.47715588506657436,0.0010000000000000009,Goal_A_accuracy,Goal A: maximize accuracy,1.7256800353497888,goal_adaptive_FB_controller
SplitMNIST_seed1_task3,SplitMNIST,digits,1,3,0.1840498088315293,0.09953857297524371,0.09774200012531535,0.2699265100771329,0.38713672990923864,0.2684318691796249,RC2O_static,0.9708819600875236,0.999,0.999,0.5134661766753424,0.5721115194372146,0.4553325582168608,0.0010000000000000009,Goal_A_accuracy,Goal A: maximize accuracy,1.715946857874812,goal_adaptive_FB_controller
SplitMNIST_seed1_task4,SplitMNIST,digits,1,4,0.20195450084444358,0.07471616778281728,0.18807453512544722,0.28107126478444927,0.5047457731895469,0.2615865195679625,RC2O_static,0.9763088801274244,0.999,0.9827124794349498,0.512110167084974,0.5732415274291882,0.4570354724206025,0.0010000000000000009,Goal_A_accuracy,Goal A: maximize accuracy,1.7205706720595022,goal_adaptive_FB_controller
SplitMNIST_seed1_task5,SplitMNIST,digits,1,5,0.1692596978520151,0.1300871711100096,0.04376918222847759,0.28291567121049416,0.5532403417290499,0.2833544591222786,RC2O_static,0.9823032531475666,0.999,0.999,0.520751683002246,0.566040264164795,0.4681216563867693,0.0010000000000000009,Goal_A_accuracy,Goal A: maximize accuracy,1.7308952584896147,goal_adaptive_FB_controller
SplitMNIST_seed2_task1,SplitMNIST,digits,2,1,0.1507801433555985,0.10143014859189539,0.10364652376207192,0.25143092818134644,0.25052565757441186,0.29300366907885467,RC2O_static,0.9897530695884635,0.999,0.999,0.4651442562003182,0.6123797864997349,0.48260069947804685,0.0010000000000000009,Goal_A_accuracy,Goal A: maximize accuracy,1.7462893855833574,goal_adaptive_FB_controller
SplitMNIST_seed2_task2,SplitMNIST,digits,2,2,0.1365161113011586,0.14243491765981306,0.09481523943490536,0.2925785030959676,0.37966421567921416,0.32895464078270453,RC2O_static,0.995,0.999,0.999,0.4889692986124722,0.5925255844896065,0.4886044287841418,0.0010000000000000009,Goal_A_accuracy,Goal A: maximize accuracy,1.7514630013273746,goal_adaptive_FB_controller
SplitMNIST_seed2_task3,SplitMNIST,digits,2,3,0.13105550003207225,0.09982958088337249,0.09302547359785406,0.2506102464554514,0.44921137140839845,0.28391218910984756,RC2O_static,0.995,0.999,0.999,0.5001006973561064,0.5832494188699113,0.45315946696926934,0.0010000000000000009,Goal_A_accuracy,Goal A: maximize accuracy,1.746990888583918,goal_adaptive_FB_controller
SplitMNIST_seed2_task4,SplitMNIST,digits,2,4,0.13738382373373115,0.10924384599934318,0.13620155681204676,0.2830131575003036,0.4605991464890704,0.2603136777211199,RC2O_static,0.995,0.999,0.9928611214927299,0.48752268745688976,0.5937310937859253,0.4418947467763412,0.0010000000000000009,Goal_A_accuracy,Goal A: maximize accuracy,1.745991752280136,goal_adaptive_FB_controller
SplitMNIST_seed2_task5,SplitMNIST,digits,2,5,0.16578543635245707,0.08656289809072543,0.0703648019899094,0.23910474420137484,0.5305612994085463,0.22195612573013107,RC2O_static,0.995,0.999,0.999,0.5236843330536239,0.56359638912198,0.43425293335286375,0.0010000000000000009,Goal_A_accuracy,Goal A: maximize accuracy,1.7431349322474843,goal_adaptive_FB_controller
SplitMNIST_seed3_task1,SplitMNIST,digits,3,1,0.1506632545106428,0.051252823767483156,0.09347500297465011,0.2663096168897839,0.36583140828415367,0.22791095413219348,RC2O_static,0.995,0.999,0.999,0.49016251874131167,0.5915312343822403,0.4307389316607966,0.0010000000000000009,Goal_A_accuracy,Goal A: maximize accuracy,1.7455770166043036,goal_adaptive_FB_controller
SplitMNIST_seed3_task2,SplitMNIST,digits,3,2,0.13675075086255742,0.057184235027194705,0.05831276647795754,0.16021185444298736,0.43217052373132453,0.2908222407611112,RC2O_static,0.995,0.999,0.999,0.48807622876334034,0.5932698093638831,0.45708924240546056,0.0010000000000000009,Goal_A_accuracy,Goal A: maximize accuracy,1.7483859051769342,goal_adaptive_FB_controller
SplitMNIST_seed3_task3,SplitMNIST,digits,3,3,0.16683666644527684,0.07627813675509686,0.08980183747034003,0.2641977950762912,0.39167424736590345,0.33996601621344635,RC2O_static,0.9794939726614009,0.999,0.999,0.49656209289504194,0.5861982559207983,0.46915761179572824,0.0010000000000000009,Goal_A_accuracy,Goal A: maximize accuracy,1.7295030525984039,goal_adaptive_FB_controller
SplitMNIST_seed3_task4,SplitMNIST,digits,3,4,0.1301762160289187,0.08363897531116124,0.07176139327012726,0.22768453227743934,0.43658567785474145,0.2409032694790533,RC2O_static,0.9930990952172536,0.999,0.9956301175811131,0.49731560923042495,0.5855703256413125,0.44870790861272203,0.0010000000000000009,Goal_A_accuracy,Goal A: maximize accuracy,1.7438962100841373,goal_adaptive_FB_controller
SplitMNIST_seed3_task5,SplitMNIST,digits,3,5,0.14837249583142043,0.08208253559953144,0.07743446833286557,0.2624861674821214,0.5178328349345104,0.25367839861551705,RC2O_static,0.9873699417614876,0.999,0.999,0.5069934828759101,0.5775054309367416,0.445616914189657,0.0010000000000000009,Goal_A_accuracy,Goal A: maximize accuracy,1.7361246617144994,goal_adaptive_FB_controller
PermutedMNIST_seed0_task1,PermutedMNIST,digits,0,1,0.30620350844740607,0.21106340804060866,0.5252767818175056,0.5003298580041625,0.39079667592747497,0.44182189438722463,RC2O_static,0.939600159625098,0.999,0.923852513612841,0.5403902465456057,0.5496747945453285,0.5297615801731032,0.0010000000000000009,Goal_B_retention,Goal B: maximize retention,2.0343383253966008,goal_adaptive_FB_controller
PermutedMNIST_seed0_task2,PermutedMNIST,digits,0,2,0.3142711755917313,0.2868605979484679,0.612701949171781,0.5330519641142752,0.5065051799223501,0.48096093558145175,drift_stabilizer,0.8393690193544553,0.999,0.999,0.5908612183764018,0.5076156513529985,0.49804106391744374,0.0010000000000000009,Goal_B_retention,Goal B: maximize retention,2.025295594765731,goal_adaptive_FB_controller
PermutedMNIST_seed0_task3,PermutedMNIST,digits,0,3,0.3234725104655376,0.24981202616291312,0.640758142906764,0.5314057959696514,0.5444085068720945,0.47794208042103453,drift_stabilizer,0.8481264033579827,0.999,0.999,0.6111546567309806,0.49070445272418284,0.5043531909431217,0.0010000000000000009,Goal_B_retention,Goal B: maximize retention,2.027708462737916,goal_adaptive_FB_controller
PermutedMNIST_seed0_task4,PermutedMNIST,digits,0,4,0.32282837326154157,0.20964190399331073,0.6424089713039788,0.532052816126734,0.5340252447673753,0.36541191909343096,drift_stabilizer,0.8655116777877634,0.999,0.999,0.6196929571535933,0.48358920237200553,0.4519009909000141,0.0010000000000000009,Goal_B_retention,Goal B: maximize retention,2.027323062544931,goal_adaptive_FB_controller
PermutedMNIST_seed0_task5,PermutedMNIST,digits,0,5,0.35678682835845554,0.23502761334811392,0.7131178362041983,0.5830930474536621,0.5943984447707402,0.41900179837778556,drift_stabilizer,0.8376372945835229,0.999,0.999,0.6096071405760739,0.4919940495199384,0.48255890764051357,0.0010000000000000009,Goal_B_retention,Goal B: maximize retention,2.022446781615105,goal_adaptive_FB_controller
PermutedMNIST_seed1_task1,PermutedMNIST,digits,1,1,0.3210417234032721,0.2513543414975021,0.5150454782616497,0.4946254982190633,0.3762536837102827,0.44703333662785005,RC2O_static,0.9202938284452369,0.999,0.9228739470294516,0.5390624998693921,0.5507812501088398,0.5469409726441593,0.0010000000000000009,Goal_B_retention,Goal B: maximize retention,2.0299771897637373,goal_adaptive_FB_controller
PermutedMNIST_seed1_task2,PermutedMNIST,digits,1,2,0.31306995848012326,0.2647169260343134,0.5039710459105972,0.5009038266173627,0.4969106352354117,0.5139940208212204,RC2O_static,0.9287271490865388,0.999,0.9227023719195442,0.5568321090335601,0.5359732424720333,0.5609401444560445,0.0010000000000000009,Goal_B_retention,Goal B: maximize retention,2.0331066514670084,goal_adaptive_FB_controller
PermutedMNIST_seed1_task3,PermutedMNIST,digits,1,3,0.3463406319390595,0.23080609365980087,0.5907726257952066,0.5327731515677512,0.4725150457372488,0.4709169165108234,drift_stabilizer,0.8488064165068754,0.999,0.999,0.6116987274163613,0.4902510604863656,0.48569380061605094,0.0010000000000000009,Goal_B_retention,Goal B: maximize retention,2.026023858037986,goal_adaptive_FB_controller
PermutedMNIST_seed1_task4,PermutedMNIST,digits,1,4,0.34234954901552295,0.2300218736109157,0.6576161305897169,0.5786080759254457,0.5343438022162803,0.48260954030143677,drift_stabilizer,0.8482068855204498,0.999,0.999,0.601130411373174,0.499057990522355,0.47650035014334313,0.0010000000000000009,Goal_B_retention,Goal B: maximize retention,2.025365000196587,goal_adaptive_FB_controller
PermutedMNIST_seed1_task5,PermutedMNIST,digits,1,5,0.3209297170788323,0.2917281388036251,0.654555480115323,0.5521461113558415,0.5843251734683311,0.480321285346126,drift_stabilizer,0.8532325009513744,0.999,0.999,0.618826290639421,0.48431142446714914,0.49238568524663284,0.0010000000000000009,Goal_B_retention,Goal B: maximize retention,2.027723890033433,goal_adaptive_FB_controller
PermutedMNIST_seed2_task1,PermutedMNIST,digits,2,1,0.35564727080584174,0.2700683468630563,0.5196930200663868,0.5310528670180544,0.4328877374827303,0.4748950457832441,drift_stabilizer,0.852639776105135,0.999,0.999,0.5992890216115263,0.5005924819903947,0.4926860149039456,0.0010000000000000009,Goal_B_retention,Goal B: maximize retention,2.028390158421455,goal_adaptive_FB_controller
PermutedMNIST_seed2_task2,PermutedMNIST,digits,2,2,0.2930926218820866,0.26513863182659847,0.538288909866798,0.47181237922283215,0.42558731343906153,0.46164923669534397,RC2O_static,0.9225938862317842,0.999,0.9227441390542117,0.5361924985546443,0.5531729178711298,0.5436272427195126,0.0010000000000000009,Goal_B_retention,Goal B: maximize retention,2.030409984704017,goal_adaptive_FB_controller
PermutedMNIST_seed2_task3,PermutedMNIST,digits,2,3,0.3603518485788121,0.25801184558844326,0.5608335648905618,0.5697349258848045,0.5285975825049662,0.4010021556687567,RC2O_static,0.9117192127371476,0.999,0.9201997663201251,0.5611964792070641,0.5323362673274465,0.5313277047471515,0.0010000000000000009,Goal_B_retention,Goal B: maximize retention,2.0239852658742756,goal_adaptive_FB_controller
PermutedMNIST_seed2_task4,PermutedMNIST,digits,2,4,0.3381023515310466,0.20095131843887665,0.6350835055932001,0.5750952786046599,0.5526345683387371,0.5301728148520302,RC2O_static,0.9015125881902095,0.999,0.9184371810381149,0.5661821483275985,0.5281815430603345,0.5702010604564315,0.0010000000000000009,Goal_B_retention,Goal B: maximize retention,2.0239859730190632,goal_adaptive_FB_controller
PermutedMNIST_seed2_task5,PermutedMNIST,digits,2,5,0.3313433139057956,0.23689558228135443,0.7452047422217002,0.6080564239666443,0.5906853038024131,0.43953071997894394,drift_stabilizer,0.858057312666058,0.999,0.999,0.6277129682908533,0.47690585975762223,0.47500341278266944,0.0010000000000000009,Goal_B_retention,Goal B: maximize retention,2.0270628280659655,goal_adaptive_FB_controller
PermutedMNIST_seed3_task1,PermutedMNIST,digits,3,1,0.33820233143031536,0.2809247648164643,0.47705112182143433,0.5320313038262525,0.39011132638679985,0.4431487645799913,RC2O_static,0.9122662518040456,0.999,0.9248312206697176,0.5531466377886823,0.5390444685094313,0.5321854876345312,0.0010000000000000009,Goal_B_retention,Goal B: maximize retention,2.02619157496454,goal_adaptive_FB_controller
PermutedMNIST_seed3_task2,PermutedMNIST,digits,3,2,0.3163806725460198,0.2374960641389353,0.5385106474188486,0.48647631698650673,0.4999662612562959,0.4528345448482969,drift_stabilizer,0.8535680805503015,0.999,0.999,0.5821472800216573,0.514877266648619,0.48549710912955957,0.0010000000000000009,Goal_B_retention,Goal B: maximize retention,2.0286639984104773,goal_adaptive_FB_controller
PermutedMNIST_seed3_task3,PermutedMNIST,digits,3,3,0.34279688810331904,0.24582614497010352,0.577326445043787,0.5261246923527113,0.4804510033862693,0.47298241903196353,RC2O_static,0.9194058413501407,0.999,0.9247038832510655,0.5655744857791398,0.5286879285173834,0.5471276961745127,0.0010000000000000009,Goal_B_retention,Goal B: maximize retention,2.0292652775862354,goal_adaptive_FB_controller
PermutedMNIST_seed3_task4,PermutedMNIST,digits,3,4,0.3165708272487415,0.23899488927315304,0.6624530778215765,0.5363207462165485,0.5213040345215337,0.48328901683844755,drift_stabilizer,0.845854547279608,0.999,0.999,0.6020892654339637,0.4982589454716969,0.49419574506168573,0.0010000000000000009,Goal_B_retention,Goal B: maximize retention,2.026388885963636,goal_adaptive_FB_controller
PermutedMNIST_seed3_task5,PermutedMNIST,digits,3,5,0.32596861601809224,0.30300780528121535,0.7023007379586476,0.5412449131739672,0.6181700482645692,0.4607824695332994,drift_stabilizer,0.840148303326364,0.999,0.999,0.6237893161581005,0.4801755698682495,0.4976571226818626,0.0010000000000000009,Goal_B_retention,Goal B: maximize retention,2.024118981759508,goal_adaptive_FB_controller
RotatedMNIST_seed0_task1,RotatedMNIST,digits,0,1,0.3146463308271441,0.3200415082748845,0.4499043764199615,0.46608603500679896,0.38304810754680935,0.5089663714789666,RC2O_static,0.9216590075311131,0.999,0.9270814026873122,0.5345017002180062,0.5545819164849948,0.578576235840147,0.0010000000000000009,Goal_B_retention,Goal B: maximize retention,2.0352129126081575,goal_adaptive_FB_controller
RotatedMNIST_seed0_task2,RotatedMNIST,digits,0,2,0.30585475540657026,0.3490682138047014,0.47873358958863993,0.47270523306366846,0.3567686524257889,0.5346692773775623,RC2O_static,0.9243107384295952,0.999,0.9313485059550002,0.5414194114236972,0.5488171571469189,0.5875939512930175,0.0010000000000000009,Goal_B_retention,Goal B: maximize retention,2.0381154515997766,goal_adaptive_FB_controller
RotatedMNIST_seed0_task3,RotatedMNIST,digits,0,3,0.29555749646793283,0.29057310098826605,0.5643342902529968,0.5297858529819985,0.4284624317107788,0.5499321099797583,drift_stabilizer,0.8644254285914127,0.999,0.999,0.5705370762218778,0.5245524364817685,0.5130072197712108,0.0010000000000000009,Goal_B_retention,Goal B: maximize retention,2.035155972378633,goal_adaptive_FB_controller
RotatedMNIST_seed0_task4,RotatedMNIST,digits,0,4,0.316903101454213,0.3084488885698326,0.5559602735186167,0.4864588889082124,0.6036367545600482,0.5120282468618095,drift_stabilizer,0.8506871202937428,0.999,0.999,0.6112353376422024,0.490637218631498,0.5130720300066139,0.0010000000000000009,Goal_B_retention,Goal B: maximize retention,2.029345200020359,goal_adaptive_FB_controller
RotatedMNIST_seed0_task5,RotatedMNIST,digits,0,5,0.3389213900699279,0.29718176813105585,0.6149772522652208,0.5507819143121175,0.6270009190222688,0.4830783468026229,drift_stabilizer,0.853377019636281,0.999,0.999,0.6190983549928446,0.4840847041726295,0.50687419098235,0.0010000000000000009,Goal_B_retention,Goal B: maximize retention,2.029204760197751,goal_adaptive_FB_controller
RotatedMNIST_seed1_task1,RotatedMNIST,digits,1,1,0.2906920235384069,0.28477477584893685,0.42585316826160313,0.42793214578729544,0.3817029377995565,0.469784728151274,RC2O_static,0.9211443807207214,0.999,0.9342211614356961,0.5232930026169359,0.5639224978192201,0.5455942177432715,0.0010000000000000009,Goal_B_retention,Goal B: maximize retention,2.034726267383998,goal_adaptive_FB_controller
RotatedMNIST_seed1_task2,RotatedMNIST,digits,1,2,0.3265682319593292,0.2789012436695616,0.5441066649648169,0.5538402914421798,0.4996565756466801,0.5012156463283127,drift_stabilizer,0.843785482218199,0.999,0.999,0.6061426230218416,0.49488114748179857,0.5300972982405842,0.0010000000000000009,Goal_B_retention,Goal B: maximize retention,2.029189431863608,goal_adaptive_FB_controller
RotatedMNIST_seed1_task3,RotatedMNIST,digits,1,3,0.32670573425184485,0.32451877748576796,0.4869325951830318,0.4963206837439743,0.5159352054760277,0.6044239330605587,RC2O_static,0.9132576110367006,0.999,0.920605503567373,0.5586686156009246,0.5344428203325629,0.6109408451594616,0.0010000000000000009,Goal_B_retention,Goal B: maximize retention,2.032655435092165,goal_adaptive_FB_controller
RotatedMNIST_seed1_task4,RotatedMNIST,digits,1,4,0.29016477051897926,0.3143753478234113,0.559948835798045,0.5234075399151786,0.5205772712950277,0.5441774823084808,drift_stabilizer,0.8793768541284487,0.999,0.999,0.5941304465147169,0.5048912945710693,0.5226695680091518,0.0010000000000000009,Goal_B_retention,Goal B: maximize retention,2.039624577768003,goal_adaptive_FB_controller
RotatedMNIST_seed1_task5,RotatedMNIST,digits,1,5,0.35676060850946123,0.2875568893258405,0.7002950742487211,0.5671393659994899,0.568213593706577,0.49832062388410486,drift_stabilizer,0.84420730788276,0.999,0.999,0.610978773969657,0.4908510216919524,0.5147060838299796,0.0010000000000000009,Goal_B_retention,Goal B: maximize retention,2.0275753518324238,goal_adaptive_FB_controller
RotatedMNIST_seed2_task1,RotatedMNIST,digits,2,1,0.29905518199764436,0.24021535026139512,0.4189602067701992,0.43305401150068684,0.39140195709833486,0.4965692580761236,RC2O_static,0.9409817548348594,0.999,0.9409634188507376,0.538399418755833,0.5513338177034726,0.567094960866465,0.0010000000000000009,Goal_B_retention,Goal B: maximize retention,2.0445579100200364,goal_adaptive_FB_controller
RotatedMNIST_seed2_task2,RotatedMNIST,digits,2,2,0.30634692278281694,0.29474536505159943,0.49925974012136975,0.4582301474189383,0.3849378045078447,0.599756383213272,RC2O_static,0.9398858856385344,0.999,0.9308175384549588,0.5362734365477189,0.5531054695435675,0.6028287049846368,0.0010000000000000009,Goal_B_retention,Goal B: maximize retention,2.044340048126438,goal_adaptive_FB_controller
RotatedMNIST_seed2_task3,RotatedMNIST,digits,2,3,0.38369785565266634,0.2562452672010205,0.5218404293164506,0.6161409794628477,0.5144939908682541,0.47947962233296765,RC2O_static,0.9142666351140105,0.999,0.9211022820773713,0.5813788915881444,0.515517590343213,0.5648958687564726,0.0010000000000000009,Goal_B_retention,Goal B: maximize retention,2.0275812556540913,goal_adaptive_FB_controller
RotatedMNIST_seed2_task4,RotatedMNIST,digits,2,4,0.3055541788029402,0.33533133754924893,0.639310383173817,0.5548312180807138,0.5475193705356831,0.5446682920014587,drift_stabilizer,0.8598421537243467,0.999,0.999,0.6057334163963893,0.49522215300300887,0.5331987338739138,0.0010000000000000009,Goal_B_retention,Goal B: maximize retention,2.034333627154846,goal_adaptive_FB_controller
RotatedMNIST_seed2_task5,RotatedMNIST,digits,2,5,0.29712818802523316,0.2651522475836035,0.6546767615313087,0.556483192363537,0.604278561938093,0.4555226574406656,drift_stabilizer,0.8618232565366795,0.999,0.999,0.6082077262300941,0.4931602281415882,0.49666878012986637,0.0010000000000000009,Goal_B_retention,Goal B: maximize retention,2.03117186638107,goal_adaptive_FB_controller
RotatedMNIST_seed3_task1,RotatedMNIST,digits,3,1,0.3029037128036037,0.29056326059711496,0.47546407004769914,0.47774386648937417,0.3609400408615923,0.5413663043500635,RC2O_static,0.9294781692199932,0.999,0.9241831987791418,0.5340168156948244,0.5549859869209797,0.5798535204226425,0.0010000000000000009,Goal_B_retention,Goal B: maximize retention,2.036692221727011,goal_adaptive_FB_controller
RotatedMNIST_seed3_task2,RotatedMNIST,digits,3,2,0.31576017905722253,0.2996404270355048,0.462726638388594,0.49017464301821867,0.4534941957815557,0.4749552219224912,RC2O_static,0.9267440725602893,0.999,0.9247395217137822,0.5487846784770668,0.5426794346024444,0.5588106750856815,0.0010000000000000009,Goal_B_retention,Goal B: maximize retention,2.033347093606601,goal_adaptive_FB_controller
RotatedMNIST_seed3_task3,RotatedMNIST,digits,3,3,0.34210064666858203,0.3093952732217573,0.5523529067279033,0.5839346555337048,0.451950279105784,0.5162106731189404,drift_stabilizer,0.8516347225952894,0.999,0.999,0.6123453370208364,0.48971221914930296,0.5186925905053256,0.0010000000000000009,Goal_B_retention,Goal B: maximize retention,2.030145286786585,goal_adaptive_FB_controller
RotatedMNIST_seed3_task4,RotatedMNIST,digits,3,4,0.32782505660321964,0.2986335411465836,0.6132480062628524,0.5762849925621533,0.5109095173562921,0.5110074590294308,drift_stabilizer,0.8412627039839983,0.999,0.999,0.605735987439585,0.4952200104670125,0.5170432690847647,0.0010000000000000009,Goal_B_retention,Goal B: maximize retention,2.0271441386270266,goal_adaptive_FB_controller
RotatedMNIST_seed3_task5,RotatedMNIST,digits,3,5,0.3170229423881547,0.2775590303032716,0.6323835997492148,0.5174897899945093,0.6105073075954186,0.5261643801316539,drift_stabilizer,0.8518896424570448,0.999,0.999,0.6266148984510417,0.4778209179574653,0.5139381925314801,0.0010000000000000009,Goal_B_retention,Goal B: maximize retention,2.0291517578881346,goal_adaptive_FB_controller
SVHNContinual_seed0_task1,SVHNContinual,digits-real,0,1,0.5907885437820896,0.48600740830339945,0.4872015484154762,0.6489232905809461,0.43056991716068865,0.7045170752924451,drift_stabilizer,0.7803758560264162,0.999,0.999,0.6663873195000511,0.4446772337499574,0.6091344318001651,0.0010000000000000009,Goal_B_retention,Goal B: maximize retention,2.015560061675439,goal_adaptive_FB_controller
SVHNContinual_seed0_task2,SVHNContinual,digits-real,0,2,0.582384810889269,0.47937970924600243,0.5039061394990499,0.6511932332451321,0.5653672581963015,0.6453525879162197,drift_stabilizer,0.7785403736030704,0.999,0.999,0.6849074933847384,0.429243755512718,0.5820673541903189,0.0010000000000000009,Goal_B_retention,Goal B: maximize retention,2.011531035275589,goal_adaptive_FB_controller
SVHNContinual_seed0_task3,SVHNContinual,digits-real,0,3,0.5706976280268954,0.48040529130484205,0.5947552598045589,0.702894158359452,0.6726127984293899,0.694507388895887,drift_stabilizer,0.7686281562165411,0.999,0.999,0.6987500297179375,0.41770830856838537,0.6171979411121006,0.0010000000000000009,Goal_B_retention,Goal B: maximize retention,2.0114936564045918,goal_adaptive_FB_controller
SVHNContinual_seed0_task4,SVHNContinual,digits-real,0,4,0.6116274021384005,0.48522090363929393,0.6404280030619915,0.6883902639860887,0.6897716641259805,0.6590538305720246,drift_stabilizer,0.7702911859826506,0.999,0.999,0.6962423158174244,0.4197980701521463,0.5905228425891957,0.0010000000000000009,Goal_B_retention,Goal B: maximize retention,2.009429543561322,goal_adaptive_FB_controller
SVHNContinual_seed0_task5,SVHNContinual,digits-real,0,5,0.5924111433657719,0.4898963087480462,0.6122421565009929,0.7283905902376918,0.7335259322757786,0.626666038150048,drift_stabilizer,0.7570686964095502,0.999,0.999,0.7193189779112485,0.4005675184072929,0.5885415209134138,0.0010000000000000009,Goal_B_retention,Goal B: maximize retention,2.0043031369345714,goal_adaptive_FB_controller
SVHNContinual_seed1_task1,SVHNContinual,digits-real,1,1,0.6031366885636421,0.4732479189147264,0.39831940376209096,0.635248138004372,0.5116579205083807,0.7142319997056367,RC2O_static,0.8160251278125132,0.999,0.9206061189732893,0.6419181545957049,0.4650682045035792,0.6655708369038534,0.0010000000000000009,Goal_B_retention,Goal B: maximize retention,2.0054801738999695,goal_adaptive_FB_controller
SVHNContinual_seed1_task2,SVHNContinual,digits-real,1,2,0.5860008705986327,0.46468216528598055,0.5558026677902348,0.6741227598033842,0.5761773171410235,0.6649684074015767,drift_stabilizer,0.7749047553678314,0.999,0.999,0.6822511266937916,0.4314573944218403,0.5870589756093689,0.0010000000000000009,Goal_B_retention,Goal B: maximize retention,2.0110501938923786,goal_adaptive_FB_controller
SVHNContinual_seed1_task3,SVHNContinual,digits-real,1,3,0.6164853751164437,0.5207570971588229,0.5476872805723473,0.6276024382509342,0.6201201942979018,0.7058778860762227,drift_stabilizer,0.7772716444384813,0.999,0.999,0.7051747965935257,0.41235433617206196,0.6173507432844507,0.0010000000000000009,Goal_B_retention,Goal B: maximize retention,2.013834284468593,goal_adaptive_FB_controller
SVHNContinual_seed1_task4,SVHNContinual,digits-real,1,4,0.5603237787616734,0.5023999556018484,0.6071717971843381,0.6421228253161184,0.678624187247489,0.6720337546464061,drift_stabilizer,0.7620691391883897,0.999,0.999,0.6876392194956192,0.426967317086984,0.602318343735707,0.0010000000000000009,Goal_B_retention,Goal B: maximize retention,2.008500941984437,goal_adaptive_FB_controller
SVHNContinual_seed1_task5,SVHNContinual,digits-real,1,5,0.5903521956629811,0.4691885850278141,0.6312688681712095,0.7002632692622633,0.7576513044512806,0.726902149280249,drift_stabilizer,0.7741047387934958,0.999,0.999,0.722246917362414,0.39812756886465495,0.6206731177194763,0.0010000000000000009,Goal_B_retention,Goal B: maximize retention,2.0125051118532293,goal_adaptive_FB_controller
SVHNContinual_seed2_task1,SVHNContinual,digits-real,2,1,0.5633665041161232,0.49161761621344774,0.41842074233600424,0.6137620287423091,0.530404015444869,0.7436268985579215,RC2O_static,0.839806641932948,0.999,0.9256789306428082,0.6304426706721705,0.4746311077731912,0.6877484749448771,0.0010000000000000009,Goal_B_retention,Goal B: maximize retention,2.017086021188015,goal_adaptive_FB_controller
SVHNContinual_seed2_task2,SVHNContinual,digits-real,2,2,0.5494469091915636,0.4769299570497869,0.48815515982766144,0.6324788526817721,0.5090973516548516,0.7138743559923201,drift_stabilizer,0.7849982172090043,0.999,0.999,0.6725565889536401,0.4395361758719666,0.6134663652361686,0.0010000000000000009,Goal_B_retention,Goal B: maximize retention,2.0171229104799164,goal_adaptive_FB_controller
SVHNContinual_seed2_task3,SVHNContinual,digits-real,2,3,0.5916505508407276,0.5393765274060061,0.5405137326594532,0.6652699218870556,0.5686688851089744,0.6778270285155533,drift_stabilizer,0.7637968235292416,0.999,0.999,0.6852984167535273,0.4289179860387272,0.613213644014624,0.0010000000000000009,Goal_B_retention,Goal B: maximize retention,2.0102063107621713,goal_adaptive_FB_controller
SVHNContinual_seed2_task4,SVHNContinual,digits-real,2,4,0.6054168524096235,0.4402486173425707,0.584809549447483,0.7169600676696432,0.6859853563238327,0.7320834963577217,drift_stabilizer,0.7533409818433362,0.999,0.999,0.7057687939909807,0.4118593383408494,0.6251105173635266,0.0010000000000000009,Goal_B_retention,Goal B: maximize retention,2.007406313206396,goal_adaptive_FB_controller
SVHNContinual_seed2_task5,SVHNContinual,digits-real,2,5,0.5637446887187041,0.4828944407860259,0.6659409216932358,0.7199501451213391,0.7321347609083925,0.7182448902972433,drift_stabilizer,0.7774107304071185,0.999,0.999,0.7131610048488967,0.40569916262591943,0.6099342360998313,0.0010000000000000009,Goal_B_retention,Goal B: maximize retention,2.0128016008634146,goal_adaptive_FB_controller
SVHNContinual_seed3_task1,SVHNContinual,digits-real,3,1,0.5885276027343417,0.5255634763903307,0.4735920942558293,0.5890322373711214,0.48892911555075597,0.7384753591482194,drift_stabilizer,0.7696722368045181,0.999,0.999,0.672904335384849,0.43924638717929254,0.6279517889401781,0.0010000000000000009,Goal_B_retention,Goal B: maximize retention,2.013959169294338,goal_adaptive_FB_controller
SVHNContinual_seed3_task2,SVHNContinual,digits-real,3,2,0.5312992378853533,0.48331550928341127,0.5268746051361451,0.6481753452424809,0.5678061738956911,0.6771894856462664,drift_stabilizer,0.7765128776589051,0.999,0.999,0.6630886470702253,0.4474261274414789,0.5983416624705667,0.0010000000000000009,Goal_B_retention,Goal B: maximize retention,2.013459335916802,goal_adaptive_FB_controller
SVHNContinual_seed3_task3,SVHNContinual,digits-real,3,3,0.6199003082925738,0.5260286416829557,0.5138324577948258,0.6356716765535357,0.6578974816959147,0.7543962014181311,drift_stabilizer,0.7530433616179886,0.999,0.999,0.7158946466039219,0.4034211278300651,0.6470258630348759,0.0010000000000000009,Goal_B_retention,Goal B: maximize retention,2.0090866511803873,goal_adaptive_FB_controller
SVHNContinual_seed3_task4,SVHNContinual,digits-real,3,4,0.5968339211545671,0.45916904574950496,0.6064680358732583,0.6794767137165842,0.7005671986397475,0.7613295657454036,drift_stabilizer,0.7776959360576192,0.999,0.999,0.697444089778968,0.41879659185085993,0.6277363576812548,0.0010000000000000009,Goal_B_retention,Goal B: maximize retention,2.0153222461779543,goal_adaptive_FB_controller
SVHNContinual_seed3_task5,SVHNContinual,digits-real,3,5,0.5538472915296347,0.5104367430075032,0.6414489593322754,0.6591043076622055,0.6684104074974251,0.7032288967191191,drift_stabilizer,0.7691734263115813,0.999,0.999,0.6969308283338576,0.41922430972178537,0.620097235662606,0.0010000000000000009,Goal_B_retention,Goal B: maximize retention,2.0120229669458243,goal_adaptive_FB_controller
SplitCIFAR100Coarse_seed0_task1,SplitCIFAR100Coarse,natural-images,0,1,0.7891440889045508,0.6550693630389074,0.4404313897209378,0.7220676082286035,0.6244076210190063,0.9984088392064309,drift_stabilizer,0.7044473400298311,0.999,0.999,0.7528514401319508,0.3726237998900409,0.7446526203089416,0.0010000000000000009,Goal_B_retention,Goal B: maximize retention,2.0027306540343455,goal_adaptive_FB_controller
SplitCIFAR100Coarse_seed0_task2,SplitCIFAR100Coarse,natural-images,0,2,0.8370038088674012,0.6705661471532373,0.4354246031941269,0.8119930352228502,0.5938712504143434,0.9879015943091742,drift_stabilizer,0.6895215771388586,0.9976741721227643,0.999,0.7571985826111725,0.36900118115735625,0.7414759857475227,0.0023258278772356755,Goal_B_retention,Goal B: maximize retention,1.9959642631400094,goal_adaptive_FB_controller
SplitCIFAR100Coarse_seed0_task3,SplitCIFAR100Coarse,natural-images,0,3,0.7519233787273665,0.6888454773930675,0.5027827072170505,0.7533388778681649,0.6897732714847741,0.9340123684663801,drift_stabilizer,0.7121835981204144,0.998952524654833,0.999,0.7470270692340851,0.3774774423049291,0.7033667070271572,0.001047475345167026,Goal_B_retention,Goal B: maximize retention,2.001101530538111,goal_adaptive_FB_controller
SplitCIFAR100Coarse_seed0_task4,SplitCIFAR100Coarse,natural-images,0,4,0.8029460515928258,0.6693333139351509,0.5525307134709384,0.8379991311555857,0.7794374539500976,0.9236748638044845,drift_stabilizer,0.6811384723847868,0.999,0.999,0.7771334102475838,0.35238882479368017,0.7195523182411874,0.0010000000000000009,Goal_B_retention,Goal B: maximize retention,1.9922162147792388,goal_adaptive_FB_controller
SplitCIFAR100Coarse_seed0_task5,SplitCIFAR100Coarse,natural-images,0,5,0.7757683300593559,0.681560986747505,0.6234940788336261,0.7965117729626255,0.7826339626856182,0.9388151790198968,drift_stabilizer,0.6989258643011517,0.999,0.999,0.7588169637898181,0.36765253017515154,0.713895427819467,0.0010000000000000009,Goal_B_retention,Goal B: maximize retention,1.9977499285810498,goal_adaptive_FB_controller
SplitCIFAR100Coarse_seed1_task1,SplitCIFAR100Coarse,natural-images,1,1,0.7691142062934752,0.6985454725455252,0.352806142848499,0.7414296450316046,0.6114983021682535,0.9177840209929593,drift_stabilizer,0.7106984091221309,0.999,0.999,0.7280426034631138,0.3932978304474052,0.7158930316128354,0.0010000000000000009,Goal_B_retention,Goal B: maximize retention,2.0027637174202932,goal_adaptive_FB_controller
SplitCIFAR100Coarse_seed1_task2,SplitCIFAR100Coarse,natural-images,1,2,0.8131131115253547,0.6727614997841525,0.43902156199287384,0.7452575117226714,0.6623221628899711,0.9498368631491109,drift_stabilizer,0.698754812976937,0.999,0.999,0.7502731699170109,0.3747723584024909,0.7385830601907462,0.0010000000000000009,Goal_B_retention,Goal B: maximize retention,2.0005233678322805,goal_adaptive_FB_controller
SplitCIFAR100Coarse_seed1_task3,SplitCIFAR100Coarse,natural-images,1,3,0.7918281031699116,0.6931600126146504,0.5162677364520123,0.7243649381211288,0.7163780334006072,0.9975914102186239,drift_stabilizer,0.7054788557983348,0.999,0.999,0.7784181891717505,0.35131817569020785,0.7710362933834706,0.0010000000000000009,Goal_B_retention,Goal B: maximize retention,2.004613194862358,goal_adaptive_FB_controller
SplitCIFAR100Coarse_seed1_task4,SplitCIFAR100Coarse,natural-images,1,4,0.79002626300174,0.6342717682706962,0.5014316793151644,0.7719438695355011,0.785331289664574,0.9448725395949185,drift_stabilizer,0.7075603881877198,0.999,0.999,0.777847828472584,0.35179347627284663,0.7127067198669632,0.0010000000000000009,Goal_B_retention,Goal B: maximize retention,1.9994284622566547,goal_adaptive_FB_controller
SplitCIFAR100Coarse_seed1_task5,SplitCIFAR100Coarse,natural-images,1,5,0.7710723221501569,0.6594913764709285,0.5727920113514886,0.7489437563131799,0.7742575306729389,1.0,drift_stabilizer,0.7007482300734742,0.999,0.999,0.774175573495498,0.35485368875375156,0.7432541983235724,0.0010000000000000009,Goal_B_retention,Goal B: maximize retention,2.0005925732920873,goal_adaptive_FB_controller
SplitCIFAR100Coarse_seed2_task1,SplitCIFAR100Coarse,natural-images,2,1,0.7809010999956233,0.7020395691474365,0.37977316069236355,0.7410627283934746,0.5701814880887224,0.9190468780122998,drift_stabilizer,0.6996668546217684,0.999,0.999,0.7399079635979855,0.3834100303350121,0.7054000816673995,0.0010000000000000009,Goal_B_retention,Goal B: maximize retention,1.9979105660700212,goal_adaptive_FB_controller
SplitCIFAR100Coarse_seed2_task2,SplitCIFAR100Coarse,natural-images,2,2,0.7268590118434352,0.6658653819845225,0.4985588187173504,0.7342935034705377,0.6817924365092294,0.8612412365328956,drift_stabilizer,0.728577136129563,0.999,0.999,0.7467602756798599,0.37769977026678336,0.6779588811789283,0.0010000000000000009,Goal_B_retention,Goal B: maximize retention,2.003554017470101,goal_adaptive_FB_controller
SplitCIFAR100Coarse_seed2_task3,SplitCIFAR100Coarse,natural-images,2,3,0.7629835268947399,0.6952627324404606,0.48484518505244173,0.7212045645047555,0.6907043340877023,1.0,drift_stabilizer,0.7083203898975224,0.999,0.999,0.7503776574005836,0.37468528549951363,0.7383052250810941,0.0010000000000000009,Goal_B_retention,Goal B: maximize retention,2.003360903752342,goal_adaptive_FB_controller
SplitCIFAR100Coarse_seed2_task4,SplitCIFAR100Coarse,natural-images,2,4,0.809740989495605,0.6497017512715937,0.5346875795765424,0.7819835200817745,0.8176403667231928,0.9261845263853163,drift_stabilizer,0.6951258562997591,0.999,0.999,0.7800020610780898,0.34999828243492515,0.7127269294496528,0.0010000000000000009,Goal_B_retention,Goal B: maximize retention,1.9956103639566394,goal_adaptive_FB_controller
SplitCIFAR100Coarse_seed2_task5,SplitCIFAR100Coarse,natural-images,2,5,0.8266684095557615,0.6705958799598599,0.5564168615163934,0.7518494344203964,0.8630383594402056,0.8793962754653915,drift_stabilizer,0.6888097820054239,0.999,0.999,0.803081639605312,0.3307653003289066,0.6912889658417133,0.0010000000000000009,Goal_B_retention,Goal B: maximize retention,1.990610096202244,goal_adaptive_FB_controller
SplitCIFAR100Coarse_seed3_task1,SplitCIFAR100Coarse,natural-images,3,1,0.7246851542948537,0.6642819126679692,0.3797456973252263,0.6558755154960977,0.5452369976970267,0.9912891965369105,drift_stabilizer,0.7239700721958975,0.999,0.999,0.7203881786131128,0.399676517822406,0.7294764915838766,0.0010000000000000009,Goal_B_retention,Goal B: maximize retention,2.008422496708277,goal_adaptive_FB_controller
SplitCIFAR100Coarse_seed3_task2,SplitCIFAR100Coarse,natural-images,3,2,0.7798570251325917,0.6355350753962129,0.41745002713744617,0.6639768599788402,0.7251510320012058,0.9417048472445149,drift_stabilizer,0.7125613711331222,0.999,0.999,0.7634540080412495,0.363788326632292,0.7182754496080597,0.0010000000000000009,Goal_B_retention,Goal B: maximize retention,2.0020853726323575,goal_adaptive_FB_controller
SplitCIFAR100Coarse_seed3_task3,SplitCIFAR100Coarse,natural-images,3,3,0.7857986424152088,0.6885323579339555,0.5136159980759754,0.7852830580575973,0.6778296745770466,0.9882214057836011,drift_stabilizer,0.7004841431032922,0.999,0.999,0.7596907966498934,0.3669243361250888,0.7547599013477438,0.0010000000000000009,Goal_B_retention,Goal B: maximize retention,2.0022674498720168,goal_adaptive_FB_controller
SplitCIFAR100Coarse_seed3_task4,SplitCIFAR100Coarse,natural-images,3,4,0.7590954001243444,0.7525382228300437,0.5208969715671715,0.7431629210946596,0.7574473497866683,0.9475228343480618,drift_stabilizer,0.6981957343374235,0.999,0.999,0.7765932672974896,0.3528389439187587,0.7327677816601248,0.0010000000000000009,Goal_B_retention,Goal B: maximize retention,1.9986774456631775,goal_adaptive_FB_controller
SplitCIFAR100Coarse_seed3_task5,SplitCIFAR100Coarse,natural-images,3,5,0.7987209979268307,0.6636399242406119,0.5632639290031075,0.7842879979320456,0.8356312274774824,0.9510333818817231,drift_stabilizer,0.6966494681793417,0.9924393374253385,0.999,0.7864554640945423,0.3446204465878814,0.7103355822623875,0.007560662574661481,Goal_B_retention,Goal B: maximize retention,1.9867025265336424,goal_adaptive_FB_controller
SplitCIFAR10_seed0_task1,SplitCIFAR10,natural-images,0,1,0.5951231963401031,0.5642485168109856,0.369689596676834,0.5708510588190269,0.5682309930521252,0.8229390949639573,RC2O_static,0.8368967388660946,0.999,0.9230627964592786,0.6231936350025524,0.4806719708312063,0.7275130758815801,0.0010000000000000009,Goal_B_retention,Goal B: maximize retention,2.0195759065502945,goal_adaptive_FB_controller
SplitCIFAR10_seed0_task2,SplitCIFAR10,natural-images,0,2,0.6409294866074664,0.5394724043628817,0.2768408068454159,0.5518869410178018,0.5972224096938984,0.7809047050536093,RC2O_static,0.8308731092053232,0.999,0.9400629293321137,0.6632192129911254,0.4473173225073954,0.6952637239615147,0.0010000000000000009,Goal_B_retention,Goal B: maximize retention,2.018826196549358,goal_adaptive_FB_controller
SplitCIFAR10_seed0_task3,SplitCIFAR10,natural-images,0,3,0.6409084803212819,0.5964730543019499,0.34629753266279356,0.6508863433033627,0.6587311995675998,0.8156240234387195,RC2O_static,0.8219486329252723,0.999,0.9237276013890854,0.6645107707096702,0.44624102440860813,0.7214363124313609,0.0010000000000000009,Goal_B_retention,Goal B: maximize retention,2.012994932827328,goal_adaptive_FB_controller
SplitCIFAR10_seed0_task4,SplitCIFAR10,natural-images,0,4,0.5878694360117495,0.5362476691695974,0.42808053014802955,0.6414781733222988,0.6354029073287497,0.8081779193625046,RC2O_static,0.8230179883397786,0.999,0.9244345500758002,0.6404960887043207,0.46625325941306606,0.7100813846789066,0.0010000000000000009,Goal_B_retention,Goal B: maximize retention,2.0134282904670076,goal_adaptive_FB_controller
SplitCIFAR10_seed0_task5,SplitCIFAR10,natural-images,0,5,0.6341080583895364,0.5049368983136355,0.4713382031398682,0.6548650410983033,0.7603690150583142,0.8191969331606075,drift_stabilizer,0.7571677403185264,0.999,0.999,0.7256578596386776,0.3952851169677687,0.6490589871779325,0.0010000000000000009,Goal_B_retention,Goal B: maximize retention,2.0101204766617395,goal_adaptive_FB_controller
SplitCIFAR10_seed1_task1,SplitCIFAR10,natural-images,1,1,0.5896277139646589,0.5563696010624222,0.2948426931429208,0.6256854474364846,0.45306153223791623,0.7156946476662303,RC2O_static,0.8391558010858708,0.999,0.9411974213090699,0.6214748388036361,0.4821043009969699,0.6716870883243478,0.0010000000000000009,Goal_B_retention,Goal B: maximize retention,2.021089761666219,goal_adaptive_FB_controller
SplitCIFAR10_seed1_task2,SplitCIFAR10,natural-images,1,2,0.6253031061571721,0.5887812447262923,0.27882544326857994,0.6106002449812726,0.6112840535218916,0.7929443735764788,RC2O_static,0.8403401678653277,0.999,0.9358643937732491,0.6572108172339319,0.4523243189717233,0.7175527273272487,0.0010000000000000009,Goal_B_retention,Goal B: maximize retention,2.0226760768615466,goal_adaptive_FB_controller
SplitCIFAR10_seed1_task3,SplitCIFAR10,natural-images,1,3,0.6554451046891967,0.5882470330735468,0.4473537773161577,0.667943574963561,0.6110606447596912,0.7580463244379467,drift_stabilizer,0.7518299845629588,0.999,0.999,0.7005473141457623,0.416210571545198,0.6455839671011409,0.0010000000000000009,Goal_B_retention,Goal B: maximize retention,2.0092179206562615,goal_adaptive_FB_controller
SplitCIFAR10_seed1_task4,SplitCIFAR10,natural-images,1,4,0.6308233085156676,0.5878155453697678,0.3718970344032895,0.629110995507831,0.6733343965800674,0.7991907299821233,RC2O_static,0.828102117572254,0.999,0.9198341473905964,0.6722984605263733,0.4397512828946889,0.7124422548654684,0.0010000000000000009,Goal_B_retention,Goal B: maximize retention,2.0122543764896665,goal_adaptive_FB_controller
SplitCIFAR10_seed1_task5,SplitCIFAR10,natural-images,1,5,0.6330664908622213,0.5496347766142244,0.45894260361929456,0.6498391324986418,0.6988371954646971,0.7767976022631671,drift_stabilizer,0.7548790061884657,0.999,0.999,0.7054355226523769,0.41213706445635256,0.6460986596047105,0.0010000000000000009,Goal_B_retention,Goal B: maximize retention,2.0099804210398284,goal_adaptive_FB_controller
SplitCIFAR10_seed2_task1,SplitCIFAR10,natural-images,2,1,0.661393144674172,0.5374582613657736,0.3086905319695931,0.6010293017472977,0.565551180590767,0.8651676801165903,RC2O_static,0.8266659535040672,0.999,0.9365722541714827,0.6425796239935959,0.4645169800053367,0.7338171821548547,0.0010000000000000009,Goal_B_retention,Goal B: maximize retention,2.0210576422269915,goal_adaptive_FB_controller
SplitCIFAR10_seed2_task2,SplitCIFAR10,natural-images,2,2,0.5851627668696491,0.5232021127120186,0.33013044317168483,0.5981258369970281,0.5623650595625325,0.7264191142421776,RC2O_static,0.8330554327404514,0.999,0.9250741297735405,0.6421200017713067,0.46489999852391106,0.6873012191207742,0.0010000000000000009,Goal_B_retention,Goal B: maximize retention,2.0143176970811476,goal_adaptive_FB_controller
SplitCIFAR10_seed2_task3,SplitCIFAR10,natural-images,2,3,0.6096594993657131,0.5145184151305742,0.35191651081777336,0.6223468321924149,0.5596230206377104,0.7759311084609678,RC2O_static,0.8380665476887601,0.999,0.9243276003050689,0.6448292524068028,0.46264228966099763,0.6906645330018405,0.0010000000000000009,Goal_B_retention,Goal B: maximize retention,2.0157831921966363,goal_adaptive_FB_controller
SplitCIFAR10_seed2_task4,SplitCIFAR10,natural-images,2,4,0.600254479537546,0.5345108443191785,0.3459247753101631,0.5800591383893343,0.7285238170213131,0.7777004361785671,RC2O_static,0.8372719391067396,0.999,0.9254300003644169,0.6664983963608132,0.4445846696993223,0.6995981279469549,0.0010000000000000009,Goal_B_retention,Goal B: maximize retention,2.0159211281392295,goal_adaptive_FB_controller
SplitCIFAR10_seed2_task5,SplitCIFAR10,natural-images,2,5,0.6134587030524706,0.615544494811624,0.44223219757419086,0.6513766548607212,0.7275055641287176,0.8241851235922791,drift_stabilizer,0.7565101159370404,0.999,0.999,0.7179213504930356,0.40173220792247033,0.6632736769729174,0.0010000000000000009,Goal_B_retention,Goal B: maximize retention,2.0116670128745273,goal_adaptive_FB_controller
SplitCIFAR10_seed3_task1,SplitCIFAR10,natural-images,3,1,0.6642775849315627,0.5406182123248098,0.3679707422271125,0.6608654258821052,0.5839322958041161,0.7840231105215867,RC2O_static,0.8323985849651279,0.999,0.9296597346295037,0.6652704167030593,0.4456079860807839,0.6875926659014202,0.0010000000000000009,Goal_B_retention,Goal B: maximize retention,2.014790148504046,goal_adaptive_FB_controller
SplitCIFAR10_seed3_task2,SplitCIFAR10,natural-images,3,2,0.6049674739000255,0.5454938331713125,0.4028071007748514,0.6796834614811847,0.6170858046550558,0.8220747133258542,drift_stabilizer,0.7620959035305378,0.999,0.999,0.6984218227913341,0.4179818143405548,0.6675461166632353,0.0010000000000000009,Goal_B_retention,Goal B: maximize retention,2.0145824734425126,goal_adaptive_FB_controller
SplitCIFAR10_seed3_task3,SplitCIFAR10,natural-images,3,3,0.609001277460961,0.5672576047431225,0.47949572662832796,0.6412179749198721,0.6267267871976827,0.76887040189945,drift_stabilizer,0.761841128989122,0.999,0.999,0.7012950574316107,0.41558745214032444,0.6449593265882253,0.0010000000000000009,Goal_B_retention,Goal B: maximize retention,2.0121276439625753,goal_adaptive_FB_controller
SplitCIFAR10_seed3_task4,SplitCIFAR10,natural-images,3,4,0.599801877106193,0.5946273990570489,0.3976960168860714,0.6205759285393436,0.6420284985510225,0.8113600978246194,drift_stabilizer,0.7570196815165693,0.999,0.999,0.6934534568424673,0.42212211929794385,0.6633205627149711,0.0010000000000000009,Goal_B_retention,Goal B: maximize retention,2.012844066691365,goal_adaptive_FB_controller
SplitCIFAR10_seed3_task5,SplitCIFAR10,natural-images,3,5,0.6395417347053697,0.5379995638429645,0.45849075722691907,0.6691472869175004,0.7210438674985883,0.8356264448973989,drift_stabilizer,0.7720837021609163,0.999,0.999,0.7234627736082712,0.3971143553264407,0.6720017502182494,0.0010000000000000009,Goal_B_retention,Goal B: maximize retention,2.0169810034364217,goal_adaptive_FB_controller
SplitFashionMNIST_seed0_task1,SplitFashionMNIST,fashion,0,1,0.3807521821563378,0.46717666120450047,0.1808695683462322,0.4199432028836281,0.3864781342229844,0.6399003384425044,RC2O_static,0.9155642743355761,0.999,0.9628944380745459,0.5601092169629893,0.5332423191975089,0.6280356253769535,0.0010000000000000009,Goal_B_retention,Goal B: maximize retention,2.0497980141243346,goal_adaptive_FB_controller
SplitFashionMNIST_seed0_task2,SplitFashionMNIST,fashion,0,2,0.3685302569197805,0.4567965547888964,0.2479400497607773,0.4461506030568815,0.48076073829601057,0.6184799924875616,RC2O_static,0.9079639515759761,0.999,0.9440015262343417,0.560698403947587,0.5327513300436775,0.6328513875341866,0.0010000000000000009,Goal_B_retention,Goal B: maximize retention,2.041362424910415,goal_adaptive_FB_controller
SplitFashionMNIST_seed0_task3,SplitFashionMNIST,fashion,0,3,0.4026070629431854,0.43116451019978635,0.2372383101070944,0.4813944673365708,0.5559463359358148,0.6546950256144441,RC2O_static,0.8933107914473435,0.999,0.9453125257823192,0.5810423126634326,0.5157980727804727,0.6288606798624691,0.0010000000000000009,Goal_B_retention,Goal B: maximize retention,2.0361785930832856,goal_adaptive_FB_controller
SplitFashionMNIST_seed0_task4,SplitFashionMNIST,fashion,0,4,0.3891909280210307,0.4250609251826696,0.28062115274915805,0.43870433785264823,0.5944977679011091,0.5950286985093669,RC2O_static,0.9067573717405466,0.999,0.943622994454832,0.5796571778822395,0.5169523517648005,0.6096529182049629,0.0010000000000000009,Goal_B_retention,Goal B: maximize retention,2.0377581689900914,goal_adaptive_FB_controller
SplitFashionMNIST_seed0_task5,SplitFashionMNIST,fashion,0,5,0.3677343403138047,0.42025209460791313,0.3036322937822363,0.5089304808077337,0.6334666384843415,0.6779051082656592,RC2O_static,0.9071891302501618,0.999,0.9499613620509388,0.6067479601185531,0.4943766999012057,0.6639703771277182,0.0010000000000000009,Goal_B_retention,Goal B: maximize retention,2.0444090885007093,goal_adaptive_FB_controller
SplitFashionMNIST_seed1_task1,SplitFashionMNIST,fashion,1,1,0.41041833063543803,0.44375406808292506,0.19845685180309924,0.43021508820464843,0.4501174862454107,0.6209350900294169,RC2O_static,0.8763978473021639,0.999,0.9621644400378964,0.5755221558511234,0.5203982034573971,0.6155472708467113,0.0010000000000000009,Goal_B_retention,Goal B: maximize retention,2.0359015454614537,goal_adaptive_FB_controller
SplitFashionMNIST_seed1_task2,SplitFashionMNIST,fashion,1,2,0.4315114128310036,0.441533418061148,0.25035097779407656,0.4887921037892913,0.47459758513169953,0.5960761947807884,RC2O_static,0.8901693094659318,0.999,0.9525808219363607,0.5584115070627852,0.534657077447679,0.6346443258706622,0.0010000000000000009,Goal_B_retention,Goal B: maximize retention,2.039301366976956,goal_adaptive_FB_controller
SplitFashionMNIST_seed1_task3,SplitFashionMNIST,fashion,1,3,0.36552637014116496,0.48694053026354267,0.2614808878770518,0.39933448249222075,0.49048393723552836,0.6309231452777158,RC2O_static,0.9080692301288151,0.999,0.939980323849452,0.5812005539854084,0.5156662050121597,0.6339366086629541,0.0010000000000000009,Goal_B_retention,Goal B: maximize retention,2.0392408535028563,goal_adaptive_FB_controller
SplitFashionMNIST_seed1_task4,SplitFashionMNIST,fashion,1,4,0.39131769793887156,0.547123078620316,0.25933227393754826,0.44635952801099865,0.5947686714736051,0.6647997021294646,RC2O_static,0.8939723687783752,0.999,0.9303232993347545,0.5713212871380908,0.5238989273849243,0.6629447977529778,0.0010000000000000009,Goal_B_retention,Goal B: maximize retention,2.0349442915452207,goal_adaptive_FB_controller
SplitFashionMNIST_seed1_task5,SplitFashionMNIST,fashion,1,5,0.38662635374056525,0.458214248691706,0.2655645480135361,0.4315922477060668,0.6044013611056935,0.6732835197486579,RC2O_static,0.8947275000691199,0.999,0.9498061574392913,0.5731785086227494,0.5223512428143755,0.6458620247025832,0.0010000000000000009,Goal_B_retention,Goal B: maximize retention,2.0402041697354654,goal_adaptive_FB_controller
SplitFashionMNIST_seed2_task1,SplitFashionMNIST,fashion,2,1,0.40066181276053725,0.44507347271644654,0.23451611494557628,0.49357430232011024,0.46596749632275475,0.6259836226917374,RC2O_static,0.8949835005222655,0.999,0.95047216059409,0.5771665070103017,0.5190279108247486,0.630327595084179,0.0010000000000000009,Goal_B_retention,Goal B: maximize retention,2.0387944614142666,goal_adaptive_FB_controller
SplitFashionMNIST_seed2_task2,SplitFashionMNIST,fashion,2,2,0.39216592874978384,0.4538230682910619,0.18612280836677741,0.45478541262715566,0.5212691123254068,0.593641328389066,RC2O_static,0.8931528055971587,0.999,0.9485619478695062,0.5859851827705498,0.5116790143578751,0.6198146599320052,0.0010000000000000009,Goal_B_retention,Goal B: maximize retention,2.036157940144569,goal_adaptive_FB_controller
SplitFashionMNIST_seed2_task3,SplitFashionMNIST,fashion,2,3,0.33381395994618895,0.4484938036471359,0.3247690321046144,0.43089290508965405,0.48087416635062086,0.6437575716903422,RC2O_static,0.9242464337942509,0.999,0.9425419060923883,0.5513480342166366,0.5405433048194694,0.6399260865704965,0.0010000000000000009,Goal_B_retention,Goal B: maximize retention,2.0468333711686344,goal_adaptive_FB_controller
SplitFashionMNIST_seed2_task4,SplitFashionMNIST,fashion,2,4,0.34879615488155685,0.43840755381884255,0.2974896509765069,0.4603351524623008,0.5632812529506968,0.5830948914637215,RC2O_static,0.9238198292215154,0.999,0.9419993230478811,0.5646736730078717,0.5294386058267735,0.6144420565159026,0.0010000000000000009,Goal_B_retention,Goal B: maximize retention,2.043411847776142,goal_adaptive_FB_controller
SplitFashionMNIST_seed2_task5,SplitFashionMNIST,fashion,2,5,0.39196661973560215,0.4454242140808284,0.322400358867788,0.4448126524856268,0.6654346754208411,0.6319252679584378,RC2O_static,0.8894931795282524,0.999,0.9456824891430757,0.5838658982135384,0.5134450848220513,0.624576164697866,0.0010000000000000009,Goal_B_retention,Goal B: maximize retention,2.0346166957694414,goal_adaptive_FB_controller
SplitFashionMNIST_seed3_task1,SplitFashionMNIST,fashion,3,1,0.3473075384596984,0.47122468177423193,0.18794863524914446,0.4416778440139004,0.3542761899153115,0.6677035764531971,RC2O_static,0.9233220958134187,0.999,0.9528200069027397,0.5337298261553817,0.5552251448705152,0.651857511715604,0.0010000000000000009,Goal_B_retention,Goal B: maximize retention,2.052080639575071,goal_adaptive_FB_controller
SplitFashionMNIST_seed3_task2,SplitFashionMNIST,fashion,3,2,0.38680870883793267,0.4174186833459431,0.26721583190023235,0.43386513113186104,0.5433911626255871,0.6248816997279327,RC2O_static,0.8914586280708829,0.999,0.9484929649185709,0.5770475378881564,0.5191270517598696,0.6201007569226072,0.0010000000000000009,Goal_B_retention,Goal B: maximize retention,2.036026554423019,goal_adaptive_FB_controller
SplitFashionMNIST_seed3_task3,SplitFashionMNIST,fashion,3,3,0.3897642233100701,0.44812519841260945,0.24140636475861607,0.44538765852738516,0.5584456621419324,0.6354080991108447,RC2O_static,0.8944030689887705,0.999,0.9577480622597081,0.5712746718066242,0.5239377734944799,0.6442415903158077,0.0010000000000000009,Goal_B_retention,Goal B: maximize retention,2.042803790193834,goal_adaptive_FB_controller
SplitFashionMNIST_seed3_task4,SplitFashionMNIST,fashion,3,4,0.39970257873027026,0.45773982772123967,0.2186977962083539,0.4751758049735592,0.6141815769211848,0.6424753099812005,RC2O_static,0.902442656269812,0.999,0.9515455292570723,0.5945464817132184,0.5045445985723179,0.6308627681690139,0.0010000000000000009,Goal_B_retention,Goal B: maximize retention,2.0407372388664364,goal_adaptive_FB_controller
SplitFashionMNIST_seed3_task5,SplitFashionMNIST,fashion,3,5,0.3949408363879826,0.4613952420085171,0.30255132774101173,0.4530164336181758,0.5846725184727097,0.6185142642524779,RC2O_static,0.9056111093068167,0.999,0.9422723106816882,0.5812931729027963,0.5155890225810031,0.6285207766513802,0.0010000000000000009,Goal_B_retention,Goal B: maximize retention,2.038760170324824,goal_adaptive_FB_controller
SplitKMNIST_seed0_task1,SplitKMNIST,characters,0,1,0.4697127088414757,0.34179762127425806,0.20590011227468663,0.4435468756372052,0.44819700435955007,0.6791779298840739,RC2O_static,0.8832078655016291,0.999,0.9668241511306324,0.5845749928016113,0.512854172665324,0.6435008820421162,0.0010000000000000009,Goal_B_retention,Goal B: maximize retention,2.041993609383688,goal_adaptive_FB_controller
SplitKMNIST_seed0_task2,SplitKMNIST,characters,0,2,0.4315588178495182,0.37162351144443273,0.28890191823904277,0.4733827163151329,0.5073865355255709,0.6230696342963967,RC2O_static,0.8887581173797872,0.999,0.9500378663084783,0.5890970612832338,0.5090857822639718,0.605085641743531,0.0010000000000000009,Goal_B_retention,Goal B: maximize retention,2.0337535417094554,goal_adaptive_FB_controller
SplitKMNIST_seed0_task3,SplitKMNIST,characters,0,3,0.4399578681610788,0.40216473523398555,0.2858285550041667,0.4989818328968745,0.5621207078661286,0.6683680962158971,RC2O_static,0.8974374129215195,0.999,0.9443657194948794,0.5955620180841604,0.5036983182631996,0.634620554799564,0.0010000000000000009,Goal_B_retention,Goal B: maximize retention,2.03705619709278,goal_adaptive_FB_controller
SplitKMNIST_seed0_task4,SplitKMNIST,characters,0,4,0.40891624113554775,0.3903225615493837,0.2640033016637626,0.4682722436151559,0.6226267777926504,0.6463692691921309,RC2O_static,0.9040645189072072,0.999,0.9501140624451483,0.5825091815840177,0.5145756820133186,0.6211346050964661,0.0010000000000000009,Goal_B_retention,Goal B: maximize retention,2.0402515221382767,goal_adaptive_FB_controller
SplitKMNIST_seed0_task5,SplitKMNIST,characters,0,5,0.4481963268651736,0.39685475698278444,0.3617931681967128,0.5105603466756653,0.6468182749767682,0.6687289751245816,RC2O_static,0.886986216875763,0.999,0.9324341862139636,0.6120466473928333,0.48996112717263884,0.6464940053265765,0.0010000000000000009,Goal_B_retention,Goal B: maximize retention,2.030245287128906,goal_adaptive_FB_controller
SplitKMNIST_seed1_task1,SplitKMNIST,characters,1,1,0.40992842836207904,0.4100721449511301,0.2139282124714011,0.45890837737958257,0.41630854200454764,0.7081277651824076,RC2O_static,0.8891497741697341,0.999,0.967531435281348,0.5714260677806962,0.5238116101827532,0.6546024308927147,0.0010000000000000009,Goal_B_retention,Goal B: maximize retention,2.045681758197801,goal_adaptive_FB_controller
SplitKMNIST_seed1_task2,SplitKMNIST,characters,1,2,0.4656656983473609,0.3473480689464505,0.26080713549801476,0.49181373716337656,0.5040878402945852,0.5848600686180363,RC2O_static,0.8974644465014023,0.999,0.9624098448547793,0.5847775916151309,0.5126853403207243,0.5973076446840022,0.0010000000000000009,Goal_B_retention,Goal B: maximize retention,2.04009781113403,goal_adaptive_FB_controller
SplitKMNIST_seed1_task3,SplitKMNIST,characters,1,3,0.431881273228102,0.3757576381290579,0.3521853195438866,0.49430772849060095,0.5244671595124806,0.6591911401736178,RC2O_static,0.8993387385972778,0.999,0.942324980633644,0.5959931082159248,0.5033390764867294,0.641046145728091,0.0010000000000000009,Goal_B_retention,Goal B: maximize retention,2.0375369331981044,goal_adaptive_FB_controller
SplitKMNIST_seed1_task4,SplitKMNIST,characters,1,4,0.4120980908295716,0.37353689742943746,0.2620260216520839,0.47827367604779275,0.5399584643513752,0.6925469090122468,RC2O_static,0.9003779999989798,0.999,0.9568748299018335,0.58723337886557,0.5106388509453583,0.6457020426212415,0.0010000000000000009,Goal_B_retention,Goal B: maximize retention,2.043771737274728,goal_adaptive_FB_controller
SplitKMNIST_seed1_task5,SplitKMNIST,characters,1,5,0.40349277794386396,0.442321042302932,0.34212448310162924,0.4574136362948369,0.5870531915490932,0.6583080456633699,RC2O_static,0.8985844983148525,0.999,0.9366460968463037,0.6014820017219609,0.49876499856503254,0.6356597782244187,0.0010000000000000009,Goal_B_retention,Goal B: maximize retention,2.0345557111413557,goal_adaptive_FB_controller
SplitKMNIST_seed2_task1,SplitKMNIST,characters,2,1,0.42719807237425006,0.3487060136998262,0.22863562740492877,0.4456931286766152,0.4539620862151731,0.6687945289807565,RC2O_static,0.90121431606041,0.999,0.9585404345387989,0.5727573527849891,0.522702206012509,0.6235139860858189,0.0010000000000000009,Goal_B_retention,Goal B: maximize retention,2.04298995581591,goal_adaptive_FB_controller
SplitKMNIST_seed2_task2,SplitKMNIST,characters,2,2,0.42528538715278313,0.399671535183187,0.23936537298814345,0.4493722474532167,0.39241707474120685,0.7147251254701994,RC2O_static,0.9094364315365884,0.999,0.9525129473279703,0.5804578665064534,0.5162851112446222,0.6623627083986561,0.0010000000000000009,Goal_B_retention,Goal B: maximize retention,2.046910987427863,goal_adaptive_FB_controller
SplitKMNIST_seed2_task3,SplitKMNIST,characters,2,3,0.44315128387095176,0.3898499322321634,0.2759205480314769,0.50993628938514,0.5346919238343283,0.6518361451328278,RC2O_static,0.8861626871177457,0.999,0.9539801498812102,0.5829496423510868,0.5142086313740943,0.6195796608314607,0.0010000000000000009,Goal_B_retention,Goal B: maximize retention,2.036060256245598,goal_adaptive_FB_controller
SplitKMNIST_seed2_task4,SplitKMNIST,characters,2,4,0.4171748913023331,0.39951542961623554,0.23064403471024197,0.4631496639727843,0.6013195761110102,0.740621615898952,RC2O_static,0.9051688990046627,0.999,0.9482664370344169,0.5945985884524514,0.5045011762896239,0.6819521837107534,0.0010000000000000009,Goal_B_retention,Goal B: maximize retention,2.045514199849001,goal_adaptive_FB_controller
SplitKMNIST_seed2_task5,SplitKMNIST,characters,2,5,0.405533564988147,0.42400395908272387,0.2782049246685278,0.5088181177462999,0.6082951631897321,0.6749329854884509,RC2O_static,0.8895300121466561,0.999,0.9575806007277365,0.5941734390805297,0.504855467432892,0.6432841146707469,0.0010000000000000009,Goal_B_retention,Goal B: maximize retention,2.040233398737424,goal_adaptive_FB_controller
SplitKMNIST_seed3_task1,SplitKMNIST,characters,3,1,0.40629817004638485,0.45347238061182815,0.20499594246631953,0.47062460701617226,0.3828470534109738,0.669444259074977,RC2O_static,0.9015261430940076,0.999,0.9529187217747561,0.5651613834373992,0.529032180468834,0.6492200453634914,0.0010000000000000009,Goal_B_retention,Goal B: maximize retention,2.044003009109158,goal_adaptive_FB_controller
SplitKMNIST_seed3_task2,SplitKMNIST,characters,3,2,0.4339709536289738,0.39889167959029,0.2753213768047772,0.5006476411892806,0.42815000678874354,0.6262837601252919,RC2O_static,0.8889365375285418,0.999,0.9467384333519353,0.5703345010595814,0.5247212491170155,0.6192633876603357,0.0010000000000000009,Goal_B_retention,Goal B: maximize retention,2.0348518141536243,goal_adaptive_FB_controller
SplitKMNIST_seed3_task3,SplitKMNIST,characters,3,3,0.45501077157366143,0.3869273712707713,0.2968249676231874,0.4591287401199968,0.5532997334394424,0.6422206838809527,RC2O_static,0.8897150885049729,0.999,0.9413796320683481,0.5873089120684226,0.5105759066096478,0.6241187443791476,0.0010000000000000009,Goal_B_retention,Goal B: maximize retention,2.032988067543811,goal_adaptive_FB_controller
SplitKMNIST_seed3_task4,SplitKMNIST,characters,3,4,0.40640911359641574,0.428505937831582,0.28758395728684866,0.43909594335634666,0.6099470447656976,0.6853062034150225,RC2O_static,0.8901246205896491,0.999,0.9514954673504867,0.5932358280920773,0.5056368099232689,0.6560313177913224,0.0010000000000000009,Goal_B_retention,Goal B: maximize retention,2.0395957720248608,goal_adaptive_FB_controller
SplitKMNIST_seed3_task5,SplitKMNIST,characters,3,5,0.39983245992387206,0.3478985352522437,0.30789140237480095,0.4652980763741006,0.608778602123293,0.6923313049451381,RC2O_static,0.901567585204009,0.999,0.9421709707636445,0.5808947381369648,0.5159210515525293,0.659690192774245,0.0010000000000000009,Goal_B_retention,Goal B: maximize retention,2.040645187183529,goal_adaptive_FB_controller
SplitMNIST_seed0_task1,SplitMNIST,digits,0,1,0.1156408304387371,0.13874287450119005,0.07039288584742817,0.1967933289232454,0.27993992864489575,0.302377879258495,RC2O_static,0.995,0.999,0.9837635547948866,0.4671910043078755,0.6106741630767704,0.4818124878699457,0.0010000000000000009,Goal_B_retention,Goal B: maximize retention,2.0701822011190436,goal_adaptive_FB_controller
SplitMNIST_seed0_task2,SplitMNIST,digits,0,2,0.15015739537106806,0.12839042954153182,0.06453189473949407,0.24627945302147272,0.38476746754935676,0.21538772341289958,RC2O_static,0.9832736256757642,0.999,0.999,0.47582471814528315,0.6034794015455973,0.44641771125738083,0.0010000000000000009,Goal_B_retention,Goal B: maximize retention,2.0680978289057474,goal_adaptive_FB_controller
SplitMNIST_seed0_task3,SplitMNIST,digits,0,3,0.11840572901619742,0.13935579531224807,0.06773201240546381,0.2430181565392833,0.3337902830202953,0.3111632328036094,RC2O_static,0.995,0.999,0.999,0.48591338700338293,0.5950721774971809,0.46110950793753447,0.0010000000000000009,Goal_B_retention,Goal B: maximize retention,2.0726645596686124,goal_adaptive_FB_controller
SplitMNIST_seed0_task4,SplitMNIST,digits,0,4,0.18525204303982962,0.0723214737618836,0.09434468433861336,0.280087776258653,0.47024766294986736,0.28950346268958566,RC2O_static,0.9670028139547133,0.999,0.999,0.512951928131854,0.5725400598901217,0.4472954570163007,0.0010000000000000009,Goal_B_retention,Goal B: maximize retention,2.06175739288255,goal_adaptive_FB_controller
SplitMNIST_seed0_task5,SplitMNIST,digits,0,5,0.13838087749215947,0.1017541802655163,0.07917179012981182,0.291401737769978,0.5356209470768569,0.24491673230835093,RC2O_static,0.995,0.999,0.9937010351340054,0.5100430647019822,0.5749641127483481,0.4343113911290509,0.0010000000000000009,Goal_B_retention,Goal B: maximize retention,2.0671247070472245,goal_adaptive_FB_controller
SplitMNIST_seed1_task1,SplitMNIST,digits,1,1,0.1412010818066855,0.06742883692384186,0.03662732449902006,0.2533001818547762,0.2753819666529619,0.2701761282379126,RC2O_static,0.9829696793503644,0.999,0.999,0.477229832812594,0.6023084726561716,0.4569838479477444,0.0010000000000000009,Goal_B_retention,Goal B: maximize retention,2.0690047122326924,goal_adaptive_FB_controller
SplitMNIST_seed1_task2,SplitMNIST,digits,1,2,0.16244999488984335,0.10986911560568266,0.10217055774717239,0.26280959472266235,0.36817537936074735,0.33808761072364724,RC2O_static,0.9759725384630873,0.999,0.999,0.4992147148287318,0.5839877376427235,0.47715588506657436,0.0010000000000000009,Goal_B_retention,Goal B: maximize retention,2.0680067369277197,goal_adaptive_FB_controller
SplitMNIST_seed1_task3,SplitMNIST,digits,1,3,0.1840498088315293,0.09953857297524371,0.09774200012531535,0.2699265100771329,0.38713672990923864,0.2684318691796249,RC2O_static,0.9708819600875236,0.999,0.999,0.5134661766753424,0.5721115194372146,0.4553325582168608,0.0010000000000000009,Goal_B_retention,Goal B: maximize retention,2.063703419819804,goal_adaptive_FB_controller
SplitMNIST_seed1_task4,SplitMNIST,digits,1,4,0.20195450084444358,0.07471616778281728,0.18807453512544722,0.28107126478444927,0.5047457731895469,0.2615865195679625,RC2O_static,0.9763088801274244,0.999,0.9827124794349498,0.512110167084974,0.5732415274291882,0.4570354724206025,0.0010000000000000009,Goal_B_retention,Goal B: maximize retention,2.0598576554539796,goal_adaptive_FB_controller
SplitMNIST_seed1_task5,SplitMNIST,digits,1,5,0.1692596978520151,0.1300871711100096,0.04376918222847759,0.28291567121049416,0.5532403417290499,0.2833544591222786,RC2O_static,0.9823032531475666,0.999,0.999,0.520751683002246,0.566040264164795,0.4681216563867693,0.0010000000000000009,Goal_B_retention,Goal B: maximize retention,2.0681051547911866,goal_adaptive_FB_controller
SplitMNIST_seed2_task1,SplitMNIST,digits,2,1,0.1507801433555985,0.10143014859189539,0.10364652376207192,0.25143092818134644,0.25052565757441186,0.29300366907885467,RC2O_static,0.9897530695884635,0.999,0.999,0.4651442562003182,0.6123797864997349,0.48260069947804685,0.0010000000000000009,Goal_B_retention,Goal B: maximize retention,2.0741049801493308,goal_adaptive_FB_controller
SplitMNIST_seed2_task2,SplitMNIST,digits,2,2,0.1365161113011586,0.14243491765981306,0.09481523943490536,0.2925785030959676,0.37966421567921416,0.32895464078270453,RC2O_static,0.995,0.999,0.999,0.4889692986124722,0.5925255844896065,0.4886044287841418,0.0010000000000000009,Goal_B_retention,Goal B: maximize retention,2.0752867221028946,goal_adaptive_FB_controller
SplitMNIST_seed2_task3,SplitMNIST,digits,2,3,0.13105550003207225,0.09982958088337249,0.09302547359785406,0.2506102464554514,0.44921137140839845,0.28391218910984756,RC2O_static,0.995,0.999,0.999,0.5001006973561064,0.5832494188699113,0.45315946696926934,0.0010000000000000009,Goal_B_retention,Goal B: maximize retention,2.0712784176404226,goal_adaptive_FB_controller
SplitMNIST_seed2_task4,SplitMNIST,digits,2,4,0.13738382373373115,0.10924384599934318,0.13620155681204676,0.2830131575003036,0.4605991464890704,0.2603136777211199,RC2O_static,0.995,0.999,0.9928611214927299,0.48752268745688976,0.5937310937859253,0.4418947467763412,0.0010000000000000009,Goal_B_retention,Goal B: maximize retention,2.068527421889386,goal_adaptive_FB_controller
SplitMNIST_seed2_task5,SplitMNIST,digits,2,5,0.16578543635245707,0.08656289809072543,0.0703648019899094,0.23910474420137484,0.5305612994085463,0.22195612573013107,RC2O_static,0.995,0.999,0.999,0.5236843330536239,0.56359638912198,0.43425293335286375,0.0010000000000000009,Goal_B_retention,Goal B: maximize retention,2.0684051127913854,goal_adaptive_FB_controller
SplitMNIST_seed3_task1,SplitMNIST,digits,3,1,0.1506632545106428,0.051252823767483156,0.09347500297465011,0.2663096168897839,0.36583140828415367,0.22791095413219348,RC2O_static,0.995,0.999,0.999,0.49016251874131167,0.5915312343822403,0.4307389316607966,0.0010000000000000009,Goal_B_retention,Goal B: maximize retention,2.069450454885192,goal_adaptive_FB_controller
SplitMNIST_seed3_task2,SplitMNIST,digits,3,2,0.13675075086255742,0.057184235027194705,0.05831276647795754,0.16021185444298736,0.43217052373132453,0.2908222407611112,RC2O_static,0.995,0.999,0.999,0.48807622876334034,0.5932698093638831,0.45708924240546056,0.0010000000000000009,Goal_B_retention,Goal B: maximize retention,2.0721724147087404,goal_adaptive_FB_controller
SplitMNIST_seed3_task3,SplitMNIST,digits,3,3,0.16683666644527684,0.07627813675509686,0.08980183747034003,0.2641977950762912,0.39167424736590345,0.33996601621344635,RC2O_static,0.9794939726614009,0.999,0.999,0.49656209289504194,0.5861982559207983,0.46915761179572824,0.0010000000000000009,Goal_B_retention,Goal B: maximize retention,2.068373865774033,goal_adaptive_FB_controller
SplitMNIST_seed3_task4,SplitMNIST,digits,3,4,0.1301762160289187,0.08363897531116124,0.07176139327012726,0.22768453227743934,0.43658567785474145,0.2409032694790533,RC2O_static,0.9930990952172536,0.999,0.9956301175811131,0.49731560923042495,0.5855703256413125,0.44870790861272203,0.0010000000000000009,Goal_B_retention,Goal B: maximize retention,2.0691995768619034,goal_adaptive_FB_controller
SplitMNIST_seed3_task5,SplitMNIST,digits,3,5,0.14837249583142043,0.08208253559953144,0.07743446833286557,0.2624861674821214,0.5178328349345104,0.25367839861551705,RC2O_static,0.9873699417614876,0.999,0.999,0.5069934828759101,0.5775054309367416,0.445616914189657,0.0010000000000000009,Goal_B_retention,Goal B: maximize retention,2.0679479454942493,goal_adaptive_FB_controller
PermutedMNIST_seed0_task1,PermutedMNIST,digits,0,1,0.30620350844740607,0.21106340804060866,0.5252767818175056,0.5003298580041625,0.39079667592747497,0.44182189438722463,cost_saver,0.824600159625098,0.9244920491989618,0.8083469779764909,0.30912651247140766,0.7423945729404936,0.4197615801731031,0.07550795080103823,Goal_C_cost,Goal C: minimize cost,1.9409378650320304,goal_adaptive_FB_controller
PermutedMNIST_seed0_task2,PermutedMNIST,digits,0,2,0.3142711755917313,0.2868605979484679,0.612701949171781,0.5330519641142752,0.5065051799223501,0.48096093558145175,cost_saver,0.7943690193544553,0.9279691070029237,0.7904830379073128,0.3053408039826138,0.7455493300144884,0.4430410639174437,0.07203089299707632,Goal_C_cost,Goal C: minimize cost,1.9306717075486601,goal_adaptive_FB_controller
PermutedMNIST_seed0_task3,PermutedMNIST,digits,0,3,0.3234725104655376,0.24981202616291312,0.640758142906764,0.5314057959696514,0.5444085068720945,0.47794208042103453,cost_saver,0.8031264033579827,0.9184063334260937,0.7771876760056973,0.322601976181213,0.7311650198489892,0.4493531909431217,0.08159366657390632,Goal_C_cost,Goal C: minimize cost,1.909154113102097,goal_adaptive_FB_controller
PermutedMNIST_seed0_task4,PermutedMNIST,digits,0,4,0.32282837326154157,0.20964190399331073,0.6424089713039788,0.532052816126734,0.5340252447673753,0.36541191909343096,cost_saver,0.8205116777877633,0.9326704501367205,0.785746478761898,0.33197093757220325,0.7233575520231639,0.39690099090001413,0.06732954986327955,Goal_C_cost,Goal C: minimize cost,1.9083243265640928,goal_adaptive_FB_controller
PermutedMNIST_seed0_task5,PermutedMNIST,digits,0,5,0.35678682835845554,0.23502761334811392,0.7131178362041983,0.5830930474536621,0.5943984447707402,0.41900179837778556,cost_saver,0.7926372945835228,0.9201110981716201,0.7681887904888705,0.31705526499441467,0.7357872791713211,0.4275589076405135,0.07988890182837993,Goal_C_cost,Goal C: minimize cost,1.906841582190205,goal_adaptive_FB_controller
PermutedMNIST_seed1_task1,PermutedMNIST,digits,1,1,0.3210417234032721,0.2513543414975021,0.5150454782616497,0.4946254982190633,0.3762536837102827,0.44703333662785005,cost_saver,0.8052938284452368,0.9264658273231281,0.8075730374642185,0.30896220517256945,0.7425314956895255,0.4369409726441593,0.0735341726768719,Goal_C_cost,Goal C: minimize cost,1.9346501381747814,goal_adaptive_FB_controller
PermutedMNIST_seed1_task2,PermutedMNIST,digits,1,2,0.31306995848012326,0.2647169260343134,0.5039710459105972,0.5009038266173627,0.4969106352354117,0.5139940208212204,cost_saver,0.8137271490865386,0.9210265285903092,0.8076229510013323,0.31707925821472704,0.7357672848210608,0.4509401444560444,0.0789734714096908,Goal_C_cost,Goal C: minimize cost,1.9288220887999203,goal_adaptive_FB_controller
PermutedMNIST_seed1_task3,PermutedMNIST,digits,1,3,0.3463406319390595,0.23080609365980087,0.5907726257952066,0.5327731515677512,0.4725150457372488,0.4709169165108234,cost_saver,0.8038064165068753,0.9163149974674615,0.7954675263772212,0.32889752375738146,0.7259187302021821,0.4306938006160509,0.08368500253253852,Goal_C_cost,Goal C: minimize cost,1.9043496839705618,goal_adaptive_FB_controller
PermutedMNIST_seed1_task4,PermutedMNIST,digits,1,4,0.34234954901552295,0.2300218736109157,0.6576161305897169,0.5786080759254457,0.5343438022162803,0.48260954030143677,cost_saver,0.8032068855204497,0.919277488963756,0.7801359988558589,0.3133829071958716,0.7388475773367736,0.4215003501433431,0.08072251103624395,Goal_C_cost,Goal C: minimize cost,1.9178184837544605,goal_adaptive_FB_controller
PermutedMNIST_seed1_task5,PermutedMNIST,digits,1,5,0.3209297170788323,0.2917281388036251,0.654555480115323,0.5521461113558415,0.5843251734683311,0.480321285346126,cost_saver,0.8082325009513743,0.9082671525202466,0.7816563304048576,0.3270802767619545,0.7274331026983712,0.43738568524663285,0.09173284747975341,Goal_C_cost,Goal C: minimize cost,1.9027854685788836,goal_adaptive_FB_controller
PermutedMNIST_seed2_task1,PermutedMNIST,digits,2,1,0.35564727080584174,0.2700683468630563,0.5196930200663868,0.5310528670180544,0.4328877374827303,0.4748950457832441,cost_saver,0.8076397761051349,0.9207188062497178,0.8020435203152014,0.3196580026129079,0.7336183311559101,0.4376860149039456,0.0792811937502822,Goal_C_cost,Goal C: minimize cost,1.9203537100643855,goal_adaptive_FB_controller
PermutedMNIST_seed2_task2,PermutedMNIST,digits,2,2,0.2930926218820866,0.26513863182659847,0.538288909866798,0.47181237922283215,0.42558731343906153,0.46164923669534397,cost_saver,0.8075938862317842,0.9252595840383123,0.8069783608568757,0.30214551347951935,0.7482120721004005,0.4336272427195126,0.07474041596168768,Goal_C_cost,Goal C: minimize cost,1.942451715039423,goal_adaptive_FB_controller
PermutedMNIST_seed2_task3,PermutedMNIST,digits,2,3,0.3603518485788121,0.25801184558844326,0.5608335648905618,0.5697349258848045,0.5285975825049662,0.4010021556687567,cost_saver,0.7967192127371475,0.9136786640895108,0.8039830950223139,0.31890867260666667,0.7342427728277778,0.4213277047471515,0.08632133591048918,Goal_C_cost,Goal C: minimize cost,1.9126674657108391,goal_adaptive_FB_controller
PermutedMNIST_seed2_task4,PermutedMNIST,digits,2,4,0.3381023515310466,0.20095131843887665,0.6350835055932001,0.5750952786046599,0.5526345683387371,0.5301728148520302,cost_saver,0.7865125881902095,0.9250592057063075,0.800735510926251,0.3219713828604995,0.7316905142829171,0.4602010604564315,0.07494079429369249,Goal_C_cost,Goal C: minimize cost,1.911687564741946,goal_adaptive_FB_controller
PermutedMNIST_seed2_task5,PermutedMNIST,digits,2,5,0.3313433139057956,0.23689558228135443,0.7452047422217002,0.6080564239666443,0.5906853038024131,0.43953071997894394,cost_saver,0.813057312666058,0.9116200076508966,0.7556344113815898,0.3354581439866603,0.720451546677783,0.4200034127826694,0.08837999234910343,Goal_C_cost,Goal C: minimize cost,1.8884613255162113,goal_adaptive_FB_controller
PermutedMNIST_seed3_task1,PermutedMNIST,digits,3,1,0.33820233143031536,0.2809247648164643,0.47705112182143433,0.5320313038262525,0.39011132638679985,0.4431487645799913,cost_saver,0.7972662518040456,0.9232760730253555,0.8102901982332888,0.32193773167773826,0.731718556935218,0.42218548763453123,0.07672392697464447,Goal_C_cost,Goal C: minimize cost,1.9145275890550146,goal_adaptive_FB_controller
PermutedMNIST_seed3_task2,PermutedMNIST,digits,3,2,0.3163806725460198,0.2374960641389353,0.5385106474188486,0.48647631698650673,0.4999662612562959,0.4528345448482969,cost_saver,0.8085680805503015,0.9253643864941741,0.8011358285819928,0.2971499791211536,0.7523750173990387,0.4304971091295595,0.07463561350582593,Goal_C_cost,Goal C: minimize cost,1.946773113067753,goal_adaptive_FB_controller
PermutedMNIST_seed3_task3,PermutedMNIST,digits,3,3,0.34279688810331904,0.24582614497010352,0.577326445043787,0.5261246923527113,0.4804510033862693,0.47298241903196353,cost_saver,0.8044058413501406,0.9320039097394742,0.8081573543501898,0.3271384055082382,0.7273846620764681,0.4371276961745127,0.06799609026052578,Goal_C_cost,Goal C: minimize cost,1.91590539902461,goal_adaptive_FB_controller
PermutedMNIST_seed3_task4,PermutedMNIST,digits,3,4,0.3165708272487415,0.23899488927315304,0.6624530778215765,0.5363207462165485,0.5213040345215337,0.48328901683844755,cost_saver,0.8008545472796079,0.9248833728469699,0.7855471644859996,0.315384942672241,0.7371792144397992,0.4391957450616857,0.07511662715303014,Goal_C_cost,Goal C: minimize cost,1.9195920318936603,goal_adaptive_FB_controller
PermutedMNIST_seed3_task5,PermutedMNIST,digits,3,5,0.32596861601809224,0.30300780528121535,0.7023007379586476,0.5412449131739672,0.6181700482645692,0.4607824695332994,cost_saver,0.795148303326364,0.9209050395295365,0.7629536844617796,0.329335712296935,0.7255535730858875,0.4426571226818625,0.0790949604704635,Goal_C_cost,Goal C: minimize cost,1.894634957381781,goal_adaptive_FB_controller
RotatedMNIST_seed0_task1,RotatedMNIST,digits,0,1,0.3146463308271441,0.3200415082748845,0.4499043764199615,0.46608603500679896,0.38304810754680935,0.5089663714789666,cost_saver,0.8066590075311131,0.9326925458377905,0.813083315158913,0.30385785161426143,0.7467851236547821,0.46857623584014696,0.06730745416220951,Goal_C_cost,Goal C: minimize cost,1.9477273137399265,goal_adaptive_FB_controller
RotatedMNIST_seed0_task2,RotatedMNIST,digits,0,2,0.30585475540657026,0.3490682138047014,0.47873358958863993,0.47270523306366846,0.3567686524257889,0.5346692773775623,cost_saver,0.8093107384295952,0.9273798935411475,0.8167738341632274,0.31287791922963404,0.7392684006419716,0.47759395129301746,0.07262010645885253,Goal_C_cost,Goal C: minimize cost,1.9387379895694898,goal_adaptive_FB_controller
RotatedMNIST_seed0_task3,RotatedMNIST,digits,0,3,0.29555749646793283,0.29057310098826605,0.5643342902529968,0.5297858529819985,0.4284624317107788,0.5499321099797583,cost_saver,0.8194254285914127,0.9268673432260597,0.7909785212862827,0.2912600816850155,0.757283265262487,0.4580072197712108,0.07313265677394032,Goal_C_cost,Goal C: minimize cost,1.9590227733983057,goal_adaptive_FB_controller
RotatedMNIST_seed0_task4,RotatedMNIST,digits,0,4,0.316903101454213,0.3084488885698326,0.5559602735186167,0.4864588889082124,0.6036367545600482,0.5120282468618095,cost_saver,0.8056871202937428,0.9296195474212889,0.790554960873006,0.31794439727739854,0.7350463356021679,0.4580720300066139,0.07038045257871106,Goal_C_cost,Goal C: minimize cost,1.923684542011475,goal_adaptive_FB_controller
RotatedMNIST_seed0_task5,RotatedMNIST,digits,0,5,0.3389213900699279,0.29718176813105585,0.6149772522652208,0.5507819143121175,0.6270009190222688,0.4830783468026229,cost_saver,0.808377019636281,0.9176811760474987,0.7888568442854994,0.32393828147106307,0.7300514321074474,0.45187419098234993,0.08231882395250134,Goal_C_cost,Goal C: minimize cost,1.9129291339676149,goal_adaptive_FB_controller
RotatedMNIST_seed1_task1,RotatedMNIST,digits,1,1,0.2906920235384069,0.28477477584893685,0.42585316826160313,0.42793214578729544,0.3817029377995565,0.469784728151274,cost_saver,0.8061443807207214,0.9331649558530138,0.8207040980704641,0.2927567675929714,0.7560360270058571,0.4355942177432715,0.06683504414698616,Goal_C_cost,Goal C: minimize cost,1.95875678862273,goal_adaptive_FB_controller
RotatedMNIST_seed1_task2,RotatedMNIST,digits,1,2,0.3265682319593292,0.2789012436695616,0.5441066649648169,0.5538402914421798,0.4996565756466801,0.5012156463283127,cost_saver,0.798785482218199,0.9192941607196301,0.7951396911363107,0.32117009697010723,0.7323582525249106,0.47509729824058416,0.0807058392803699,Goal_C_cost,Goal C: minimize cost,1.9161847167668256,goal_adaptive_FB_controller
RotatedMNIST_seed1_task3,RotatedMNIST,digits,1,3,0.32670573425184485,0.32451877748576796,0.4869325951830318,0.4963206837439743,0.5159352054760277,0.6044239330605587,cost_saver,0.7982576110367006,0.9375367474667606,0.8058668516637124,0.3173937991628423,0.735505167364298,0.5009408451594616,0.062463252533239366,Goal_C_cost,Goal C: minimize cost,1.9318465599535581,goal_adaptive_FB_controller
RotatedMNIST_seed1_task4,RotatedMNIST,digits,1,4,0.29016477051897926,0.3143753478234113,0.559948835798045,0.5234075399151786,0.5205772712950277,0.5441774823084808,cost_saver,0.8343768541284486,0.9294014612242677,0.7948517227007508,0.3074842648111147,0.7437631126574045,0.46766956800915177,0.0705985387757323,Goal_C_cost,Goal C: minimize cost,1.9503201853498946,goal_adaptive_FB_controller
RotatedMNIST_seed1_task5,RotatedMNIST,digits,1,5,0.35676060850946123,0.2875568893258405,0.7002950742487211,0.5671393659994899,0.568213593706577,0.49832062388410486,cost_saver,0.79920730788276,0.931176343728512,0.7798640929415689,0.3205216864731309,0.7328985946057243,0.45970608382997963,0.06882365627148801,Goal_C_cost,Goal C: minimize cost,1.9159047431883391,goal_adaptive_FB_controller
RotatedMNIST_seed2_task1,RotatedMNIST,digits,2,1,0.29905518199764436,0.24021535026139512,0.4189602067701992,0.43305401150068684,0.39140195709833486,0.4965692580761236,cost_saver,0.8259817548348594,0.9445529838680673,0.8275842147153336,0.3070872621879661,0.7440939481766948,0.457094960866465,0.0554470161319327,Goal_C_cost,Goal C: minimize cost,1.9594177138335283,goal_adaptive_FB_controller
RotatedMNIST_seed2_task2,RotatedMNIST,digits,2,2,0.30634692278281694,0.29474536505159943,0.49925974012136975,0.4582301474189383,0.3849378045078447,0.599756383213272,cost_saver,0.8248858856385344,0.9224780900408666,0.8158323436525314,0.3054784121870912,0.7454346565107572,0.4928287049846368,0.07752190995913344,Goal_C_cost,Goal C: minimize cost,1.9536437227527625,goal_adaptive_FB_controller
RotatedMNIST_seed2_task3,RotatedMNIST,digits,2,3,0.38369785565266634,0.2562452672010205,0.5218404293164506,0.6161409794628477,0.5144939908682541,0.47947962233296765,cost_saver,0.7992666351140105,0.9212374380136216,0.8056654734910422,0.340219372318684,0.7164838564010967,0.45489586875647253,0.07876256198637843,Goal_C_cost,Goal C: minimize cost,1.8962622504959608,goal_adaptive_FB_controller
RotatedMNIST_seed2_task4,RotatedMNIST,digits,2,4,0.3055541788029402,0.33533133754924893,0.639310383173817,0.5548312180807138,0.5475193705356831,0.5446682920014587,cost_saver,0.8148421537243467,0.9099056350280896,0.7850151383634665,0.3169318667535347,0.735890111038721,0.4781987338739138,0.09009436497191037,Goal_C_cost,Goal C: minimize cost,1.9226712493163187,goal_adaptive_FB_controller
RotatedMNIST_seed2_task5,RotatedMNIST,digits,2,5,0.29712818802523316,0.2651522475836035,0.6546767615313087,0.556483192363537,0.604278561938093,0.4555226574406656,cost_saver,0.8168232565366794,0.9136395977444546,0.7850584467668709,0.3148654412750467,0.7376121322707945,0.4416687801298664,0.08636040225554542,Goal_C_cost,Goal C: minimize cost,1.9235521929223418,goal_adaptive_FB_controller
RotatedMNIST_seed3_task1,RotatedMNIST,digits,3,1,0.3029037128036037,0.29056326059711496,0.47546407004769914,0.47774386648937417,0.3609400408615923,0.5413663043500635,cost_saver,0.8144781692199932,0.9247899194676963,0.8096739173781877,0.30514161242589694,0.7457153229784192,0.4698535204226425,0.07521008053230371,Goal_C_cost,Goal C: minimize cost,1.946311165370368,goal_adaptive_FB_controller
RotatedMNIST_seed3_task2,RotatedMNIST,digits,3,2,0.31576017905722253,0.2996404270355048,0.462726638388594,0.49017464301821867,0.4534941957815557,0.4749552219224912,cost_saver,0.8117440725602894,0.923779846824131,0.8104849889460102,0.3125051428145423,0.7395790476545481,0.44881067508568145,0.07622015317586905,Goal_C_cost,Goal C: minimize cost,1.9345418081192867,goal_adaptive_FB_controller
RotatedMNIST_seed3_task3,RotatedMNIST,digits,3,3,0.34210064666858203,0.3093952732217573,0.5523529067279033,0.5839346555337048,0.451950279105784,0.5162106731189404,cost_saver,0.8066347225952893,0.9138191553329319,0.7968493981749827,0.33118931469237367,0.7240089044230219,0.4636925905053255,0.0861808446670681,Goal_C_cost,Goal C: minimize cost,1.905815959099764,goal_adaptive_FB_controller
RotatedMNIST_seed3_task4,RotatedMNIST,digits,3,4,0.32782505660321964,0.2986335411465836,0.6132480062628524,0.5762849925621533,0.5109095173562921,0.5110074590294308,cost_saver,0.7962627039839982,0.9260137727267157,0.7823303957196531,0.31986322605108164,0.7334473116240986,0.4620432690847647,0.0739862272732843,Goal_C_cost,Goal C: minimize cost,1.9143638337780726,goal_adaptive_FB_controller
RotatedMNIST_seed3_task5,RotatedMNIST,digits,3,5,0.3170229423881547,0.2775590303032716,0.6323835997492148,0.5174897899945093,0.6105073075954186,0.5261643801316539,cost_saver,0.8068896424570448,0.9173796862728577,0.7887484941470979,0.33277431384340816,0.7226880717971598,0.4589381925314801,0.08262031372714229,Goal_C_cost,Goal C: minimize cost,1.9028930690172585,goal_adaptive_FB_controller
SVHNContinual_seed0_task1,SVHNContinual,digits-real,0,1,0.5907885437820896,0.48600740830339945,0.4872015484154762,0.6489232905809461,0.43056991716068865,0.7045170752924451,cost_saver,0.7353758560264162,0.9103988846747502,0.8019114176892707,0.3869417261271961,0.67754856156067,0.5541344318001651,0.08960111532524984,Goal_C_cost,Goal C: minimize cost,1.8201406005572887,goal_adaptive_FB_controller
SVHNContinual_seed0_task2,SVHNContinual,digits-real,0,2,0.582384810889269,0.47937970924600243,0.5039061394990499,0.6511932332451321,0.5653672581963015,0.6453525879162197,cost_saver,0.7335403736030703,0.9091949952507241,0.7859265000088018,0.3946781127290343,0.6711015727258047,0.5270673541903188,0.09080500474927589,Goal_C_cost,Goal C: minimize cost,1.8034869000602038,goal_adaptive_FB_controller
SVHNContinual_seed0_task3,SVHNContinual,digits-real,0,3,0.5706976280268954,0.48040529130484205,0.5947552598045589,0.702894158359452,0.6726127984293899,0.694507388895887,cost_saver,0.7236281562165411,0.9001819648506592,0.7813755696028126,0.39994100584358633,0.666715828463678,0.5621979411121005,0.09981803514934084,Goal_C_cost,Goal C: minimize cost,1.7923264129330527,goal_adaptive_FB_controller
SVHNContinual_seed0_task4,SVHNContinual,digits-real,0,4,0.6116274021384005,0.48522090363929393,0.6404280030619915,0.6883902639860887,0.6897716641259805,0.6590538305720246,cost_saver,0.7252911859826505,0.920671110851893,0.771249502080876,0.3960605826873459,0.6699495144272117,0.5355228425891957,0.07932888914810698,Goal_C_cost,Goal C: minimize cost,1.7994124267462297,goal_adaptive_FB_controller
SVHNContinual_seed0_task5,SVHNContinual,digits-real,0,5,0.5924111433657719,0.4898963087480462,0.6122421565009929,0.7283905902376918,0.7335259322757786,0.626666038150048,cost_saver,0.7120686964095502,0.9190724811364189,0.7684389439591932,0.41563690332918624,0.6536359138923448,0.5335415209134138,0.08092751886358107,Goal_C_cost,Goal C: minimize cost,1.7699786536178495,goal_adaptive_FB_controller
SVHNContinual_seed1_task1,SVHNContinual,digits-real,1,1,0.6031366885636421,0.4732479189147264,0.39831940376209096,0.635248138004372,0.5116579205083807,0.7142319997056367,cost_saver,0.7010251278125132,0.9140195015015624,0.8076397308980473,0.40098552095503437,0.665845399204138,0.5555708369038534,0.08598049849843759,Goal_C_cost,Goal C: minimize cost,1.7917264383816613,goal_adaptive_FB_controller
SVHNContinual_seed1_task2,SVHNContinual,digits-real,1,2,0.5860008705986327,0.46468216528598055,0.5558026677902348,0.6741227598033842,0.5761773171410235,0.6649684074015767,cost_saver,0.7299047553678314,0.9161446354135738,0.7805672460093763,0.3911569413225097,0.6740358822312419,0.5320589756093689,0.08385536458642617,Goal_C_cost,Goal C: minimize cost,1.8074039123857326,goal_adaptive_FB_controller
SVHNContinual_seed1_task3,SVHNContinual,digits-real,1,3,0.6164853751164437,0.5207570971588229,0.5476872805723473,0.6276024382509342,0.6201201942979018,0.7058778860762227,cost_saver,0.7322716444384813,0.9163236902852396,0.7948902775868092,0.41056518104969353,0.6578623491252553,0.5623507432844507,0.08367630971476037,Goal_C_cost,Goal C: minimize cost,1.7933073466413925,goal_adaptive_FB_controller
SVHNContinual_seed1_task4,SVHNContinual,digits-real,1,4,0.5603237787616734,0.5023999556018484,0.6071717971843381,0.6421228253161184,0.678624187247489,0.6720337546464061,cost_saver,0.7170691391883897,0.9074157633519773,0.7845255250070811,0.3883492845158201,0.6763755962368165,0.547318343735707,0.09258423664802273,Goal_C_cost,Goal C: minimize cost,1.8042469003530106,goal_adaptive_FB_controller
SVHNContinual_seed1_task5,SVHNContinual,digits-real,1,5,0.5903521956629811,0.4691885850278141,0.6312688681712095,0.7002632692622633,0.7576513044512806,0.726902149280249,cost_saver,0.7291047387934958,0.9148710277761619,0.765515928255289,0.41663481300631156,0.6528043224947404,0.5656731177194763,0.08512897222383808,Goal_C_cost,Goal C: minimize cost,1.7775341213823992,goal_adaptive_FB_controller
SVHNContinual_seed2_task1,SVHNContinual,digits-real,2,1,0.5633665041161232,0.49161761621344774,0.41842074233600424,0.6137620287423091,0.530404015444869,0.7436268985579215,cost_saver,0.724806641932948,0.9133961616490021,0.812310515796088,0.3880103494365809,0.6766580421361825,0.5777484749448771,0.08660383835099794,Goal_C_cost,Goal C: minimize cost,1.8201924787743335,goal_adaptive_FB_controller
SVHNContinual_seed2_task2,SVHNContinual,digits-real,2,2,0.5494469091915636,0.4769299570497869,0.48815515982766144,0.6324788526817721,0.5090973516548516,0.7138743559923201,cost_saver,0.7399982172090043,0.9216760163571297,0.7898732482444208,0.386828800821252,0.6776426659822901,0.5584663652361685,0.0783239836428703,Goal_C_cost,Goal C: minimize cost,1.823718351129861,goal_adaptive_FB_controller
SVHNContinual_seed2_task3,SVHNContinual,digits-real,2,3,0.5916505508407276,0.5393765274060061,0.5405137326594532,0.6652699218870556,0.5686688851089744,0.6778270285155533,cost_saver,0.7187968235292416,0.9173111791553642,0.7878235939707608,0.3948049059448094,0.6709959117126588,0.5582136440146239,0.0826888208446358,Goal_C_cost,Goal C: minimize cost,1.8031392269987783,goal_adaptive_FB_controller
SVHNContinual_seed2_task4,SVHNContinual,digits-real,2,4,0.6054168524096235,0.4402486173425707,0.584809549447483,0.7169600676696432,0.6859853563238327,0.7320834963577217,cost_saver,0.7083409818433362,0.9128960729614729,0.7773430406822882,0.40588996548507406,0.6617583620957717,0.5701105173635266,0.0871039270385271,Goal_C_cost,Goal C: minimize cost,1.7829876681022332,goal_adaptive_FB_controller
SVHNContinual_seed2_task5,SVHNContinual,digits-real,2,5,0.5637446887187041,0.4828944407860259,0.6659409216932358,0.7199501451213391,0.7321347609083925,0.7182448902972433,cost_saver,0.7324107304071185,0.9068699460150688,0.7511822282696139,0.40959022397622524,0.6586748133531456,0.5549342360998313,0.09313005398493124,Goal_C_cost,Goal C: minimize cost,1.7794892884926106,goal_adaptive_FB_controller
SVHNContinual_seed3_task1,SVHNContinual,digits-real,3,1,0.5885276027343417,0.5255634763903307,0.4735920942558293,0.5890322373711214,0.48892911555075597,0.7384753591482194,cost_saver,0.7246722368045181,0.916705865656704,0.7951735702222092,0.38879000614078846,0.6760083282160096,0.5729517889401781,0.08329413434329602,Goal_C_cost,Goal C: minimize cost,1.8156493740830628,goal_adaptive_FB_controller
SVHNContinual_seed3_task2,SVHNContinual,digits-real,3,2,0.5312992378853533,0.48331550928341127,0.5268746051361451,0.6481753452424809,0.5678061738956911,0.6771894856462664,cost_saver,0.731512877658905,0.9151229209490622,0.7975265032995577,0.37266415315857004,0.689446539034525,0.5433416624705667,0.08487707905093778,Goal_C_cost,Goal C: minimize cost,1.833942437047234,goal_adaptive_FB_controller
SVHNContinual_seed3_task3,SVHNContinual,digits-real,3,3,0.6199003082925738,0.5260286416829557,0.5138324577948258,0.6356716765535357,0.6578974816959147,0.7543962014181311,cost_saver,0.7080433616179885,0.9068798274133305,0.7826320362392665,0.4182628480682487,0.6514476266097927,0.5920258630348758,0.09312017258666949,Goal_C_cost,Goal C: minimize cost,1.7703423436092849,goal_adaptive_FB_controller
SVHNContinual_seed3_task4,SVHNContinual,digits-real,3,4,0.5968339211545671,0.45916904574950496,0.6064680358732583,0.6794767137165842,0.7005671986397475,0.7613295657454036,cost_saver,0.7326959360576192,0.9059907999701501,0.7760067238772997,0.3963987138877882,0.6696677384268432,0.5727363576812547,0.09400920002984992,Goal_C_cost,Goal C: minimize cost,1.80213671482917,goal_adaptive_FB_controller
SVHNContinual_seed3_task5,SVHNContinual,digits-real,3,5,0.5538472915296347,0.5104367430075032,0.6414489593322754,0.6591043076622055,0.6684104074974251,0.7032288967191191,cost_saver,0.7241734263115812,0.9041637974724626,0.7624069585103586,0.39845799573406354,0.6679516702216137,0.565097235662606,0.09583620252753744,Goal_C_cost,Goal C: minimize cost,1.7911815889486022,goal_adaptive_FB_controller
SplitCIFAR100Coarse_seed0_task1,SplitCIFAR100Coarse,natural-images,0,1,0.7891440889045508,0.6550693630389074,0.4404313897209378,0.7220676082286035,0.6244076210190063,0.9984088392064309,cost_saver,0.6594473400298311,0.9136498023052423,0.7869357639835738,0.45789883045043034,0.618417641291308,0.6896526203089416,0.08635019769475771,Goal_C_cost,Goal C: minimize cost,1.7170917525903124,goal_adaptive_FB_controller
SplitCIFAR100Coarse_seed0_task2,SplitCIFAR100Coarse,natural-images,0,2,0.8370038088674012,0.6705661471532373,0.4354246031941269,0.8119930352228502,0.5938712504143434,0.9879015943091742,cost_saver,0.6445215771388586,0.8981154897451576,0.7985330431003016,0.464688882578025,0.6127592645183124,0.6864759857475227,0.10188451025484235,Goal_C_cost,Goal C: minimize cost,1.6997211855223138,goal_adaptive_FB_controller
SplitCIFAR100Coarse_seed0_task3,SplitCIFAR100Coarse,natural-images,0,3,0.7519233787273665,0.6888454773930675,0.5027827072170505,0.7533388778681649,0.6897732714847741,0.9340123684663801,cost_saver,0.6671835981204144,0.8978423324153761,0.7757685029576132,0.4468452075153032,0.6276289937372472,0.6483667070271572,0.10215766758462386,Goal_C_cost,Goal C: minimize cost,1.7203458746637128,goal_adaptive_FB_controller
SplitCIFAR100Coarse_seed0_task4,SplitCIFAR100Coarse,natural-images,0,4,0.8029460515928258,0.6693333139351509,0.5525307134709384,0.8379991311555857,0.7794374539500976,0.9236748638044845,cost_saver,0.6361384723847867,0.9089785145871301,0.7746846963736111,0.46977841393157593,0.6085179883903533,0.6645523182411873,0.09102148541286992,Goal_C_cost,Goal C: minimize cost,1.686030482923148,goal_adaptive_FB_controller
SplitCIFAR100Coarse_seed0_task5,SplitCIFAR100Coarse,natural-images,0,5,0.7757683300593559,0.681560986747505,0.6234940788336261,0.7965117729626255,0.7826339626856182,0.9388151790198968,cost_saver,0.6539258643011516,0.9014683893879177,0.7533861642820114,0.4512062467749687,0.6239947943541928,0.658895427819467,0.09853161061208227,Goal_C_cost,Goal C: minimize cost,1.7064096314518993,goal_adaptive_FB_controller
SplitCIFAR100Coarse_seed1_task1,SplitCIFAR100Coarse,natural-images,1,1,0.7691142062934752,0.6985454725455252,0.352806142848499,0.7414296450316046,0.6114983021682535,0.9177840209929593,cost_saver,0.6656984091221309,0.9062854757289466,0.8055031399586611,0.4341227392896535,0.6382310505919554,0.6608930316128353,0.09371452427105342,Goal_C_cost,Goal C: minimize cost,1.7458412070601788,goal_adaptive_FB_controller
SplitCIFAR100Coarse_seed1_task2,SplitCIFAR100Coarse,natural-images,1,2,0.8131131115253547,0.6727614997841525,0.43902156199287384,0.7452575117226714,0.6623221628899711,0.9498368631491109,cost_saver,0.6537548129769369,0.9064238199147232,0.781784992982261,0.4522873968858132,0.623093835928489,0.6835830601907461,0.0935761800852768,Goal_C_cost,Goal C: minimize cost,1.716419235577875,goal_adaptive_FB_controller
SplitCIFAR100Coarse_seed1_task3,SplitCIFAR100Coarse,natural-images,1,3,0.7918281031699116,0.6931600126146504,0.5162677364520123,0.7243649381211288,0.7163780334006072,0.9975914102186239,cost_saver,0.6604788557983348,0.9190985235905771,0.7803019037456987,0.47610794649970195,0.6032433779169151,0.7160362933834705,0.08090147640942291,Goal_C_cost,Goal C: minimize cost,1.6999576338285598,goal_adaptive_FB_controller
SplitCIFAR100Coarse_seed1_task4,SplitCIFAR100Coarse,natural-images,1,4,0.79002626300174,0.6342717682706962,0.5014316793151644,0.7719438695355011,0.785331289664574,0.9448725395949185,cost_saver,0.6625603881877198,0.9092615325794562,0.7760287403194468,0.47002132529941815,0.6083155622504849,0.6577067198669632,0.09073846742054381,Goal_C_cost,Goal C: minimize cost,1.6973975771919962,goal_adaptive_FB_controller
SplitCIFAR100Coarse_seed1_task5,SplitCIFAR100Coarse,natural-images,1,5,0.7710723221501569,0.6594913764709285,0.5727920113514886,0.7489437563131799,0.7742575306729389,1.0,cost_saver,0.6557482300734742,0.9193363491152456,0.7690275182814347,0.46723497104166295,0.6106375241319475,0.6882541983235724,0.08066365088475436,Goal_C_cost,Goal C: minimize cost,1.7022973827042445,goal_adaptive_FB_controller
SplitCIFAR100Coarse_seed2_task1,SplitCIFAR100Coarse,natural-images,2,1,0.7809010999956233,0.7020395691474365,0.37977316069236355,0.7410627283934746,0.5701814880887224,0.9190468780122998,cost_saver,0.6546668546217683,0.9063002592388237,0.7959819741901417,0.4492934445508877,0.6255887962075936,0.6504000816673995,0.09369974076117626,Goal_C_cost,Goal C: minimize cost,1.7203855519079108,goal_adaptive_FB_controller
SplitCIFAR100Coarse_seed2_task2,SplitCIFAR100Coarse,natural-images,2,2,0.7268590118434352,0.6658653819845225,0.4985588187173504,0.7342935034705377,0.6817924365092294,0.8612412365328956,cost_saver,0.683577136129563,0.9031345298882245,0.7770767837824074,0.4472168807591216,0.6273192660340654,0.6229588811789283,0.09686547011177549,Goal_C_cost,Goal C: minimize cost,1.727152889928665,goal_adaptive_FB_controller
SplitCIFAR100Coarse_seed2_task3,SplitCIFAR100Coarse,natural-images,2,3,0.7629835268947399,0.6952627324404606,0.48484518505244173,0.7212045645047555,0.6907043340877023,1.0,cost_saver,0.6633203898975224,0.914815555555385,0.7918080435285506,0.4501213106735674,0.6248989077720271,0.683305225081094,0.08518444444461504,Goal_C_cost,Goal C: minimize cost,1.7285756787807534,goal_adaptive_FB_controller
SplitCIFAR100Coarse_seed2_task4,SplitCIFAR100Coarse,natural-images,2,4,0.809740989495605,0.6497017512715937,0.5346875795765424,0.7819835200817745,0.8176403667231928,0.9261845263853163,cost_saver,0.650125856299759,0.9040190344570677,0.7725030063319385,0.46959083174023436,0.608674306883138,0.6577269294496527,0.09598096554293234,Goal_C_cost,Goal C: minimize cost,1.6895720562150514,goal_adaptive_FB_controller
SplitCIFAR100Coarse_seed2_task5,SplitCIFAR100Coarse,natural-images,2,5,0.8266684095557615,0.6705958799598599,0.5564168615163934,0.7518494344203964,0.8630383594402056,0.8793962754653915,cost_saver,0.6438097820054238,0.9035340135280089,0.7637150174635317,0.48903857085009556,0.5924678576249204,0.6362889658417132,0.09646598647199112,Goal_C_cost,Goal C: minimize cost,1.6603405653809407,goal_adaptive_FB_controller
SplitCIFAR100Coarse_seed3_task1,SplitCIFAR100Coarse,natural-images,3,1,0.7246851542948537,0.6642819126679692,0.3797456973252263,0.6558755154960977,0.5452369976970267,0.9912891965369105,cost_saver,0.6789700721958974,0.9123395424273766,0.8051647563656481,0.43176921879735064,0.6401923176688744,0.6744764915838766,0.08766045757262342,Goal_C_cost,Goal C: minimize cost,1.7578538394405159,goal_adaptive_FB_controller
SplitCIFAR100Coarse_seed3_task2,SplitCIFAR100Coarse,natural-images,3,2,0.7798570251325917,0.6355350753962129,0.41745002713744617,0.6639768599788402,0.7251510320012058,0.9417048472445149,cost_saver,0.6675613711331222,0.9145150501844146,0.8023542369466142,0.46044192548115304,0.6162983954323724,0.6632754496080596,0.08548494981558541,Goal_C_cost,Goal C: minimize cost,1.7194018226056125,goal_adaptive_FB_controller
SplitCIFAR100Coarse_seed3_task3,SplitCIFAR100Coarse,natural-images,3,3,0.7857986424152088,0.6885323579339555,0.5136159980759754,0.7852830580575973,0.6778296745770466,0.9882214057836011,cost_saver,0.6554841431032922,0.9178711995185583,0.7830914420693291,0.46046442268372967,0.6162796477635586,0.6997599013477438,0.08212880048144167,Goal_C_cost,Goal C: minimize cost,1.7139491593608878,goal_adaptive_FB_controller
SplitCIFAR100Coarse_seed3_task4,SplitCIFAR100Coarse,natural-images,3,4,0.7590954001243444,0.7525382228300437,0.5208969715671715,0.7431629210946596,0.7574473497866683,0.9475228343480618,cost_saver,0.6531957343374235,0.8992336064698906,0.7797727698177541,0.4709974793145561,0.6075021005712032,0.6777677816601247,0.10076639353010941,Goal_C_cost,Goal C: minimize cost,1.6914912179509431,goal_adaptive_FB_controller
SplitCIFAR100Coarse_seed3_task5,SplitCIFAR100Coarse,natural-images,3,5,0.7987209979268307,0.6636399242406119,0.5632639290031075,0.7842879979320456,0.8356312274774824,0.9510333818817231,cost_saver,0.6516494681793417,0.8892671155717888,0.7769500609387967,0.47460496589634366,0.6044958617530469,0.6553355822623874,0.11073288442821116,Goal_C_cost,Goal C: minimize cost,1.675142471591661,goal_adaptive_FB_controller
SplitCIFAR10_seed0_task1,SplitCIFAR10,natural-images,0,1,0.5951231963401031,0.5642485168109856,0.369689596676834,0.5708510588190269,0.5682309930521252,0.8229390949639573,cost_saver,0.7218967388660945,0.922117548438213,0.8106690045257419,0.37773515555838233,0.685220703701348,0.6175130758815801,0.07788245156178697,Goal_C_cost,Goal C: minimize cost,1.8370611831595305,goal_adaptive_FB_controller
SplitCIFAR10_seed0_task2,SplitCIFAR10,natural-images,0,2,0.6409294866074664,0.5394724043628817,0.2768408068454159,0.5518869410178018,0.5972224096938984,0.7809047050536093,cost_saver,0.7158731092053232,0.9304952044112866,0.8295261131952052,0.4154414202156135,0.6537988164869888,0.5852637239615147,0.06950479558871336,Goal_C_cost,Goal C: minimize cost,1.7963525236387334,goal_adaptive_FB_controller
SplitCIFAR10_seed0_task3,SplitCIFAR10,natural-images,0,3,0.6409084803212819,0.5964730543019499,0.34629753266279356,0.6508863433033627,0.6587311995675998,0.8156240234387195,cost_saver,0.7069486329252722,0.9130505596533812,0.8118016507358294,0.4118122747442622,0.6568231043797814,0.6114363124313609,0.08694944034661878,Goal_C_cost,Goal C: minimize cost,1.7884998155348544,goal_adaptive_FB_controller
SplitCIFAR10_seed0_task4,SplitCIFAR10,natural-images,0,4,0.5878694360117495,0.5362476691695974,0.42808053014802955,0.6414781733222988,0.6354029073287497,0.8081779193625046,cost_saver,0.7080179883397785,0.9121327718114067,0.8108729394728397,0.3896638561180207,0.6752801199016494,0.6000813846789066,0.08786722818859327,Goal_C_cost,Goal C: minimize cost,1.8122091000902198,goal_adaptive_FB_controller
SplitCIFAR10_seed0_task5,SplitCIFAR10,natural-images,0,5,0.6341080583895364,0.5049368983136355,0.4713382031398682,0.6548650410983033,0.7603690150583142,0.8191969331606075,cost_saver,0.7121677403185264,0.9009896972811858,0.7932212077268698,0.41982833843401246,0.6501430513049896,0.5940589871779325,0.09901030271881417,Goal_C_cost,Goal C: minimize cost,1.7712261971029986,goal_adaptive_FB_controller
SplitCIFAR10_seed1_task1,SplitCIFAR10,natural-images,1,1,0.5896277139646589,0.5563696010624222,0.2948426931429208,0.6256854474364846,0.45306153223791623,0.7156946476662303,cost_saver,0.7241558010858709,0.9241966263415468,0.8303005674462114,0.38522991622460273,0.6789750698128311,0.5616870883243478,0.07580337365845324,Goal_C_cost,Goal C: minimize cost,1.829699124649493,goal_adaptive_FB_controller
SplitCIFAR10_seed1_task2,SplitCIFAR10,natural-images,1,2,0.6253031061571721,0.5887812447262923,0.27882544326857994,0.6106002449812726,0.6112840535218916,0.7929443735764788,cost_saver,0.7253401678653276,0.9218055945275174,0.8252878849078774,0.4083080929521805,0.6597432558731828,0.6075527273272487,0.07819440547248258,Goal_C_cost,Goal C: minimize cost,1.8067656730125197,goal_adaptive_FB_controller
SplitCIFAR10_seed1_task3,SplitCIFAR10,natural-images,1,3,0.6554451046891967,0.5882470330735468,0.4473537773161577,0.667943574963561,0.6110606447596912,0.7580463244379467,cost_saver,0.7068299845629588,0.9035519640162126,0.8021374234700751,0.406662462564987,0.6611146145291775,0.5905839671011408,0.09644803598378737,Goal_C_cost,Goal C: minimize cost,1.7864141626510284,goal_adaptive_FB_controller
SplitCIFAR10_seed1_task4,SplitCIFAR10,natural-images,1,4,0.6308233085156676,0.5878155453697678,0.3718970344032895,0.629110995507831,0.6733343965800674,0.7991907299821233,cost_saver,0.713102117572254,0.9183833835996961,0.8073962067025306,0.4184317087999678,0.6513069093333601,0.6024422548654684,0.08161661640030393,Goal_C_cost,Goal C: minimize cost,1.7836877419296235,goal_adaptive_FB_controller
SplitCIFAR10_seed1_task5,SplitCIFAR10,natural-images,1,5,0.6330664908622213,0.5496347766142244,0.45894260361929456,0.6498391324986418,0.6988371954646971,0.7767976022631671,cost_saver,0.7098790061884657,0.9132974390191272,0.7923139008799056,0.4045285470152011,0.6628928774873324,0.5910986596047104,0.08670256098087281,Goal_C_cost,Goal C: minimize cost,1.7911933822298503,goal_adaptive_FB_controller
SplitCIFAR10_seed2_task1,SplitCIFAR10,natural-images,2,1,0.661393144674172,0.5374582613657736,0.3086905319695931,0.6010293017472977,0.565551180590767,0.8651676801165903,cost_saver,0.7116659535040671,0.9368847747564881,0.8253984435320909,0.3973355295463345,0.668887058711388,0.6238171821548547,0.06311522524351187,Goal_C_cost,Goal C: minimize cost,1.819888208600483,goal_adaptive_FB_controller
SplitCIFAR10_seed2_task2,SplitCIFAR10,natural-images,2,2,0.5851627668696491,0.5232021127120186,0.33013044317168483,0.5981258369970281,0.5623650595625325,0.7264191142421776,cost_saver,0.7180554327404514,0.909956376488694,0.8134715209101068,0.397130797006304,0.6690576691614134,0.5773012191207743,0.09004362351130601,Goal_C_cost,Goal C: minimize cost,1.8059355320117583,goal_adaptive_FB_controller
SplitCIFAR10_seed2_task3,SplitCIFAR10,natural-images,2,3,0.6096594993657131,0.5145184151305742,0.35191651081777336,0.6223468321924149,0.5596230206377104,0.7759311084609678,cost_saver,0.72306654768876,0.9200891508322804,0.8122892700887133,0.4000594107557859,0.6666171577035118,0.5806645330018405,0.07991084916771962,Goal_C_cost,Goal C: minimize cost,1.8084830829733436,goal_adaptive_FB_controller
SplitCIFAR10_seed2_task4,SplitCIFAR10,natural-images,2,4,0.600254479537546,0.5345108443191785,0.3459247753101631,0.5800591383893343,0.7285238170213131,0.7777004361785671,cost_saver,0.7222719391067396,0.927856514305523,0.8135115048582136,0.40821649099910806,0.6598195908340766,0.5895981279469549,0.07214348569447704,Goal_C_cost,Goal C: minimize cost,1.8028662892402183,goal_adaptive_FB_controller
SplitCIFAR10_seed2_task5,SplitCIFAR10,natural-images,2,5,0.6134587030524706,0.615544494811624,0.44223219757419086,0.6513766548607212,0.7275055641287176,0.8241851235922791,cost_saver,0.7115101159370404,0.925035692645488,0.7976117020249073,0.4147209053627382,0.6543992455310514,0.6082736769729173,0.07496430735451198,Goal_C_cost,Goal C: minimize cost,1.787611319268027,goal_adaptive_FB_controller
SplitCIFAR10_seed3_task1,SplitCIFAR10,natural-images,3,1,0.6642775849315627,0.5406182123248098,0.3679707422271125,0.6608654258821052,0.5839322958041161,0.7840231105215867,cost_saver,0.7173985849651278,0.9206168800725242,0.8173003197849614,0.41855583303872995,0.651203472467725,0.5775926659014202,0.07938311992747582,Goal_C_cost,Goal C: minimize cost,1.7862543056275022,goal_adaptive_FB_controller
SplitCIFAR10_seed3_task2,SplitCIFAR10,natural-images,3,2,0.6049674739000255,0.5454938331713125,0.4028071007748514,0.6796834614811847,0.6170858046550558,0.8220747133258542,cost_saver,0.7170959035305378,0.9265649191225944,0.7998569824315394,0.4040549584189297,0.663287534650892,0.6125461166632352,0.07343508087740558,Goal_C_cost,Goal C: minimize cost,1.8036479073345626,goal_adaptive_FB_controller
SplitCIFAR10_seed3_task3,SplitCIFAR10,natural-images,3,3,0.609001277460961,0.5672576047431225,0.47949572662832796,0.6412179749198721,0.6267267871976827,0.76887040189945,cost_saver,0.716841128989122,0.9082635420943255,0.784485637601845,0.40615691445579605,0.6615359046201699,0.5899593265882253,0.09173645790567453,Goal_C_cost,Goal C: minimize cost,1.788661561074632,goal_adaptive_FB_controller
SplitCIFAR10_seed3_task4,SplitCIFAR10,natural-images,3,4,0.599801877106193,0.5946273990570489,0.3976960168860714,0.6205759285393436,0.6420284985510225,0.8113600978246194,cost_saver,0.7120196815165692,0.9245884643495115,0.8029225540207141,0.39709117695838547,0.6690906858680121,0.608320562714971,0.07541153565048853,Goal_C_cost,Goal C: minimize cost,1.8088499399032771,goal_adaptive_FB_controller
SplitCIFAR10_seed3_task5,SplitCIFAR10,natural-images,3,5,0.6395417347053697,0.5379995638429645,0.45849075722691907,0.6691472869175004,0.7210438674985883,0.8356264448973989,cost_saver,0.7270837021609162,0.9008010178073044,0.7987894888035518,0.4207792642083841,0.6493506131596799,0.6170017502182493,0.09919898219269563,Goal_C_cost,Goal C: minimize cost,1.7804888971932498,goal_adaptive_FB_controller
SplitFashionMNIST_seed0_task1,SplitFashionMNIST,fashion,0,1,0.3807521821563378,0.46717666120450047,0.1808695683462322,0.4199432028836281,0.3864781342229844,0.6399003384425044,cost_saver,0.800564274335576,0.9352205199929254,0.8542770467076212,0.3291909662251505,0.7256741948123746,0.5180356253769535,0.06477948000707456,Goal_C_cost,Goal C: minimize cost,1.9326140926598394,goal_adaptive_FB_controller
SplitFashionMNIST_seed0_task2,SplitFashionMNIST,fashion,0,2,0.3685302569197805,0.4567965547888964,0.2479400497607773,0.4461506030568815,0.48076073829601057,0.6184799924875616,cost_saver,0.792963951575976,0.9257400749660815,0.8340427252391261,0.32223754488390605,0.731468712596745,0.5228513875341866,0.07425992503391854,Goal_C_cost,Goal C: minimize cost,1.9291213865161236,goal_adaptive_FB_controller
SplitFashionMNIST_seed0_task3,SplitFashionMNIST,fashion,0,3,0.4026070629431854,0.43116451019978635,0.2372383101070944,0.4813944673365708,0.5559463359358148,0.6546950256144441,cost_saver,0.7783107914473435,0.9321665139166523,0.8355677595801771,0.3365666057885674,0.7195278285095272,0.5188606798624691,0.06783348608334772,Goal_C_cost,Goal C: minimize cost,1.908638712391286,goal_adaptive_FB_controller
SplitFashionMNIST_seed0_task4,SplitFashionMNIST,fashion,0,4,0.3891909280210307,0.4250609251826696,0.28062115274915805,0.43870433785264823,0.5944977679011091,0.5950286985093669,cost_saver,0.7917573717405466,0.9272347620658581,0.8330105713998488,0.3320973564501507,0.7232522029582078,0.49965291820496294,0.07276523793414191,Goal_C_cost,Goal C: minimize cost,1.9154313926703352,goal_adaptive_FB_controller
SplitFashionMNIST_seed0_task5,SplitFashionMNIST,fashion,0,5,0.3677343403138047,0.42025209460791313,0.3036322937822363,0.5089304808077337,0.6334666384843415,0.6779051082656592,cost_saver,0.7921891302501617,0.9266727668823456,0.838888716175294,0.35607062903980574,0.7032744758001619,0.5539703771277182,0.07332723311765443,Goal_C_cost,Goal C: minimize cost,1.8953603361082076,goal_adaptive_FB_controller
SplitFashionMNIST_seed1_task1,SplitFashionMNIST,fashion,1,1,0.41041833063543803,0.44375406808292506,0.19845685180309924,0.43021508820464843,0.4501174862454107,0.6209350900294169,cost_saver,0.7613978473021638,0.9272165587548327,0.8531953030018344,0.3395127569514905,0.7170727025404245,0.5055472708467114,0.07278344124516734,Goal_C_cost,Goal C: minimize cost,1.8990565281148681,goal_adaptive_FB_controller
SplitFashionMNIST_seed1_task2,SplitFashionMNIST,fashion,1,2,0.4315114128310036,0.441533418061148,0.25035097779407656,0.4887921037892913,0.47459758513169953,0.5960761947807884,cost_saver,0.7751693094659317,0.9285479047124844,0.8425738023804791,0.32044370025224916,0.7329635831231257,0.5246443258706622,0.07145209528751562,Goal_C_cost,Goal C: minimize cost,1.9264266763074445,goal_adaptive_FB_controller
SplitFashionMNIST_seed1_task3,SplitFashionMNIST,fashion,1,3,0.36552637014116496,0.48694053026354267,0.2614808878770518,0.39933448249222075,0.49048393723552836,0.6309231452777158,cost_saver,0.793069230128815,0.9364208688094378,0.8297507060919108,0.341961839006566,0.7150318008278617,0.5239366086629541,0.06357913119056224,Goal_C_cost,Goal C: minimize cost,1.9097527261481564,goal_adaptive_FB_controller
SplitFashionMNIST_seed1_task4,SplitFashionMNIST,fashion,1,4,0.39131769793887156,0.547123078620316,0.25933227393754826,0.44635952801099865,0.5947686714736051,0.6647997021294646,cost_saver,0.7789723687783751,0.935228638351592,0.8201366538560035,0.32373979342020237,0.730216838816498,0.5529447977529778,0.06477136164840802,Goal_C_cost,Goal C: minimize cost,1.923988965014897,goal_adaptive_FB_controller
SplitFashionMNIST_seed1_task5,SplitFashionMNIST,fashion,1,5,0.38662635374056525,0.458214248691706,0.2655645480135361,0.4315922477060668,0.6044013611056935,0.6732835197486579,cost_saver,0.7797275000691198,0.940460632186247,0.8394948664790206,0.3248263997342939,0.7293113335547551,0.5358620247025833,0.05953936781375302,Goal_C_cost,Goal C: minimize cost,1.9280688156852233,goal_adaptive_FB_controller
SplitFashionMNIST_seed2_task1,SplitFashionMNIST,fashion,2,1,0.40066181276053725,0.44507347271644654,0.23451611494557628,0.49357430232011024,0.46596749632275475,0.6259836226917374,cost_saver,0.7799835005222655,0.9350691478975185,0.8407818382951784,0.33988910730448124,0.7167590772462656,0.520327595084179,0.0649308521024815,Goal_C_cost,Goal C: minimize cost,1.908119750363822,goal_adaptive_FB_controller
SplitFashionMNIST_seed2_task2,SplitFashionMNIST,fashion,2,2,0.39216592874978384,0.4538230682910619,0.18612280836677741,0.45478541262715566,0.5212691123254068,0.593641328389066,cost_saver,0.7781528055971586,0.9393721504148365,0.8398394917021705,0.3442836537845172,0.713096955179569,0.5098146599320053,0.06062784958516354,Goal_C_cost,Goal C: minimize cost,1.9025712435750755,goal_adaptive_FB_controller
SplitFashionMNIST_seed2_task3,SplitFashionMNIST,fashion,2,3,0.33381395994618895,0.4484938036471359,0.3247690321046144,0.43089290508965405,0.48087416635062086,0.6437575716903422,cost_saver,0.8092464337942509,0.9414063921712671,0.831046525450296,0.31287810090858686,0.7392682492428443,0.5299260865704966,0.05859360782873291,Goal_C_cost,Goal C: minimize cost,1.95241950896482,goal_adaptive_FB_controller
SplitFashionMNIST_seed2_task4,SplitFashionMNIST,fashion,2,4,0.34879615488155685,0.43840755381884255,0.2974896509765069,0.4603351524623008,0.5632812529506968,0.5830948914637215,cost_saver,0.8088198292215154,0.9348155728017951,0.831049530028351,0.31961117277181594,0.7336573560234867,0.5044420565159026,0.06518442719820494,Goal_C_cost,Goal C: minimize cost,1.9397983924206952,goal_adaptive_FB_controller
SplitFashionMNIST_seed2_task5,SplitFashionMNIST,fashion,2,5,0.39196661973560215,0.4454242140808284,0.322400358867788,0.4448126524856268,0.6654346754208411,0.6319252679584378,cost_saver,0.7744931795282523,0.9370818336023032,0.8342344819657199,0.33063112417987106,0.7244740631834408,0.514576164697866,0.06291816639769676,Goal_C_cost,Goal C: minimize cost,1.9145567948073814,goal_adaptive_FB_controller
SplitFashionMNIST_seed3_task1,SplitFashionMNIST,fashion,3,1,0.3473075384596984,0.47122468177423193,0.18794863524914446,0.4416778440139004,0.3542761899153115,0.6677035764531971,cost_saver,0.8083220958134187,0.9393059002128278,0.8440610341977568,0.30538773096215666,0.7455102241982028,0.541857511715604,0.06069409978717222,Goal_C_cost,Goal C: minimize cost,1.9641418205791017,goal_adaptive_FB_controller
SplitFashionMNIST_seed3_task2,SplitFashionMNIST,fashion,3,2,0.38680870883793267,0.4174186833459431,0.26721583190023235,0.43386513113186104,0.5433911626255871,0.6248816997279327,cost_saver,0.7764586280708828,0.9345216821012662,0.8381486482805662,0.3335762448781094,0.7220197959349088,0.5101007569226073,0.06547831789873382,Goal_C_cost,Goal C: minimize cost,1.9117629336418696,goal_adaptive_FB_controller
SplitFashionMNIST_seed3_task3,SplitFashionMNIST,fashion,3,3,0.3897642233100701,0.44812519841260945,0.24140636475861607,0.44538765852738516,0.5584456621419324,0.6354080991108447,cost_saver,0.7794030689887704,0.9401511205622449,0.8479199349645357,0.32659901883526954,0.7278341509706088,0.5342415903158078,0.059848879437755076,Goal_C_cost,Goal C: minimize cost,1.927764519824769,goal_adaptive_FB_controller
SplitFashionMNIST_seed3_task4,SplitFashionMNIST,fashion,3,4,0.39970257873027026,0.45773982772123967,0.2186977962083539,0.4751758049735592,0.6141815769211848,0.6424753099812005,cost_saver,0.7874426562698119,0.9411955474671589,0.842171573332905,0.3454119555595236,0.7121567037003971,0.5208627681690139,0.058804452532841056,Goal_C_cost,Goal C: minimize cost,1.9078083570805848,goal_adaptive_FB_controller
SplitFashionMNIST_seed3_task5,SplitFashionMNIST,fashion,3,5,0.3949408363879826,0.4613952420085171,0.30255132774101173,0.4530164336181758,0.5846725184727097,0.6185142642524779,cost_saver,0.7906111093068167,0.9296857786379894,0.8312212841268679,0.3345193714249794,0.7212338571458505,0.5185207766513802,0.0703142213620106,Goal_C_cost,Goal C: minimize cost,1.914488127555117,goal_adaptive_FB_controller
SplitKMNIST_seed0_task1,SplitKMNIST,characters,0,1,0.4697127088414757,0.34179762127425806,0.20590011227468663,0.4435468756372052,0.44819700435955007,0.6791779298840739,cost_saver,0.7682078655016291,0.9314341077138192,0.8577061488851386,0.3487192324528472,0.7094006396226273,0.5335008820421162,0.06856589228618082,Goal_C_cost,Goal C: minimize cost,1.8971629660916132,goal_adaptive_FB_controller
SplitKMNIST_seed0_task2,SplitKMNIST,characters,0,2,0.4315588178495182,0.37162351144443273,0.28890191823904277,0.4733827163151329,0.5073865355255709,0.6230696342963967,cost_saver,0.7737581173797872,0.9255510746271928,0.8392598279436975,0.34850613844118805,0.7095782179656767,0.495085641743531,0.07444892537280723,Goal_C_cost,Goal C: minimize cost,1.8893881443543628,goal_adaptive_FB_controller
SplitKMNIST_seed0_task3,SplitKMNIST,characters,0,3,0.4399578681610788,0.40216473523398555,0.2858285550041667,0.4989818328968745,0.5621207078661286,0.6683680962158971,cost_saver,0.7824374129215194,0.9324390967923494,0.8336491483947959,0.35059236145487005,0.7078396987876083,0.524620554799564,0.06756090320765062,Goal_C_cost,Goal C: minimize cost,1.8949084556339326,goal_adaptive_FB_controller
SplitKMNIST_seed0_task4,SplitKMNIST,characters,0,4,0.40891624113554775,0.3903225615493837,0.2640033016637626,0.4682722436151559,0.6226267777926504,0.6463692691921309,cost_saver,0.7890645189072072,0.9320186641661808,0.839833996411873,0.3326990393606056,0.7227508005328287,0.5111346050964661,0.06798133583381916,Goal_C_cost,Goal C: minimize cost,1.9180711062983402,goal_adaptive_FB_controller
SplitKMNIST_seed0_task5,SplitKMNIST,characters,0,5,0.4481963268651736,0.39685475698278444,0.3617931681967128,0.5105603466756653,0.6468182749767682,0.6687289751245816,cost_saver,0.771986216875763,0.9300824769946857,0.8201983228500292,0.3603011853946918,0.6997490121710901,0.5364940053265765,0.06991752300531429,Goal_C_cost,Goal C: minimize cost,1.87628281221837,goal_adaptive_FB_controller
SplitKMNIST_seed1_task1,SplitKMNIST,characters,1,1,0.40992842836207904,0.4100721449511301,0.2139282124714011,0.45890837737958257,0.41630854200454764,0.7081277651824076,cost_saver,0.774149774169734,0.940253679255959,0.8582528710319198,0.3381213844203323,0.7182321796497231,0.5446024308927148,0.05974632074404096,Goal_C_cost,Goal C: minimize cost,1.9160930894903436,goal_adaptive_FB_controller
SplitKMNIST_seed1_task2,SplitKMNIST,characters,1,2,0.4656656983473609,0.3473480689464505,0.26080713549801476,0.49181373716337656,0.5040878402945852,0.5848600686180363,cost_saver,0.7824644465014023,0.9381863368266982,0.8521937021448189,0.34445056439156396,0.71295786300703,0.48730764468400223,0.061813663173301836,Goal_C_cost,Goal C: minimize cost,1.9047465238790708,goal_adaptive_FB_controller
SplitKMNIST_seed1_task3,SplitKMNIST,characters,1,3,0.431881273228102,0.3757576381290579,0.3521853195438866,0.49430772849060095,0.5244671595124806,0.6591911401736178,cost_saver,0.7843387385972778,0.9342867580939034,0.8302812742427663,0.3540357354549263,0.7049702204542281,0.5310461457280911,0.06571324190609662,Goal_C_cost,Goal C: minimize cost,1.8923375284483497,goal_adaptive_FB_controller
SplitKMNIST_seed1_task4,SplitKMNIST,characters,1,4,0.4120980908295716,0.37353689742943746,0.2620260216520839,0.47827367604779275,0.5399584643513752,0.6925469090122468,cost_saver,0.7853779999989798,0.920944948930482,0.8466343094687917,0.3440367017174599,0.7133027485687834,0.5357020426212415,0.07905505106951805,Goal_C_cost,Goal C: minimize cost,1.9039383243223893,goal_adaptive_FB_controller
SplitKMNIST_seed1_task5,SplitKMNIST,characters,1,5,0.40349277794386396,0.442321042302932,0.34212448310162924,0.4574136362948369,0.5870531915490932,0.6583080456633699,cost_saver,0.7835844983148524,0.9418508865455406,0.824803607184271,0.35451774639803335,0.7045685446683055,0.5256597782244187,0.05814911345445939,Goal_C_cost,Goal C: minimize cost,1.892195249453345,goal_adaptive_FB_controller
SplitKMNIST_seed2_task1,SplitKMNIST,characters,2,1,0.42719807237425006,0.3487060136998262,0.22863562740492877,0.4456931286766152,0.4539620862151731,0.6687945289807565,cost_saver,0.78621431606041,0.9305664819495312,0.8489677219907003,0.33644038588777514,0.7196330117601873,0.5135139860858189,0.06943351805046882,Goal_C_cost,Goal C: minimize cost,1.9145926058920304,goal_adaptive_FB_controller
SplitKMNIST_seed2_task2,SplitKMNIST,characters,2,2,0.42528538715278313,0.399671535183187,0.23936537298814345,0.4493722474532167,0.39241707474120685,0.7147251254701994,cost_saver,0.7944364315365883,0.931112647201222,0.8427256398682074,0.34906450052715676,0.7091129162273693,0.5523627083986561,0.068887352798778,Goal_C_cost,Goal C: minimize cost,1.9066059384257585,goal_adaptive_FB_controller
SplitKMNIST_seed2_task3,SplitKMNIST,characters,2,3,0.44315128387095176,0.3898499322321634,0.2759205480314769,0.50993628938514,0.5346919238343283,0.6518361451328278,cost_saver,0.7711626871177456,0.9274760018146531,0.8434617389205805,0.3401742884443405,0.7165214262963828,0.5095796608314607,0.07252399818534694,Goal_C_cost,Goal C: minimize cost,1.9007671361515222,goal_adaptive_FB_controller
SplitKMNIST_seed2_task4,SplitKMNIST,characters,2,4,0.4171748913023331,0.39951542961623554,0.23064403471024197,0.4631496639727843,0.6013195761110102,0.740621615898952,cost_saver,0.7901688990046626,0.9387336023752172,0.8386535563402121,0.3464930223635705,0.7112558146970246,0.5719521837107534,0.06126639762478281,Goal_C_cost,Goal C: minimize cost,1.911186722680536,goal_adaptive_FB_controller
SplitKMNIST_seed2_task5,SplitKMNIST,characters,2,5,0.405533564988147,0.42400395908272387,0.2782049246685278,0.5088181177462999,0.6082951631897321,0.6749329854884509,cost_saver,0.7745300121466561,0.9417396763250283,0.8470165022343659,0.345509826025351,0.7120751449788741,0.5332841146707469,0.05826032367497169,Goal_C_cost,Goal C: minimize cost,1.9045313749269015,goal_adaptive_FB_controller
SplitKMNIST_seed3_task1,SplitKMNIST,characters,3,1,0.40629817004638485,0.45347238061182815,0.20499594246631953,0.47062460701617226,0.3828470534109738,0.669444259074977,cost_saver,0.7865261430940075,0.9292385950119032,0.8438188029254298,0.33453361916452123,0.7212219840295656,0.5392200453634914,0.0707614049880968,Goal_C_cost,Goal C: minimize cost,1.9176966563540898,goal_adaptive_FB_controller
SplitKMNIST_seed3_task2,SplitKMNIST,characters,3,2,0.4339709536289738,0.39889167959029,0.2753213768047772,0.5006476411892806,0.42815000678874354,0.6262837601252919,cost_saver,0.7739365375285419,0.9275217808390173,0.8362320058158398,0.3360825005164818,0.7199312495695984,0.5092633876603357,0.07247821916098274,Goal_C_cost,Goal C: minimize cost,1.9047955923204514,goal_adaptive_FB_controller
SplitKMNIST_seed3_task3,SplitKMNIST,characters,3,3,0.45501077157366143,0.3869273712707713,0.2968249676231874,0.4591287401199968,0.5532997334394424,0.6422206838809527,cost_saver,0.7747150885049728,0.9306572199969552,0.8304431327158843,0.34304493339326714,0.7141292221722774,0.5141187443791476,0.06934278000304483,Goal_C_cost,Goal C: minimize cost,1.8974489243756325,goal_adaptive_FB_controller
SplitKMNIST_seed3_task4,SplitKMNIST,characters,3,4,0.40640911359641574,0.428505937831582,0.28758395728684866,0.43909594335634666,0.6099470447656976,0.6853062034150225,cost_saver,0.775124620589649,0.9302470617381497,0.8407437882047497,0.34444006451082143,0.7129666129076488,0.5460313177913224,0.06975293826185025,Goal_C_cost,Goal C: minimize cost,1.9016865571293402,goal_adaptive_FB_controller
SplitKMNIST_seed3_task5,SplitKMNIST,characters,3,5,0.39983245992387206,0.3478985352522437,0.30789140237480095,0.4652980763741006,0.608778602123293,0.6923313049451381,cost_saver,0.786567585204009,0.9315685573922629,0.8310131427161485,0.3321924499671013,0.7231729583607489,0.549690192774245,0.06843144260773715,Goal_C_cost,Goal C: minimize cost,1.9190102071725688,goal_adaptive_FB_controller
SplitMNIST_seed0_task1,SplitMNIST,digits,0,1,0.1156408304387371,0.13874287450119005,0.07039288584742817,0.1967933289232454,0.27993992864489575,0.302377879258495,cost_saver,0.8843295160941299,0.9549178704802973,0.8773556970779381,0.24479581001628392,0.7960034916530967,0.37181248786994564,0.045082129519702696,Goal_C_cost,Goal C: minimize cost,2.063294423698622,goal_adaptive_FB_controller
SplitMNIST_seed0_task2,SplitMNIST,digits,0,2,0.15015739537106806,0.12839042954153182,0.06453189473949407,0.24627945302147272,0.38476746754935676,0.21538772341289958,cost_saver,0.868273625675764,0.9578164092040186,0.8972465982753544,0.24504332074133456,0.7957972327155545,0.33641771125738085,0.04218359079598144,Goal_C_cost,Goal C: minimize cost,2.0582385596360755,goal_adaptive_FB_controller
SplitMNIST_seed0_task3,SplitMNIST,digits,0,3,0.11840572901619742,0.13935579531224807,0.06773201240546381,0.2430181565392833,0.3337902830202953,0.3111632328036094,cost_saver,0.8890661304922463,0.9499490690509023,0.9089243070887109,0.25921016436175925,0.7839915296985339,0.3511095079375345,0.05005093094909774,Goal_C_cost,Goal C: minimize cost,2.0532925255482786,goal_adaptive_FB_controller
SplitMNIST_seed0_task4,SplitMNIST,digits,0,4,0.18525204303982962,0.0723214737618836,0.09434468433861336,0.280087776258653,0.47024766294986736,0.28950346268958566,cost_saver,0.8520028139547132,0.9562354890888289,0.9011767017307962,0.2753321150958645,0.7705565707534462,0.33729545701630065,0.04376451091117106,Goal_C_cost,Goal C: minimize cost,2.0173587791121923,goal_adaptive_FB_controller
SplitMNIST_seed0_task5,SplitMNIST,digits,0,5,0.13838087749215947,0.1017541802655163,0.07917179012981182,0.291401737769978,0.5356209470768569,0.24491673230835093,cost_saver,0.8833029832569935,0.9469335800841283,0.8871175993314091,0.2671933889358337,0.7773388425534719,0.3243113911290509,0.05306641991587169,Goal_C_cost,Goal C: minimize cost,2.0325310718880365,goal_adaptive_FB_controller
SplitMNIST_seed1_task1,SplitMNIST,digits,1,1,0.1412010818066855,0.06742883692384186,0.03662732449902006,0.2533001818547762,0.2753819666529619,0.2701761282379126,cost_saver,0.8679696793503644,0.9581588440023311,0.9080141555026686,0.255199275480357,0.7873339370997026,0.34698384794774434,0.04184115599766891,Goal_C_cost,Goal C: minimize cost,2.05054468986352,goal_adaptive_FB_controller
SplitMNIST_seed1_task2,SplitMNIST,digits,1,2,0.16244999488984335,0.10986911560568266,0.10217055774717239,0.26280959472266235,0.36817537936074735,0.33808761072364724,cost_saver,0.8609725384630872,0.952662163221934,0.9029539168012967,0.26976068447987195,0.7751994296001067,0.3671558850665743,0.04733783677806602,Goal_C_cost,Goal C: minimize cost,2.0298426971031915,goal_adaptive_FB_controller
SplitMNIST_seed1_task3,SplitMNIST,digits,1,3,0.1840498088315293,0.09953857297524371,0.09774200012531535,0.2699265100771329,0.38713672990923864,0.2684318691796249,cost_saver,0.8558819600875236,0.9517216200150824,0.9071717048547531,0.2824952382826034,0.7645873014311638,0.3453325582168608,0.048278379984917574,Goal_C_cost,Goal C: minimize cost,2.0117684880121103,goal_adaptive_FB_controller
SplitMNIST_seed1_task4,SplitMNIST,digits,1,4,0.20195450084444358,0.07471616778281728,0.18807453512544722,0.28107126478444927,0.5047457731895469,0.2615865195679625,cost_saver,0.8613088801274243,0.9591442789403083,0.8739509887324407,0.27173050522981035,0.7735579123084914,0.3470354724206025,0.04085572105969171,Goal_C_cost,Goal C: minimize cost,2.0207839697280825,goal_adaptive_FB_controller
SplitMNIST_seed1_task5,SplitMNIST,digits,1,5,0.1692596978520151,0.1300871711100096,0.04376918222847759,0.28291567121049416,0.5532403417290499,0.2833544591222786,cost_saver,0.8673032531475666,0.9450440644695463,0.9066501077569982,0.276492455663922,0.769589620280065,0.35812165638676924,0.05495593553045375,Goal_C_cost,Goal C: minimize cost,2.02247256643676,goal_adaptive_FB_controller
SplitMNIST_seed2_task1,SplitMNIST,digits,2,1,0.1507801433555985,0.10143014859189539,0.10364652376207192,0.25143092818134644,0.25052565757441186,0.29300366907885467,cost_saver,0.8747530695884634,0.9647651658413028,0.8943406629669262,0.24510220359436516,0.7957481636713624,0.3726006994780468,0.035234834158697215,Goal_C_cost,Goal C: minimize cost,2.06641194600514,goal_adaptive_FB_controller
SplitMNIST_seed2_task2,SplitMNIST,digits,2,2,0.1365161113011586,0.14243491765981306,0.09481523943490536,0.2925785030959676,0.37966421567921416,0.32895464078270453,cost_saver,0.8839578188962474,0.9426489363683808,0.8931814389018116,0.25859616135813496,0.7845031988682208,0.3786044287841418,0.05735106363161924,Goal_C_cost,Goal C: minimize cost,2.04794326730821,goal_adaptive_FB_controller
SplitMNIST_seed2_task3,SplitMNIST,digits,2,3,0.13105550003207225,0.09982958088337249,0.09302547359785406,0.2506102464554514,0.44921137140839845,0.28391218910984756,cost_saver,0.8881701613460634,0.9506894848543798,0.9037683333325868,0.26416378764343457,0.7798635102971379,0.34315946696926936,0.04931051514562024,Goal_C_cost,Goal C: minimize cost,2.045491661235971,goal_adaptive_FB_controller
SplitMNIST_seed2_task4,SplitMNIST,digits,2,4,0.13738382373373115,0.10924384599934318,0.13620155681204676,0.2830131575003036,0.4605991464890704,0.2603136777211199,cost_saver,0.8853408800315193,0.9449770763988552,0.8851370903564889,0.25067475573776404,0.79110437021853,0.33189474677634123,0.0550229236011448,Goal_C_cost,Goal C: minimize cost,2.051610019815555,goal_adaptive_FB_controller
SplitMNIST_seed2_task5,SplitMNIST,digits,2,5,0.16578543635245707,0.08656289809072543,0.0703648019899094,0.23910474420137484,0.5305612994085463,0.22195612573013107,cost_saver,0.8826904383397515,0.9580040790510402,0.8987138745975504,0.2812394291009403,0.7656338090825497,0.32425293335286376,0.041995920948959764,Goal_C_cost,Goal C: minimize cost,2.0232215291668685,goal_adaptive_FB_controller
SplitMNIST_seed3_task1,SplitMNIST,digits,3,1,0.1506632545106428,0.051252823767483156,0.09347500297465011,0.2663096168897839,0.36583140828415367,0.22791095413219348,cost_saver,0.904166676781624,0.9516930426936101,0.8979581918013698,0.2608960060785793,0.7825866616011838,0.32073893166079653,0.0483069573063899,Goal_C_cost,Goal C: minimize cost,2.053023003772515,goal_adaptive_FB_controller
SplitMNIST_seed3_task2,SplitMNIST,digits,3,2,0.13675075086255742,0.057184235027194705,0.05831276647795754,0.16021185444298736,0.43217052373132453,0.2908222407611112,cost_saver,0.8986449966125287,0.9589241864176882,0.9005432892772592,0.2535025868648343,0.7887478442793048,0.3470892424054605,0.041075813582311826,Goal_C_cost,Goal C: minimize cost,2.064668050058751,goal_adaptive_FB_controller
SplitMNIST_seed3_task3,SplitMNIST,digits,3,3,0.16683666644527684,0.07627813675509686,0.08980183747034003,0.2641977950762912,0.39167424736590345,0.33996601621344635,cost_saver,0.8644939726614008,0.9584188490404074,0.8986904405528887,0.2652281531057696,0.7789765390785254,0.35915761179572825,0.04158115095959258,Goal_C_cost,Goal C: minimize cost,2.0366755839355775,goal_adaptive_FB_controller
SplitMNIST_seed3_task4,SplitMNIST,digits,3,4,0.1301762160289187,0.08363897531116124,0.07176139327012726,0.22768453227743934,0.43658567785474145,0.2409032694790533,cost_saver,0.8780990952172536,0.9522503875358057,0.8891948897157106,0.26238875500204567,0.7813427041649619,0.338707908612722,0.04774961246419429,Goal_C_cost,Goal C: minimize cost,2.0394143923981947,goal_adaptive_FB_controller
SplitMNIST_seed3_task5,SplitMNIST,digits,3,5,0.14837249583142043,0.08208253559953144,0.07743446833286557,0.2624861674821214,0.5178328349345104,0.25367839861551705,cost_saver,0.8723699417614875,0.951769317321447,0.9036052713461169,0.26556685608114916,0.7786942865990424,0.335616914189657,0.048230682678553016,Goal_C_cost,Goal C: minimize cost,2.036386031019378,goal_adaptive_FB_controller
PermutedMNIST_seed0_task1,PermutedMNIST,digits,0,1,0.30620350844740607,0.21106340804060866,0.5252767818175056,0.5003298580041625,0.39079667592747497,0.44182189438722463,drift_stabilizer,0.8696001596250981,0.999,0.999,0.5853902465456057,0.5121747945453285,0.4747615801731031,0.0010000000000000009,Goal_D_stability_drift,Goal D: maximize stability under drift,2.3804952546204987,goal_adaptive_FB_controller
PermutedMNIST_seed0_task2,PermutedMNIST,digits,0,2,0.3142711755917313,0.2868605979484679,0.612701949171781,0.5330519641142752,0.5065051799223501,0.48096093558145175,drift_stabilizer,0.8393690193544553,0.999,0.999,0.5908612183764018,0.5076156513529985,0.49804106391744374,0.0010000000000000009,Goal_D_stability_drift,Goal D: maximize stability under drift,2.3894818951779757,goal_adaptive_FB_controller
PermutedMNIST_seed0_task3,PermutedMNIST,digits,0,3,0.3234725104655376,0.24981202616291312,0.640758142906764,0.5314057959696514,0.5444085068720945,0.47794208042103453,drift_stabilizer,0.8481264033579827,0.999,0.999,0.6111546567309806,0.49070445272418284,0.5043531909431217,0.0010000000000000009,Goal_D_stability_drift,Goal D: maximize stability under drift,2.3979382598585866,goal_adaptive_FB_controller
PermutedMNIST_seed0_task4,PermutedMNIST,digits,0,4,0.32282837326154157,0.20964190399331073,0.6424089713039788,0.532052816126734,0.5340252447673753,0.36541191909343096,drift_stabilizer,0.8655116777877634,0.999,0.999,0.6196929571535933,0.48358920237200553,0.4519009909000141,0.0010000000000000009,Goal_D_stability_drift,Goal D: maximize stability under drift,2.398751958900854,goal_adaptive_FB_controller
PermutedMNIST_seed0_task5,PermutedMNIST,digits,0,5,0.35678682835845554,0.23502761334811392,0.7131178362041983,0.5830930474536621,0.5943984447707402,0.41900179837778556,drift_stabilizer,0.8376372945835229,0.999,0.999,0.6096071405760739,0.4919940495199384,0.48255890764051357,0.0010000000000000009,Goal_D_stability_drift,Goal D: maximize stability under drift,2.4066095900178803,goal_adaptive_FB_controller
PermutedMNIST_seed1_task1,PermutedMNIST,digits,1,1,0.3210417234032721,0.2513543414975021,0.5150454782616497,0.4946254982190633,0.3762536837102827,0.44703333662785005,drift_stabilizer,0.8502938284452368,0.999,0.999,0.5840624998693921,0.51328125010884,0.49194097264415937,0.0010000000000000009,Goal_D_stability_drift,Goal D: maximize stability under drift,2.3734670862823686,goal_adaptive_FB_controller
PermutedMNIST_seed1_task2,PermutedMNIST,digits,1,2,0.31306995848012326,0.2647169260343134,0.5039710459105972,0.5009038266173627,0.4969106352354117,0.5139940208212204,drift_stabilizer,0.8587271490865387,0.999,0.999,0.60183210903356,0.4984732424720333,0.5059401444560444,0.0010000000000000009,Goal_D_stability_drift,Goal D: maximize stability under drift,2.3748655937224323,goal_adaptive_FB_controller
PermutedMNIST_seed1_task3,PermutedMNIST,digits,1,3,0.3463406319390595,0.23080609365980087,0.5907726257952066,0.5327731515677512,0.4725150457372488,0.4709169165108234,drift_stabilizer,0.8488064165068754,0.999,0.999,0.6116987274163613,0.4902510604863656,0.48569380061605094,0.0010000000000000009,Goal_D_stability_drift,Goal D: maximize stability under drift,2.386300549497212,goal_adaptive_FB_controller
PermutedMNIST_seed1_task4,PermutedMNIST,digits,1,4,0.34234954901552295,0.2300218736109157,0.6576161305897169,0.5786080759254457,0.5343438022162803,0.48260954030143677,drift_stabilizer,0.8482068855204498,0.999,0.999,0.601130411373174,0.499057990522355,0.47650035014334313,0.0010000000000000009,Goal_D_stability_drift,Goal D: maximize stability under drift,2.398967047364435,goal_adaptive_FB_controller
PermutedMNIST_seed1_task5,PermutedMNIST,digits,1,5,0.3209297170788323,0.2917281388036251,0.654555480115323,0.5521461113558415,0.5843251734683311,0.480321285346126,drift_stabilizer,0.8532325009513744,0.999,0.999,0.618826290639421,0.48431142446714914,0.49238568524663284,0.0010000000000000009,Goal_D_stability_drift,Goal D: maximize stability under drift,2.4009657000080433,goal_adaptive_FB_controller
PermutedMNIST_seed2_task1,PermutedMNIST,digits,2,1,0.35564727080584174,0.2700683468630563,0.5196930200663868,0.5310528670180544,0.4328877374827303,0.4748950457832441,drift_stabilizer,0.852639776105135,0.999,0.999,0.5992890216115263,0.5005924819903947,0.4926860149039456,0.0010000000000000009,Goal_D_stability_drift,Goal D: maximize stability under drift,2.3746568126359757,goal_adaptive_FB_controller
PermutedMNIST_seed2_task2,PermutedMNIST,digits,2,2,0.2930926218820866,0.26513863182659847,0.538288909866798,0.47181237922283215,0.42558731343906153,0.46164923669534397,drift_stabilizer,0.8525938862317842,0.999,0.999,0.5811924985546443,0.5156729178711297,0.48862724271951263,0.0010000000000000009,Goal_D_stability_drift,Goal D: maximize stability under drift,2.378704354538019,goal_adaptive_FB_controller
PermutedMNIST_seed2_task3,PermutedMNIST,digits,2,3,0.3603518485788121,0.25801184558844326,0.5608335648905618,0.5697349258848045,0.5285975825049662,0.4010021556687567,drift_stabilizer,0.8417192127371476,0.999,0.999,0.606196479207064,0.4948362673274467,0.47632770474715147,0.0010000000000000009,Goal_D_stability_drift,Goal D: maximize stability under drift,2.3771308545642236,goal_adaptive_FB_controller
PermutedMNIST_seed2_task4,PermutedMNIST,digits,2,4,0.3381023515310466,0.20095131843887665,0.6350835055932001,0.5750952786046599,0.5526345683387371,0.5301728148520302,drift_stabilizer,0.8315125881902096,0.999,0.999,0.6111821483275984,0.4906815430603346,0.5152010604564315,0.0010000000000000009,Goal_D_stability_drift,Goal D: maximize stability under drift,2.392073273482755,goal_adaptive_FB_controller
PermutedMNIST_seed2_task5,PermutedMNIST,digits,2,5,0.3313433139057956,0.23689558228135443,0.7452047422217002,0.6080564239666443,0.5906853038024131,0.43953071997894394,drift_stabilizer,0.858057312666058,0.999,0.999,0.6277129682908533,0.47690585975762223,0.47500341278266944,0.0010000000000000009,Goal_D_stability_drift,Goal D: maximize stability under drift,2.418657601195164,goal_adaptive_FB_controller
PermutedMNIST_seed3_task1,PermutedMNIST,digits,3,1,0.33820233143031536,0.2809247648164643,0.47705112182143433,0.5320313038262525,0.39011132638679985,0.4431487645799913,drift_stabilizer,0.8422662518040457,0.999,0.999,0.5981466377886823,0.5015444685094315,0.4771854876345313,0.0010000000000000009,Goal_D_stability_drift,Goal D: maximize stability under drift,2.3610037744602637,goal_adaptive_FB_controller
PermutedMNIST_seed3_task2,PermutedMNIST,digits,3,2,0.3163806725460198,0.2374960641389353,0.5385106474188486,0.48647631698650673,0.4999662612562959,0.4528345448482969,drift_stabilizer,0.8535680805503015,0.999,0.999,0.5821472800216573,0.514877266648619,0.48549710912955957,0.0010000000000000009,Goal_D_stability_drift,Goal D: maximize stability under drift,2.3787368297922784,goal_adaptive_FB_controller
PermutedMNIST_seed3_task3,PermutedMNIST,digits,3,3,0.34279688810331904,0.24582614497010352,0.577326445043787,0.5261246923527113,0.4804510033862693,0.47298241903196353,drift_stabilizer,0.8494058413501406,0.999,0.999,0.6105744857791398,0.49118792851738347,0.4921276961745127,0.0010000000000000009,Goal_D_stability_drift,Goal D: maximize stability under drift,2.384514034235618,goal_adaptive_FB_controller
PermutedMNIST_seed3_task4,PermutedMNIST,digits,3,4,0.3165708272487415,0.23899488927315304,0.6624530778215765,0.5363207462165485,0.5213040345215337,0.48328901683844755,drift_stabilizer,0.845854547279608,0.999,0.999,0.6020892654339637,0.4982589454716969,0.49419574506168573,0.0010000000000000009,Goal_D_stability_drift,Goal D: maximize stability under drift,2.400839738276367,goal_adaptive_FB_controller
PermutedMNIST_seed3_task5,PermutedMNIST,digits,3,5,0.32596861601809224,0.30300780528121535,0.7023007379586476,0.5412449131739672,0.6181700482645692,0.4607824695332994,drift_stabilizer,0.840148303326364,0.999,0.999,0.6237893161581005,0.4801755698682495,0.4976571226818626,0.0010000000000000009,Goal_D_stability_drift,Goal D: maximize stability under drift,2.4062460843699642,goal_adaptive_FB_controller
RotatedMNIST_seed0_task1,RotatedMNIST,digits,0,1,0.3146463308271441,0.3200415082748845,0.4499043764199615,0.46608603500679896,0.38304810754680935,0.5089663714789666,drift_stabilizer,0.8516590075311131,0.999,0.999,0.5795017002180062,0.5170819164849949,0.523576235840147,0.0010000000000000009,Goal_D_stability_drift,Goal D: maximize stability under drift,2.364283266452863,goal_adaptive_FB_controller
RotatedMNIST_seed0_task2,RotatedMNIST,digits,0,2,0.30585475540657026,0.3490682138047014,0.47873358958863993,0.47270523306366846,0.3567686524257889,0.5346692773775623,drift_stabilizer,0.8543107384295953,0.999,0.999,0.5864194114236971,0.511317157146919,0.5325939512930175,0.0010000000000000009,Goal_D_stability_drift,Goal D: maximize stability under drift,2.3715849826368167,goal_adaptive_FB_controller
RotatedMNIST_seed0_task3,RotatedMNIST,digits,0,3,0.29555749646793283,0.29057310098826605,0.5643342902529968,0.5297858529819985,0.4284624317107788,0.5499321099797583,drift_stabilizer,0.8644254285914127,0.999,0.999,0.5705370762218778,0.5245524364817685,0.5130072197712108,0.0010000000000000009,Goal_D_stability_drift,Goal D: maximize stability under drift,2.3909312350007528,goal_adaptive_FB_controller
RotatedMNIST_seed0_task4,RotatedMNIST,digits,0,4,0.316903101454213,0.3084488885698326,0.5559602735186167,0.4864588889082124,0.6036367545600482,0.5120282468618095,drift_stabilizer,0.8506871202937428,0.999,0.999,0.6112353376422024,0.490637218631498,0.5130720300066139,0.0010000000000000009,Goal_D_stability_drift,Goal D: maximize stability under drift,2.382760418684066,goal_adaptive_FB_controller
RotatedMNIST_seed0_task5,RotatedMNIST,digits,0,5,0.3389213900699279,0.29718176813105585,0.6149772522652208,0.5507819143121175,0.6270009190222688,0.4830783468026229,drift_stabilizer,0.853377019636281,0.999,0.999,0.6190983549928446,0.4840847041726295,0.50687419098235,0.0010000000000000009,Goal_D_stability_drift,Goal D: maximize stability under drift,2.3945460661821563,goal_adaptive_FB_controller
RotatedMNIST_seed1_task1,RotatedMNIST,digits,1,1,0.2906920235384069,0.28477477584893685,0.42585316826160313,0.42793214578729544,0.3817029377995565,0.469784728151274,drift_stabilizer,0.8511443807207214,0.999,0.999,0.5682930026169359,0.52642249781922,0.4905942177432715,0.0010000000000000009,Goal_D_stability_drift,Goal D: maximize stability under drift,2.356466542936209,goal_adaptive_FB_controller
RotatedMNIST_seed1_task2,RotatedMNIST,digits,1,2,0.3265682319593292,0.2789012436695616,0.5441066649648169,0.5538402914421798,0.4996565756466801,0.5012156463283127,drift_stabilizer,0.843785482218199,0.999,0.999,0.6061426230218416,0.49488114748179857,0.5300972982405842,0.0010000000000000009,Goal_D_stability_drift,Goal D: maximize stability under drift,2.3798912176344884,goal_adaptive_FB_controller
RotatedMNIST_seed1_task3,RotatedMNIST,digits,1,3,0.32670573425184485,0.32451877748576796,0.4869325951830318,0.4963206837439743,0.5159352054760277,0.6044239330605587,drift_stabilizer,0.8432576110367006,0.999,0.999,0.6036686156009246,0.4969428203325629,0.5559408451594616,0.0010000000000000009,Goal_D_stability_drift,Goal D: maximize stability under drift,2.3709705219129895,goal_adaptive_FB_controller
RotatedMNIST_seed1_task4,RotatedMNIST,digits,1,4,0.29016477051897926,0.3143753478234113,0.559948835798045,0.5234075399151786,0.5205772712950277,0.5441774823084808,drift_stabilizer,0.8793768541284487,0.999,0.999,0.5941304465147169,0.5048912945710693,0.5226695680091518,0.0010000000000000009,Goal_D_stability_drift,Goal D: maximize stability under drift,2.395271197866875,goal_adaptive_FB_controller
RotatedMNIST_seed1_task5,RotatedMNIST,digits,1,5,0.35676060850946123,0.2875568893258405,0.7002950742487211,0.5671393659994899,0.568213593706577,0.49832062388410486,drift_stabilizer,0.84420730788276,0.999,0.999,0.610978773969657,0.4908510216919524,0.5147060838299796,0.0010000000000000009,Goal_D_stability_drift,Goal D: maximize stability under drift,2.4095046730614564,goal_adaptive_FB_controller
RotatedMNIST_seed2_task1,RotatedMNIST,digits,2,1,0.29905518199764436,0.24021535026139512,0.4189602067701992,0.43305401150068684,0.39140195709833486,0.4965692580761236,drift_stabilizer,0.8709817548348594,0.999,0.999,0.5833994187558329,0.5138338177034726,0.512094960866465,0.0010000000000000009,Goal_D_stability_drift,Goal D: maximize stability under drift,2.363553050476707,goal_adaptive_FB_controller
RotatedMNIST_seed2_task2,RotatedMNIST,digits,2,2,0.30634692278281694,0.29474536505159943,0.49925974012136975,0.4582301474189383,0.3849378045078447,0.599756383213272,drift_stabilizer,0.8698858856385344,0.999,0.999,0.5812734365477188,0.5156054695435677,0.5478287049846369,0.0010000000000000009,Goal_D_stability_drift,Goal D: maximize stability under drift,2.382875300025379,goal_adaptive_FB_controller
RotatedMNIST_seed2_task3,RotatedMNIST,digits,2,3,0.38369785565266634,0.2562452672010205,0.5218404293164506,0.6161409794628477,0.5144939908682541,0.47947962233296765,drift_stabilizer,0.8442666351140106,0.999,0.999,0.6263788915881443,0.478017590343213,0.5098958687564725,0.0010000000000000009,Goal_D_stability_drift,Goal D: maximize stability under drift,2.3727475064601387,goal_adaptive_FB_controller
RotatedMNIST_seed2_task4,RotatedMNIST,digits,2,4,0.3055541788029402,0.33533133754924893,0.639310383173817,0.5548312180807138,0.5475193705356831,0.5446682920014587,drift_stabilizer,0.8598421537243467,0.999,0.999,0.6057334163963893,0.49522215300300887,0.5331987338739138,0.0010000000000000009,Goal_D_stability_drift,Goal D: maximize stability under drift,2.4048599493991922,goal_adaptive_FB_controller
RotatedMNIST_seed2_task5,RotatedMNIST,digits,2,5,0.29712818802523316,0.2651522475836035,0.6546767615313087,0.556483192363537,0.604278561938093,0.4555226574406656,drift_stabilizer,0.8618232565366795,0.999,0.999,0.6082077262300941,0.4931602281415882,0.49666878012986637,0.0010000000000000009,Goal_D_stability_drift,Goal D: maximize stability under drift,2.4048674461618593,goal_adaptive_FB_controller
RotatedMNIST_seed3_task1,RotatedMNIST,digits,3,1,0.3029037128036037,0.29056326059711496,0.47546407004769914,0.47774386648937417,0.3609400408615923,0.5413663043500635,drift_stabilizer,0.8594781692199932,0.999,0.999,0.5790168156948243,0.5174859869209797,0.5248535204226425,0.0010000000000000009,Goal_D_stability_drift,Goal D: maximize stability under drift,2.3722747318108413,goal_adaptive_FB_controller
RotatedMNIST_seed3_task2,RotatedMNIST,digits,3,2,0.31576017905722253,0.2996404270355048,0.462726638388594,0.49017464301821867,0.4534941957815557,0.4749552219224912,drift_stabilizer,0.8567440725602894,0.999,0.999,0.5937846784770667,0.5051794346024443,0.5038106750856814,0.0010000000000000009,Goal_D_stability_drift,Goal D: maximize stability under drift,2.3660532469848325,goal_adaptive_FB_controller
RotatedMNIST_seed3_task3,RotatedMNIST,digits,3,3,0.34210064666858203,0.3093952732217573,0.5523529067279033,0.5839346555337048,0.451950279105784,0.5162106731189404,drift_stabilizer,0.8516347225952894,0.999,0.999,0.6123453370208364,0.48971221914930296,0.5186925905053256,0.0010000000000000009,Goal_D_stability_drift,Goal D: maximize stability under drift,2.382887133680584,goal_adaptive_FB_controller
RotatedMNIST_seed3_task4,RotatedMNIST,digits,3,4,0.32782505660321964,0.2986335411465836,0.6132480062628524,0.5762849925621533,0.5109095173562921,0.5110074590294308,drift_stabilizer,0.8412627039839983,0.999,0.999,0.605735987439585,0.4952200104670125,0.5170432690847647,0.0010000000000000009,Goal_D_stability_drift,Goal D: maximize stability under drift,2.3915342254775447,goal_adaptive_FB_controller
RotatedMNIST_seed3_task5,RotatedMNIST,digits,3,5,0.3170229423881547,0.2775590303032716,0.6323835997492148,0.5174897899945093,0.6105073075954186,0.5261643801316539,drift_stabilizer,0.8518896424570448,0.999,0.999,0.6266148984510417,0.4778209179574653,0.5139381925314801,0.0010000000000000009,Goal_D_stability_drift,Goal D: maximize stability under drift,2.39789648324088,goal_adaptive_FB_controller
SVHNContinual_seed0_task1,SVHNContinual,digits-real,0,1,0.5907885437820896,0.48600740830339945,0.4872015484154762,0.6489232905809461,0.43056991716068865,0.7045170752924451,drift_stabilizer,0.7803758560264162,0.999,0.999,0.6663873195000511,0.4446772337499574,0.6091344318001651,0.0010000000000000009,Goal_D_stability_drift,Goal D: maximize stability under drift,2.351721723850172,goal_adaptive_FB_controller
SVHNContinual_seed0_task2,SVHNContinual,digits-real,0,2,0.582384810889269,0.47937970924600243,0.5039061394990499,0.6511932332451321,0.5653672581963015,0.6453525879162197,drift_stabilizer,0.7785403736030704,0.999,0.999,0.6849074933847384,0.429243755512718,0.5820673541903189,0.0010000000000000009,Goal_D_stability_drift,Goal D: maximize stability under drift,2.350938500627653,goal_adaptive_FB_controller
SVHNContinual_seed0_task3,SVHNContinual,digits-real,0,3,0.5706976280268954,0.48040529130484205,0.5947552598045589,0.702894158359452,0.6726127984293899,0.694507388895887,drift_stabilizer,0.7686281562165411,0.999,0.999,0.6987500297179375,0.41770830856838537,0.6171979411121006,0.0010000000000000009,Goal_D_stability_drift,Goal D: maximize stability under drift,2.3685571651243698,goal_adaptive_FB_controller
SVHNContinual_seed0_task4,SVHNContinual,digits-real,0,4,0.6116274021384005,0.48522090363929393,0.6404280030619915,0.6883902639860887,0.6897716641259805,0.6590538305720246,drift_stabilizer,0.7702911859826506,0.999,0.999,0.6962423158174244,0.4197980701521463,0.5905228425891957,0.0010000000000000009,Goal_D_stability_drift,Goal D: maximize stability under drift,2.3757016178722408,goal_adaptive_FB_controller
SVHNContinual_seed0_task5,SVHNContinual,digits-real,0,5,0.5924111433657719,0.4898963087480462,0.6122421565009929,0.7283905902376918,0.7335259322757786,0.626666038150048,drift_stabilizer,0.7570686964095502,0.999,0.999,0.7193189779112485,0.4005675184072929,0.5885415209134138,0.0010000000000000009,Goal_D_stability_drift,Goal D: maximize stability under drift,2.364282554623947,goal_adaptive_FB_controller
SVHNContinual_seed1_task1,SVHNContinual,digits-real,1,1,0.6031366885636421,0.4732479189147264,0.39831940376209096,0.635248138004372,0.5116579205083807,0.7142319997056367,drift_stabilizer,0.7460251278125133,0.999,0.999,0.6869181545957048,0.42756820450357924,0.6105708369038535,0.0010000000000000009,Goal_D_stability_drift,Goal D: maximize stability under drift,2.3212285055216095,goal_adaptive_FB_controller
SVHNContinual_seed1_task2,SVHNContinual,digits-real,1,2,0.5860008705986327,0.46468216528598055,0.5558026677902348,0.6741227598033842,0.5761773171410235,0.6649684074015767,drift_stabilizer,0.7749047553678314,0.999,0.999,0.6822511266937916,0.4314573944218403,0.5870589756093689,0.0010000000000000009,Goal_D_stability_drift,Goal D: maximize stability under drift,2.360644804685259,goal_adaptive_FB_controller
SVHNContinual_seed1_task3,SVHNContinual,digits-real,1,3,0.6164853751164437,0.5207570971588229,0.5476872805723473,0.6276024382509342,0.6201201942979018,0.7058778860762227,drift_stabilizer,0.7772716444384813,0.999,0.999,0.7051747965935257,0.41235433617206196,0.6173507432844507,0.0010000000000000009,Goal_D_stability_drift,Goal D: maximize stability under drift,2.3619257853488715,goal_adaptive_FB_controller
SVHNContinual_seed1_task4,SVHNContinual,digits-real,1,4,0.5603237787616734,0.5023999556018484,0.6071717971843381,0.6421228253161184,0.678624187247489,0.6720337546464061,drift_stabilizer,0.7620691391883897,0.999,0.999,0.6876392194956192,0.426967317086984,0.602318343735707,0.0010000000000000009,Goal_D_stability_drift,Goal D: maximize stability under drift,2.367717324021287,goal_adaptive_FB_controller
SVHNContinual_seed1_task5,SVHNContinual,digits-real,1,5,0.5903521956629811,0.4691885850278141,0.6312688681712095,0.7002632692622633,0.7576513044512806,0.726902149280249,drift_stabilizer,0.7741047387934958,0.999,0.999,0.722246917362414,0.39812756886465495,0.6206731177194763,0.0010000000000000009,Goal_D_stability_drift,Goal D: maximize stability under drift,2.3771378686535116,goal_adaptive_FB_controller
SVHNContinual_seed2_task1,SVHNContinual,digits-real,2,1,0.5633665041161232,0.49161761621344774,0.41842074233600424,0.6137620287423091,0.530404015444869,0.7436268985579215,drift_stabilizer,0.769806641932948,0.999,0.999,0.6754426706721705,0.4371311077731913,0.6327484749448772,0.0010000000000000009,Goal_D_stability_drift,Goal D: maximize stability under drift,2.336264191878413,goal_adaptive_FB_controller
SVHNContinual_seed2_task2,SVHNContinual,digits-real,2,2,0.5494469091915636,0.4769299570497869,0.48815515982766144,0.6324788526817721,0.5090973516548516,0.7138743559923201,drift_stabilizer,0.7849982172090043,0.999,0.999,0.6725565889536401,0.4395361758719666,0.6134663652361686,0.0010000000000000009,Goal_D_stability_drift,Goal D: maximize stability under drift,2.3537062222739333,goal_adaptive_FB_controller
SVHNContinual_seed2_task3,SVHNContinual,digits-real,2,3,0.5916505508407276,0.5393765274060061,0.5405137326594532,0.6652699218870556,0.5686688851089744,0.6778270285155533,drift_stabilizer,0.7637968235292416,0.999,0.999,0.6852984167535273,0.4289179860387272,0.613213644014624,0.0010000000000000009,Goal_D_stability_drift,Goal D: maximize stability under drift,2.3561907957239923,goal_adaptive_FB_controller
SVHNContinual_seed2_task4,SVHNContinual,digits-real,2,4,0.6054168524096235,0.4402486173425707,0.584809549447483,0.7169600676696432,0.6859853563238327,0.7320834963577217,drift_stabilizer,0.7533409818433362,0.999,0.999,0.7057687939909807,0.4118593383408494,0.6251105173635266,0.0010000000000000009,Goal_D_stability_drift,Goal D: maximize stability under drift,2.36171831027817,goal_adaptive_FB_controller
SVHNContinual_seed2_task5,SVHNContinual,digits-real,2,5,0.5637446887187041,0.4828944407860259,0.6659409216932358,0.7199501451213391,0.7321347609083925,0.7182448902972433,drift_stabilizer,0.7774107304071185,0.999,0.999,0.7131610048488967,0.40569916262591943,0.6099342360998313,0.0010000000000000009,Goal_D_stability_drift,Goal D: maximize stability under drift,2.384527133538079,goal_adaptive_FB_controller
SVHNContinual_seed3_task1,SVHNContinual,digits-real,3,1,0.5885276027343417,0.5255634763903307,0.4735920942558293,0.5890322373711214,0.48892911555075597,0.7384753591482194,drift_stabilizer,0.7696722368045181,0.999,0.999,0.672904335384849,0.43924638717929254,0.6279517889401781,0.0010000000000000009,Goal_D_stability_drift,Goal D: maximize stability under drift,2.3468664815668787,goal_adaptive_FB_controller
SVHNContinual_seed3_task2,SVHNContinual,digits-real,3,2,0.5312992378853533,0.48331550928341127,0.5268746051361451,0.6481753452424809,0.5678061738956911,0.6771894856462664,drift_stabilizer,0.7765128776589051,0.999,0.999,0.6630886470702253,0.4474261274414789,0.5983416624705667,0.0010000000000000009,Goal_D_stability_drift,Goal D: maximize stability under drift,2.3573545259059494,goal_adaptive_FB_controller
SVHNContinual_seed3_task3,SVHNContinual,digits-real,3,3,0.6199003082925738,0.5260286416829557,0.5138324577948258,0.6356716765535357,0.6578974816959147,0.7543962014181311,drift_stabilizer,0.7530433616179886,0.999,0.999,0.7158946466039219,0.4034211278300651,0.6470258630348759,0.0010000000000000009,Goal_D_stability_drift,Goal D: maximize stability under drift,2.3492025443286932,goal_adaptive_FB_controller
SVHNContinual_seed3_task4,SVHNContinual,digits-real,3,4,0.5968339211545671,0.45916904574950496,0.6064680358732583,0.6794767137165842,0.7005671986397475,0.7613295657454036,drift_stabilizer,0.7776959360576192,0.999,0.999,0.697444089778968,0.41879659185085993,0.6277363576812548,0.0010000000000000009,Goal_D_stability_drift,Goal D: maximize stability under drift,2.3751793565483124,goal_adaptive_FB_controller
SVHNContinual_seed3_task5,SVHNContinual,digits-real,3,5,0.5538472915296347,0.5104367430075032,0.6414489593322754,0.6591043076622055,0.6684104074974251,0.7032288967191191,drift_stabilizer,0.7691734263115813,0.999,0.999,0.6969308283338576,0.41922430972178537,0.620097235662606,0.0010000000000000009,Goal_D_stability_drift,Goal D: maximize stability under drift,2.378443140335992,goal_adaptive_FB_controller
SplitCIFAR100Coarse_seed0_task1,SplitCIFAR100Coarse,natural-images,0,1,0.7891440889045508,0.6550693630389074,0.4404313897209378,0.7220676082286035,0.6244076210190063,0.9984088392064309,drift_stabilizer,0.7044473400298311,0.999,0.999,0.7528514401319508,0.3726237998900409,0.7446526203089416,0.0010000000000000009,Goal_D_stability_drift,Goal D: maximize stability under drift,2.3257512127020807,goal_adaptive_FB_controller
SplitCIFAR100Coarse_seed0_task2,SplitCIFAR100Coarse,natural-images,0,2,0.8370038088674012,0.6705661471532373,0.4354246031941269,0.8119930352228502,0.5938712504143434,0.9879015943091742,drift_stabilizer,0.6895215771388586,0.9976741721227643,0.999,0.7571985826111725,0.36900118115735625,0.7414759857475227,0.0023258278772356755,Goal_D_stability_drift,Goal D: maximize stability under drift,2.3182988400169275,goal_adaptive_FB_controller
SplitCIFAR100Coarse_seed0_task3,SplitCIFAR100Coarse,natural-images,0,3,0.7519233787273665,0.6888454773930675,0.5027827072170505,0.7533388778681649,0.6897732714847741,0.9340123684663801,drift_stabilizer,0.7121835981204144,0.998952524654833,0.999,0.7470270692340851,0.3774774423049291,0.7033667070271572,0.001047475345167026,Goal_D_stability_drift,Goal D: maximize stability under drift,2.3370046756222322,goal_adaptive_FB_controller
SplitCIFAR100Coarse_seed0_task4,SplitCIFAR100Coarse,natural-images,0,4,0.8029460515928258,0.6693333139351509,0.5525307134709384,0.8379991311555857,0.7794374539500976,0.9236748638044845,drift_stabilizer,0.6811384723847868,0.999,0.999,0.7771334102475838,0.35238882479368017,0.7195523182411874,0.0010000000000000009,Goal_D_stability_drift,Goal D: maximize stability under drift,2.3364687749499717,goal_adaptive_FB_controller
SplitCIFAR100Coarse_seed0_task5,SplitCIFAR100Coarse,natural-images,0,5,0.7757683300593559,0.681560986747505,0.6234940788336261,0.7965117729626255,0.7826339626856182,0.9388151790198968,drift_stabilizer,0.6989258643011517,0.999,0.999,0.7588169637898181,0.36765253017515154,0.713895427819467,0.0010000000000000009,Goal_D_stability_drift,Goal D: maximize stability under drift,2.357070338747066,goal_adaptive_FB_controller
SplitCIFAR100Coarse_seed1_task1,SplitCIFAR100Coarse,natural-images,1,1,0.7691142062934752,0.6985454725455252,0.352806142848499,0.7414296450316046,0.6114983021682535,0.9177840209929593,drift_stabilizer,0.7106984091221309,0.999,0.999,0.7280426034631138,0.3932978304474052,0.7158930316128354,0.0010000000000000009,Goal_D_stability_drift,Goal D: maximize stability under drift,2.30858930521753,goal_adaptive_FB_controller
SplitCIFAR100Coarse_seed1_task2,SplitCIFAR100Coarse,natural-images,1,2,0.8131131115253547,0.6727614997841525,0.43902156199287384,0.7452575117226714,0.6623221628899711,0.9498368631491109,drift_stabilizer,0.698754812976937,0.999,0.999,0.7502731699170109,0.3747723584024909,0.7385830601907462,0.0010000000000000009,Goal_D_stability_drift,Goal D: maximize stability under drift,2.3229776165673033,goal_adaptive_FB_controller
SplitCIFAR100Coarse_seed1_task3,SplitCIFAR100Coarse,natural-images,1,3,0.7918281031699116,0.6931600126146504,0.5162677364520123,0.7243649381211288,0.7163780334006072,0.9975914102186239,drift_stabilizer,0.7054788557983348,0.999,0.999,0.7784181891717505,0.35131817569020785,0.7710362933834706,0.0010000000000000009,Goal_D_stability_drift,Goal D: maximize stability under drift,2.342837431395387,goal_adaptive_FB_controller
SplitCIFAR100Coarse_seed1_task4,SplitCIFAR100Coarse,natural-images,1,4,0.79002626300174,0.6342717682706962,0.5014316793151644,0.7719438695355011,0.785331289664574,0.9448725395949185,drift_stabilizer,0.7075603881877198,0.999,0.999,0.777847828472584,0.35179347627284663,0.7127067198669632,0.0010000000000000009,Goal_D_stability_drift,Goal D: maximize stability under drift,2.3347925311932105,goal_adaptive_FB_controller
SplitCIFAR100Coarse_seed1_task5,SplitCIFAR100Coarse,natural-images,1,5,0.7710723221501569,0.6594913764709285,0.5727920113514886,0.7489437563131799,0.7742575306729389,1.0,drift_stabilizer,0.7007482300734742,0.999,0.999,0.774175573495498,0.35485368875375156,0.7432541983235724,0.0010000000000000009,Goal_D_stability_drift,Goal D: maximize stability under drift,2.3498738286637884,goal_adaptive_FB_controller
SplitCIFAR100Coarse_seed2_task1,SplitCIFAR100Coarse,natural-images,2,1,0.7809010999956233,0.7020395691474365,0.37977316069236355,0.7410627283934746,0.5701814880887224,0.9190468780122998,drift_stabilizer,0.6996668546217684,0.999,0.999,0.7399079635979855,0.3834100303350121,0.7054000816673995,0.0010000000000000009,Goal_D_stability_drift,Goal D: maximize stability under drift,2.3085725863074438,goal_adaptive_FB_controller
SplitCIFAR100Coarse_seed2_task2,SplitCIFAR100Coarse,natural-images,2,2,0.7268590118434352,0.6658653819845225,0.4985588187173504,0.7342935034705377,0.6817924365092294,0.8612412365328956,drift_stabilizer,0.728577136129563,0.999,0.999,0.7467602756798599,0.37769977026678336,0.6779588811789283,0.0010000000000000009,Goal_D_stability_drift,Goal D: maximize stability under drift,2.339394926256306,goal_adaptive_FB_controller
SplitCIFAR100Coarse_seed2_task3,SplitCIFAR100Coarse,natural-images,2,3,0.7629835268947399,0.6952627324404606,0.48484518505244173,0.7212045645047555,0.6907043340877023,1.0,drift_stabilizer,0.7083203898975224,0.999,0.999,0.7503776574005836,0.37468528549951363,0.7383052250810941,0.0010000000000000009,Goal_D_stability_drift,Goal D: maximize stability under drift,2.3354489912206957,goal_adaptive_FB_controller
SplitCIFAR100Coarse_seed2_task4,SplitCIFAR100Coarse,natural-images,2,4,0.809740989495605,0.6497017512715937,0.5346875795765424,0.7819835200817745,0.8176403667231928,0.9261845263853163,drift_stabilizer,0.6951258562997591,0.999,0.999,0.7800020610780898,0.34999828243492515,0.7127269294496528,0.0010000000000000009,Goal_D_stability_drift,Goal D: maximize stability under drift,2.3369972351710206,goal_adaptive_FB_controller
SplitCIFAR100Coarse_seed2_task5,SplitCIFAR100Coarse,natural-images,2,5,0.8266684095557615,0.6705958799598599,0.5564168615163934,0.7518494344203964,0.8630383594402056,0.8793962754653915,drift_stabilizer,0.6888097820054239,0.999,0.999,0.803081639605312,0.3307653003289066,0.6912889658417133,0.0010000000000000009,Goal_D_stability_drift,Goal D: maximize stability under drift,2.3360226742334906,goal_adaptive_FB_controller
SplitCIFAR100Coarse_seed3_task1,SplitCIFAR100Coarse,natural-images,3,1,0.7246851542948537,0.6642819126679692,0.3797456973252263,0.6558755154960977,0.5452369976970267,0.9912891965369105,drift_stabilizer,0.7239700721958975,0.999,0.999,0.7203881786131128,0.399676517822406,0.7294764915838766,0.0010000000000000009,Goal_D_stability_drift,Goal D: maximize stability under drift,2.3202941906436525,goal_adaptive_FB_controller
SplitCIFAR100Coarse_seed3_task2,SplitCIFAR100Coarse,natural-images,3,2,0.7798570251325917,0.6355350753962129,0.41745002713744617,0.6639768599788402,0.7251510320012058,0.9417048472445149,drift_stabilizer,0.7125613711331222,0.999,0.999,0.7634540080412495,0.363788326632292,0.7182754496080597,0.0010000000000000009,Goal_D_stability_drift,Goal D: maximize stability under drift,2.320919956611075,goal_adaptive_FB_controller
SplitCIFAR100Coarse_seed3_task3,SplitCIFAR100Coarse,natural-images,3,3,0.7857986424152088,0.6885323579339555,0.5136159980759754,0.7852830580575973,0.6778296745770466,0.9882214057836011,drift_stabilizer,0.7004841431032922,0.999,0.999,0.7596907966498934,0.3669243361250888,0.7547599013477438,0.0010000000000000009,Goal_D_stability_drift,Goal D: maximize stability under drift,2.339712133442761,goal_adaptive_FB_controller
SplitCIFAR100Coarse_seed3_task4,SplitCIFAR100Coarse,natural-images,3,4,0.7590954001243444,0.7525382228300437,0.5208969715671715,0.7431629210946596,0.7574473497866683,0.9475228343480618,drift_stabilizer,0.6981957343374235,0.999,0.999,0.7765932672974896,0.3528389439187587,0.7327677816601248,0.0010000000000000009,Goal_D_stability_drift,Goal D: maximize stability under drift,2.3374624472991696,goal_adaptive_FB_controller
SplitCIFAR100Coarse_seed3_task5,SplitCIFAR100Coarse,natural-images,3,5,0.7987209979268307,0.6636399242406119,0.5632639290031075,0.7842879979320456,0.8356312274774824,0.9510333818817231,drift_stabilizer,0.6966494681793417,0.9924393374253385,0.999,0.7864554640945423,0.3446204465878814,0.7103355822623875,0.007560662574661481,Goal_D_stability_drift,Goal D: maximize stability under drift,2.3391236630171597,goal_adaptive_FB_controller
SplitCIFAR10_seed0_task1,SplitCIFAR10,natural-images,0,1,0.5951231963401031,0.5642485168109856,0.369689596676834,0.5708510588190269,0.5682309930521252,0.8229390949639573,drift_stabilizer,0.7668967388660946,0.999,0.999,0.6681936350025524,0.4431719708312063,0.6725130758815802,0.0010000000000000009,Goal_D_stability_drift,Goal D: maximize stability under drift,2.3297877461488827,goal_adaptive_FB_controller
SplitCIFAR10_seed0_task2,SplitCIFAR10,natural-images,0,2,0.6409294866074664,0.5394724043628817,0.2768408068454159,0.5518869410178018,0.5972224096938984,0.7809047050536093,drift_stabilizer,0.7608731092053233,0.999,0.999,0.7082192129911253,0.40981732250739555,0.6402637239615148,0.0010000000000000009,Goal_D_stability_drift,Goal D: maximize stability under drift,2.3042356199510983,goal_adaptive_FB_controller
SplitCIFAR10_seed0_task3,SplitCIFAR10,natural-images,0,3,0.6409084803212819,0.5964730543019499,0.34629753266279356,0.6508863433033627,0.6587311995675998,0.8156240234387195,drift_stabilizer,0.7519486329252723,0.999,0.999,0.7095107707096702,0.40874102440860816,0.6664363124313609,0.0010000000000000009,Goal_D_stability_drift,Goal D: maximize stability under drift,2.3175529510134383,goal_adaptive_FB_controller
SplitCIFAR10_seed0_task4,SplitCIFAR10,natural-images,0,4,0.5878694360117495,0.5362476691695974,0.42808053014802955,0.6414781733222988,0.6354029073287497,0.8081779193625046,drift_stabilizer,0.7530179883397785,0.999,0.999,0.6854960887043207,0.4287532594130661,0.6550813846789066,0.0010000000000000009,Goal_D_stability_drift,Goal D: maximize stability under drift,2.334132587281043,goal_adaptive_FB_controller
SplitCIFAR10_seed0_task5,SplitCIFAR10,natural-images,0,5,0.6341080583895364,0.5049368983136355,0.4713382031398682,0.6548650410983033,0.7603690150583142,0.8191969331606075,drift_stabilizer,0.7571677403185264,0.999,0.999,0.7256578596386776,0.3952851169677687,0.6490589871779325,0.0010000000000000009,Goal_D_stability_drift,Goal D: maximize stability under drift,2.3419522366650116,goal_adaptive_FB_controller
SplitCIFAR10_seed1_task1,SplitCIFAR10,natural-images,1,1,0.5896277139646589,0.5563696010624222,0.2948426931429208,0.6256854474364846,0.45306153223791623,0.7156946476662303,drift_stabilizer,0.7691558010858709,0.999,0.999,0.666474838803636,0.44460430099697,0.6166870883243478,0.0010000000000000009,Goal_D_stability_drift,Goal D: maximize stability under drift,2.310113024352294,goal_adaptive_FB_controller
SplitCIFAR10_seed1_task2,SplitCIFAR10,natural-images,1,2,0.6253031061571721,0.5887812447262923,0.27882544326857994,0.6106002449812726,0.6112840535218916,0.7929443735764788,drift_stabilizer,0.7703401678653277,0.999,0.999,0.7022108172339319,0.41482431897172345,0.6625527273272488,0.0010000000000000009,Goal_D_stability_drift,Goal D: maximize stability under drift,2.310424870999238,goal_adaptive_FB_controller
SplitCIFAR10_seed1_task3,SplitCIFAR10,natural-images,1,3,0.6554451046891967,0.5882470330735468,0.4473537773161577,0.667943574963561,0.6110606447596912,0.7580463244379467,drift_stabilizer,0.7518299845629588,0.999,0.999,0.7005473141457623,0.416210571545198,0.6455839671011409,0.0010000000000000009,Goal_D_stability_drift,Goal D: maximize stability under drift,2.335990704592178,goal_adaptive_FB_controller
SplitCIFAR10_seed1_task4,SplitCIFAR10,natural-images,1,4,0.6308233085156676,0.5878155453697678,0.3718970344032895,0.629110995507831,0.6733343965800674,0.7991907299821233,drift_stabilizer,0.758102117572254,0.999,0.999,0.7172984605263732,0.4022512828946889,0.6574422548654685,0.0010000000000000009,Goal_D_stability_drift,Goal D: maximize stability under drift,2.3235975582553476,goal_adaptive_FB_controller
SplitCIFAR10_seed1_task5,SplitCIFAR10,natural-images,1,5,0.6330664908622213,0.5496347766142244,0.45894260361929456,0.6498391324986418,0.6988371954646971,0.7767976022631671,drift_stabilizer,0.7548790061884657,0.999,0.999,0.7054355226523769,0.41213706445635256,0.6460986596047105,0.0010000000000000009,Goal_D_stability_drift,Goal D: maximize stability under drift,2.339221103552387,goal_adaptive_FB_controller
SplitCIFAR10_seed2_task1,SplitCIFAR10,natural-images,2,1,0.661393144674172,0.5374582613657736,0.3086905319695931,0.6010293017472977,0.565551180590767,0.8651676801165903,drift_stabilizer,0.7566659535040672,0.999,0.999,0.6875796239935958,0.4270169800053367,0.6788171821548548,0.0010000000000000009,Goal_D_stability_drift,Goal D: maximize stability under drift,2.3138420192297007,goal_adaptive_FB_controller
SplitCIFAR10_seed2_task2,SplitCIFAR10,natural-images,2,2,0.5851627668696491,0.5232021127120186,0.33013044317168483,0.5981258369970281,0.5623650595625325,0.7264191142421776,drift_stabilizer,0.7630554327404514,0.999,0.999,0.6871200017713066,0.4273999985239111,0.6323012191207743,0.0010000000000000009,Goal_D_stability_drift,Goal D: maximize stability under drift,2.315729585843134,goal_adaptive_FB_controller
SplitCIFAR10_seed2_task3,SplitCIFAR10,natural-images,2,3,0.6096594993657131,0.5145184151305742,0.35191651081777336,0.6223468321924149,0.5596230206377104,0.7759311084609678,drift_stabilizer,0.76806654768876,0.999,0.999,0.6898292524068027,0.42514228966099776,0.6356645330018406,0.0010000000000000009,Goal_D_stability_drift,Goal D: maximize stability under drift,2.3220597783356913,goal_adaptive_FB_controller
SplitCIFAR10_seed2_task4,SplitCIFAR10,natural-images,2,4,0.600254479537546,0.5345108443191785,0.3459247753101631,0.5800591383893343,0.7285238170213131,0.7777004361785671,drift_stabilizer,0.7672719391067396,0.999,0.999,0.7114983963608131,0.40708466969932233,0.6445981279469549,0.0010000000000000009,Goal_D_stability_drift,Goal D: maximize stability under drift,2.3205749950739913,goal_adaptive_FB_controller
SplitCIFAR10_seed2_task5,SplitCIFAR10,natural-images,2,5,0.6134587030524706,0.615544494811624,0.44223219757419086,0.6513766548607212,0.7275055641287176,0.8241851235922791,drift_stabilizer,0.7565101159370404,0.999,0.999,0.7179213504930356,0.40173220792247033,0.6632736769729174,0.0010000000000000009,Goal_D_stability_drift,Goal D: maximize stability under drift,2.3376505117467032,goal_adaptive_FB_controller
SplitCIFAR10_seed3_task1,SplitCIFAR10,natural-images,3,1,0.6642775849315627,0.5406182123248098,0.3679707422271125,0.6608654258821052,0.5839322958041161,0.7840231105215867,drift_stabilizer,0.7623985849651278,0.999,0.999,0.7102704167030592,0.4081079860807839,0.6325926659014203,0.0010000000000000009,Goal_D_stability_drift,Goal D: maximize stability under drift,2.322124724928953,goal_adaptive_FB_controller
SplitCIFAR10_seed3_task2,SplitCIFAR10,natural-images,3,2,0.6049674739000255,0.5454938331713125,0.4028071007748514,0.6796834614811847,0.6170858046550558,0.8220747133258542,drift_stabilizer,0.7620959035305378,0.999,0.999,0.6984218227913341,0.4179818143405548,0.6675461166632353,0.0010000000000000009,Goal_D_stability_drift,Goal D: maximize stability under drift,2.332968127353855,goal_adaptive_FB_controller
SplitCIFAR10_seed3_task3,SplitCIFAR10,natural-images,3,3,0.609001277460961,0.5672576047431225,0.47949572662832796,0.6412179749198721,0.6267267871976827,0.76887040189945,drift_stabilizer,0.761841128989122,0.999,0.999,0.7012950574316107,0.41558745214032444,0.6449593265882253,0.0010000000000000009,Goal_D_stability_drift,Goal D: maximize stability under drift,2.3458229465923712,goal_adaptive_FB_controller
SplitCIFAR10_seed3_task4,SplitCIFAR10,natural-images,3,4,0.599801877106193,0.5946273990570489,0.3976960168860714,0.6205759285393436,0.6420284985510225,0.8113600978246194,drift_stabilizer,0.7570196815165693,0.999,0.999,0.6934534568424673,0.42212211929794385,0.6633205627149711,0.0010000000000000009,Goal_D_stability_drift,Goal D: maximize stability under drift,2.3299547149410307,goal_adaptive_FB_controller
SplitCIFAR10_seed3_task5,SplitCIFAR10,natural-images,3,5,0.6395417347053697,0.5379995638429645,0.45849075722691907,0.6691472869175004,0.7210438674985883,0.8356264448973989,drift_stabilizer,0.7720837021609163,0.999,0.999,0.7234627736082712,0.3971143553264407,0.6720017502182494,0.0010000000000000009,Goal_D_stability_drift,Goal D: maximize stability under drift,2.346991641838406,goal_adaptive_FB_controller
SplitFashionMNIST_seed0_task1,SplitFashionMNIST,fashion,0,1,0.3807521821563378,0.46717666120450047,0.1808695683462322,0.4199432028836281,0.3864781342229844,0.6399003384425044,drift_stabilizer,0.845564274335576,0.999,0.999,0.6051092169629892,0.4957423191975089,0.5730356253769535,0.0010000000000000009,Goal_D_stability_drift,Goal D: maximize stability under drift,2.3122759142705998,goal_adaptive_FB_controller
SplitFashionMNIST_seed0_task2,SplitFashionMNIST,fashion,0,2,0.3685302569197805,0.4567965547888964,0.2479400497607773,0.4461506030568815,0.48076073829601057,0.6184799924875616,drift_stabilizer,0.837963951575976,0.999,0.999,0.6056984039475869,0.4952513300436776,0.5778513875341866,0.0010000000000000009,Goal_D_stability_drift,Goal D: maximize stability under drift,2.3234735102493977,goal_adaptive_FB_controller
SplitFashionMNIST_seed0_task3,SplitFashionMNIST,fashion,0,3,0.4026070629431854,0.43116451019978635,0.2372383101070944,0.4813944673365708,0.5559463359358148,0.6546950256144441,drift_stabilizer,0.8233107914473435,0.999,0.999,0.6260423126634326,0.47829807278047287,0.5738606798624691,0.0010000000000000009,Goal_D_stability_drift,Goal D: maximize stability under drift,2.3149599629912383,goal_adaptive_FB_controller
SplitFashionMNIST_seed0_task4,SplitFashionMNIST,fashion,0,4,0.3891909280210307,0.4250609251826696,0.28062115274915805,0.43870433785264823,0.5944977679011091,0.5950286985093669,drift_stabilizer,0.8367573717405467,0.999,0.999,0.6246571778822394,0.4794523517648005,0.554652918204963,0.0010000000000000009,Goal_D_stability_drift,Goal D: maximize stability under drift,2.3264710958372095,goal_adaptive_FB_controller
SplitFashionMNIST_seed0_task5,SplitFashionMNIST,fashion,0,5,0.3677343403138047,0.42025209460791313,0.3036322937822363,0.5089304808077337,0.6334666384843415,0.6779051082656592,drift_stabilizer,0.8371891302501617,0.999,0.999,0.6517479601185531,0.4568766999012057,0.6089703771277183,0.0010000000000000009,Goal_D_stability_drift,Goal D: maximize stability under drift,2.3355228005930795,goal_adaptive_FB_controller
SplitFashionMNIST_seed1_task1,SplitFashionMNIST,fashion,1,1,0.41041833063543803,0.44375406808292506,0.19845685180309924,0.43021508820464843,0.4501174862454107,0.6209350900294169,drift_stabilizer,0.8063978473021638,0.999,0.999,0.6205221558511234,0.4828982034573972,0.5605472708467114,0.0010000000000000009,Goal_D_stability_drift,Goal D: maximize stability under drift,2.3001905628035577,goal_adaptive_FB_controller
SplitFashionMNIST_seed1_task2,SplitFashionMNIST,fashion,1,2,0.4315114128310036,0.441533418061148,0.25035097779407656,0.4887921037892913,0.47459758513169953,0.5960761947807884,drift_stabilizer,0.8201693094659317,0.999,0.999,0.6034115070627851,0.497157077447679,0.5796443258706623,0.0010000000000000009,Goal_D_stability_drift,Goal D: maximize stability under drift,2.318001670135783,goal_adaptive_FB_controller
SplitFashionMNIST_seed1_task3,SplitFashionMNIST,fashion,1,3,0.36552637014116496,0.48694053026354267,0.2614808878770518,0.39933448249222075,0.49048393723552836,0.6309231452777158,drift_stabilizer,0.8380692301288151,0.999,0.999,0.6262005539854083,0.4781662050121597,0.5789366086629542,0.0010000000000000009,Goal_D_stability_drift,Goal D: maximize stability under drift,2.3254700830598236,goal_adaptive_FB_controller
SplitFashionMNIST_seed1_task4,SplitFashionMNIST,fashion,1,4,0.39131769793887156,0.547123078620316,0.25933227393754826,0.44635952801099865,0.5947686714736051,0.6647997021294646,drift_stabilizer,0.8239723687783751,0.999,0.999,0.6163212871380908,0.4863989273849243,0.6079447977529778,0.0010000000000000009,Goal_D_stability_drift,Goal D: maximize stability under drift,2.323419343549698,goal_adaptive_FB_controller
SplitFashionMNIST_seed1_task5,SplitFashionMNIST,fashion,1,5,0.38662635374056525,0.458214248691706,0.2655645480135361,0.4315922477060668,0.6044013611056935,0.6732835197486579,drift_stabilizer,0.8247275000691199,0.999,0.999,0.6181785086227494,0.4848512428143755,0.5908620247025833,0.0010000000000000009,Goal_D_stability_drift,Goal D: maximize stability under drift,2.3231431863282737,goal_adaptive_FB_controller
SplitFashionMNIST_seed2_task1,SplitFashionMNIST,fashion,2,1,0.40066181276053725,0.44507347271644654,0.23451611494557628,0.49357430232011024,0.46596749632275475,0.6259836226917374,drift_stabilizer,0.8249835005222655,0.999,0.999,0.6221665070103016,0.48152791082474866,0.5753275950841791,0.0010000000000000009,Goal_D_stability_drift,Goal D: maximize stability under drift,2.3153096999985743,goal_adaptive_FB_controller
SplitFashionMNIST_seed2_task2,SplitFashionMNIST,fashion,2,2,0.39216592874978384,0.4538230682910619,0.18612280836677741,0.45478541262715566,0.5212691123254068,0.593641328389066,drift_stabilizer,0.8231528055971586,0.999,0.999,0.6309851827705497,0.47417901435787524,0.5648146599320053,0.0010000000000000009,Goal_D_stability_drift,Goal D: maximize stability under drift,2.303581235781782,goal_adaptive_FB_controller
SplitFashionMNIST_seed2_task3,SplitFashionMNIST,fashion,2,3,0.33381395994618895,0.4484938036471359,0.3247690321046144,0.43089290508965405,0.48087416635062086,0.6437575716903422,drift_stabilizer,0.8542464337942509,0.999,0.999,0.5963480342166365,0.5030433048194696,0.5849260865704966,0.0010000000000000009,Goal_D_stability_drift,Goal D: maximize stability under drift,2.345619878340513,goal_adaptive_FB_controller
SplitFashionMNIST_seed2_task4,SplitFashionMNIST,fashion,2,4,0.34879615488155685,0.43840755381884255,0.2974896509765069,0.4603351524623008,0.5632812529506968,0.5830948914637215,drift_stabilizer,0.8538198292215154,0.999,0.999,0.6096736730078717,0.4919386058267736,0.5594420565159026,0.0010000000000000009,Goal_D_stability_drift,Goal D: maximize stability under drift,2.3369165084355656,goal_adaptive_FB_controller
SplitFashionMNIST_seed2_task5,SplitFashionMNIST,fashion,2,5,0.39196661973560215,0.4454242140808284,0.322400358867788,0.4448126524856268,0.6654346754208411,0.6319252679584378,drift_stabilizer,0.8194931795282523,0.999,0.999,0.6288658982135383,0.47594508482205133,0.5695761646978661,0.0010000000000000009,Goal_D_stability_drift,Goal D: maximize stability under drift,2.3300930752475617,goal_adaptive_FB_controller
SplitFashionMNIST_seed3_task1,SplitFashionMNIST,fashion,3,1,0.3473075384596984,0.47122468177423193,0.18794863524914446,0.4416778440139004,0.3542761899153115,0.6677035764531971,drift_stabilizer,0.8533220958134188,0.999,0.999,0.5787298261553816,0.5177251448705154,0.5968575117156041,0.0010000000000000009,Goal_D_stability_drift,Goal D: maximize stability under drift,2.319886879272562,goal_adaptive_FB_controller
SplitFashionMNIST_seed3_task2,SplitFashionMNIST,fashion,3,2,0.38680870883793267,0.4174186833459431,0.26721583190023235,0.43386513113186104,0.5433911626255871,0.6248816997279327,drift_stabilizer,0.8214586280708829,0.999,0.999,0.6220475378881564,0.48162705175986964,0.5651007569226073,0.0010000000000000009,Goal_D_stability_drift,Goal D: maximize stability under drift,2.31959167131873,goal_adaptive_FB_controller
SplitFashionMNIST_seed3_task3,SplitFashionMNIST,fashion,3,3,0.3897642233100701,0.44812519841260945,0.24140636475861607,0.44538765852738516,0.5584456621419324,0.6354080991108447,drift_stabilizer,0.8244030689887705,0.999,0.999,0.6162746718066241,0.4864377734944799,0.5892415903158078,0.0010000000000000009,Goal_D_stability_drift,Goal D: maximize stability under drift,2.318120113531146,goal_adaptive_FB_controller
SplitFashionMNIST_seed3_task4,SplitFashionMNIST,fashion,3,4,0.39970257873027026,0.45773982772123967,0.2186977962083539,0.4751758049735592,0.6141815769211848,0.6424753099812005,drift_stabilizer,0.832442656269812,0.999,0.999,0.6395464817132184,0.46704459857231795,0.5758627681690139,0.0010000000000000009,Goal_D_stability_drift,Goal D: maximize stability under drift,2.3140892561223807,goal_adaptive_FB_controller
SplitFashionMNIST_seed3_task5,SplitFashionMNIST,fashion,3,5,0.3949408363879826,0.4613952420085171,0.30255132774101173,0.4530164336181758,0.5846725184727097,0.6185142642524779,drift_stabilizer,0.8356111093068167,0.999,0.999,0.6262931729027962,0.47808902258100316,0.5735207766513802,0.0010000000000000009,Goal_D_stability_drift,Goal D: maximize stability under drift,2.332270172334228,goal_adaptive_FB_controller
SplitKMNIST_seed0_task1,SplitKMNIST,characters,0,1,0.4697127088414757,0.34179762127425806,0.20590011227468663,0.4435468756372052,0.44819700435955007,0.6791779298840739,drift_stabilizer,0.8132078655016292,0.999,0.999,0.6295749928016112,0.475354172665324,0.5885008820421163,0.0010000000000000009,Goal_D_stability_drift,Goal D: maximize stability under drift,2.3064793921955307,goal_adaptive_FB_controller
SplitKMNIST_seed0_task2,SplitKMNIST,characters,0,2,0.4315588178495182,0.37162351144443273,0.28890191823904277,0.4733827163151329,0.5073865355255709,0.6230696342963967,drift_stabilizer,0.8187581173797872,0.999,0.999,0.6340970612832337,0.47158578226397185,0.550085641743531,0.0010000000000000009,Goal_D_stability_drift,Goal D: maximize stability under drift,2.320975797634638,goal_adaptive_FB_controller
SplitKMNIST_seed0_task3,SplitKMNIST,characters,0,3,0.4399578681610788,0.40216473523398555,0.2858285550041667,0.4989818328968745,0.5621207078661286,0.6683680962158971,drift_stabilizer,0.8274374129215194,0.999,0.999,0.6405620180841604,0.4661983182631997,0.5796205547995641,0.0010000000000000009,Goal_D_stability_drift,Goal D: maximize stability under drift,2.3260836112054806,goal_adaptive_FB_controller
SplitKMNIST_seed0_task4,SplitKMNIST,characters,0,4,0.40891624113554775,0.3903225615493837,0.2640033016637626,0.4682722436151559,0.6226267777926504,0.6463692691921309,drift_stabilizer,0.8340645189072072,0.999,0.999,0.6275091815840176,0.4770756820133186,0.5661346050964662,0.0010000000000000009,Goal_D_stability_drift,Goal D: maximize stability under drift,2.3232376859002546,goal_adaptive_FB_controller
SplitKMNIST_seed0_task5,SplitKMNIST,characters,0,5,0.4481963268651736,0.39685475698278444,0.3617931681967128,0.5105603466756653,0.6468182749767682,0.6687289751245816,drift_stabilizer,0.816986216875763,0.999,0.999,0.6570466473928332,0.452461127172639,0.5914940053265766,0.0010000000000000009,Goal_D_stability_drift,Goal D: maximize stability under drift,2.33810390780351,goal_adaptive_FB_controller
SplitKMNIST_seed1_task1,SplitKMNIST,characters,1,1,0.40992842836207904,0.4100721449511301,0.2139282124714011,0.45890837737958257,0.41630854200454764,0.7081277651824076,drift_stabilizer,0.819149774169734,0.999,0.999,0.6164260677806961,0.48631161018275326,0.5996024308927148,0.0010000000000000009,Goal_D_stability_drift,Goal D: maximize stability under drift,2.311821101409602,goal_adaptive_FB_controller
SplitKMNIST_seed1_task2,SplitKMNIST,characters,1,2,0.4656656983473609,0.3473480689464505,0.26080713549801476,0.49181373716337656,0.5040878402945852,0.5848600686180363,drift_stabilizer,0.8274644465014024,0.999,0.999,0.6297775916151308,0.47518534032072435,0.5423076446840023,0.0010000000000000009,Goal_D_stability_drift,Goal D: maximize stability under drift,2.317811853432431,goal_adaptive_FB_controller
SplitKMNIST_seed1_task3,SplitKMNIST,characters,1,3,0.431881273228102,0.3757576381290579,0.3521853195438866,0.49430772849060095,0.5244671595124806,0.6591911401736178,drift_stabilizer,0.8293387385972778,0.999,0.999,0.6409931082159247,0.4658390764867294,0.5860461457280911,0.0010000000000000009,Goal_D_stability_drift,Goal D: maximize stability under drift,2.3406317537510613,goal_adaptive_FB_controller
SplitKMNIST_seed1_task4,SplitKMNIST,characters,1,4,0.4120980908295716,0.37353689742943746,0.2620260216520839,0.47827367604779275,0.5399584643513752,0.6925469090122468,drift_stabilizer,0.8303779999989799,0.999,0.999,0.63223337886557,0.47313885094535835,0.5907020426212416,0.0010000000000000009,Goal_D_stability_drift,Goal D: maximize stability under drift,2.3238122459351214,goal_adaptive_FB_controller
SplitKMNIST_seed1_task5,SplitKMNIST,characters,1,5,0.40349277794386396,0.442321042302932,0.34212448310162924,0.4574136362948369,0.5870531915490932,0.6583080456633699,drift_stabilizer,0.8285844983148525,0.999,0.999,0.6464820017219608,0.46126499856503267,0.5806597782244187,0.0010000000000000009,Goal_D_stability_drift,Goal D: maximize stability under drift,2.3375902738845973,goal_adaptive_FB_controller
SplitKMNIST_seed2_task1,SplitKMNIST,characters,2,1,0.42719807237425006,0.3487060136998262,0.22863562740492877,0.4456931286766152,0.4539620862151731,0.6687945289807565,drift_stabilizer,0.8312143160604101,0.999,0.999,0.617757352784989,0.4852022060125092,0.5685139860858189,0.0010000000000000009,Goal_D_stability_drift,Goal D: maximize stability under drift,2.315817917885856,goal_adaptive_FB_controller
SplitKMNIST_seed2_task2,SplitKMNIST,characters,2,2,0.42528538715278313,0.399671535183187,0.23936537298814345,0.4493722474532167,0.39241707474120685,0.7147251254701994,drift_stabilizer,0.8394364315365883,0.999,0.999,0.6254578665064533,0.4787851112446222,0.6073627083986561,0.0010000000000000009,Goal_D_stability_drift,Goal D: maximize stability under drift,2.324403478962934,goal_adaptive_FB_controller
SplitKMNIST_seed2_task3,SplitKMNIST,characters,2,3,0.44315128387095176,0.3898499322321634,0.2759205480314769,0.50993628938514,0.5346919238343283,0.6518361451328278,drift_stabilizer,0.8161626871177456,0.999,0.999,0.6279496423510867,0.47670863137409436,0.5645796608314607,0.0010000000000000009,Goal_D_stability_drift,Goal D: maximize stability under drift,2.3191792636397506,goal_adaptive_FB_controller
SplitKMNIST_seed2_task4,SplitKMNIST,characters,2,4,0.4171748913023331,0.39951542961623554,0.23064403471024197,0.4631496639727843,0.6013195761110102,0.740621615898952,drift_stabilizer,0.8351688990046626,0.999,0.999,0.6395985884524513,0.4670011762896239,0.6269521837107535,0.0010000000000000009,Goal_D_stability_drift,Goal D: maximize stability under drift,2.322537069972295,goal_adaptive_FB_controller
SplitKMNIST_seed2_task5,SplitKMNIST,characters,2,5,0.405533564988147,0.42400395908272387,0.2782049246685278,0.5088181177462999,0.6082951631897321,0.6749329854884509,drift_stabilizer,0.8195300121466561,0.999,0.999,0.6391734390805296,0.467355467432892,0.5882841146707469,0.0010000000000000009,Goal_D_stability_drift,Goal D: maximize stability under drift,2.322717033038821,goal_adaptive_FB_controller
SplitKMNIST_seed3_task1,SplitKMNIST,characters,3,1,0.40629817004638485,0.45347238061182815,0.20499594246631953,0.47062460701617226,0.3828470534109738,0.669444259074977,drift_stabilizer,0.8315261430940075,0.999,0.999,0.6101613834373991,0.49153218046883407,0.5942200453634915,0.0010000000000000009,Goal_D_stability_drift,Goal D: maximize stability under drift,2.3140909529474643,goal_adaptive_FB_controller
SplitKMNIST_seed3_task2,SplitKMNIST,characters,3,2,0.4339709536289738,0.39889167959029,0.2753213768047772,0.5006476411892806,0.42815000678874354,0.6262837601252919,drift_stabilizer,0.8189365375285419,0.999,0.999,0.6153345010595813,0.4872212491170156,0.5642633876603358,0.0010000000000000009,Goal_D_stability_drift,Goal D: maximize stability under drift,2.3205244004424683,goal_adaptive_FB_controller
SplitKMNIST_seed3_task3,SplitKMNIST,characters,3,3,0.45501077157366143,0.3869273712707713,0.2968249676231874,0.4591287401199968,0.5532997334394424,0.6422206838809527,drift_stabilizer,0.8197150885049729,0.999,0.999,0.6323089120684225,0.4730759066096478,0.5691187443791477,0.0010000000000000009,Goal_D_stability_drift,Goal D: maximize stability under drift,2.3248715792762504,goal_adaptive_FB_controller
SplitKMNIST_seed3_task4,SplitKMNIST,characters,3,4,0.40640911359641574,0.428505937831582,0.28758395728684866,0.43909594335634666,0.6099470447656976,0.6853062034150225,drift_stabilizer,0.8201246205896491,0.999,0.999,0.6382358280920772,0.4681368099232689,0.6010313177913225,0.0010000000000000009,Goal_D_stability_drift,Goal D: maximize stability under drift,2.3261128641475852,goal_adaptive_FB_controller
SplitKMNIST_seed3_task5,SplitKMNIST,characters,3,5,0.39983245992387206,0.3478985352522437,0.30789140237480095,0.4652980763741006,0.608778602123293,0.6923313049451381,drift_stabilizer,0.8315675852040091,0.999,0.999,0.6258947381369647,0.47842105155252934,0.6046901927742451,0.0010000000000000009,Goal_D_stability_drift,Goal D: maximize stability under drift,2.3350554288709398,goal_adaptive_FB_controller
SplitMNIST_seed0_task1,SplitMNIST,digits,0,1,0.1156408304387371,0.13874287450119005,0.07039288584742817,0.1967933289232454,0.27993992864489575,0.302377879258495,RC2O_static,0.995,0.999,0.9837635547948866,0.4671910043078755,0.6106741630767704,0.4818124878699457,0.0010000000000000009,Goal_D_stability_drift,Goal D: maximize stability under drift,2.3183457470366373,goal_adaptive_FB_controller
SplitMNIST_seed0_task2,SplitMNIST,digits,0,2,0.15015739537106806,0.12839042954153182,0.06453189473949407,0.24627945302147272,0.38476746754935676,0.21538772341289958,RC2O_static,0.9832736256757642,0.999,0.999,0.47582471814528315,0.6034794015455973,0.44641771125738083,0.0010000000000000009,Goal_D_stability_drift,Goal D: maximize stability under drift,2.3299549827584864,goal_adaptive_FB_controller
SplitMNIST_seed0_task3,SplitMNIST,digits,0,3,0.11840572901619742,0.13935579531224807,0.06773201240546381,0.2430181565392833,0.3337902830202953,0.3111632328036094,RC2O_static,0.995,0.999,0.999,0.48591338700338293,0.5950721774971809,0.46110950793753447,0.0010000000000000009,Goal_D_stability_drift,Goal D: maximize stability under drift,2.335747415747224,goal_adaptive_FB_controller
SplitMNIST_seed0_task4,SplitMNIST,digits,0,4,0.18525204303982962,0.0723214737618836,0.09434468433861336,0.280087776258653,0.47024766294986736,0.28950346268958566,RC2O_static,0.9670028139547133,0.999,0.999,0.512951928131854,0.5725400598901217,0.4472954570163007,0.0010000000000000009,Goal_D_stability_drift,Goal D: maximize stability under drift,2.328757601511141,goal_adaptive_FB_controller
SplitMNIST_seed0_task5,SplitMNIST,digits,0,5,0.13838087749215947,0.1017541802655163,0.07917179012981182,0.291401737769978,0.5356209470768569,0.24491673230835093,RC2O_static,0.995,0.999,0.9937010351340054,0.5100430647019822,0.5749641127483481,0.4343113911290509,0.0010000000000000009,Goal_D_stability_drift,Goal D: maximize stability under drift,2.327110360142311,goal_adaptive_FB_controller
SplitMNIST_seed1_task1,SplitMNIST,digits,1,1,0.1412010818066855,0.06742883692384186,0.03662732449902006,0.2533001818547762,0.2753819666529619,0.2701761282379126,RC2O_static,0.9829696793503644,0.999,0.999,0.477229832812594,0.6023084726561716,0.4569838479477444,0.0010000000000000009,Goal_D_stability_drift,Goal D: maximize stability under drift,2.3252713356351147,goal_adaptive_FB_controller
SplitMNIST_seed1_task2,SplitMNIST,digits,1,2,0.16244999488984335,0.10986911560568266,0.10217055774717239,0.26280959472266235,0.36817537936074735,0.33808761072364724,RC2O_static,0.9759725384630873,0.999,0.999,0.4992147148287318,0.5839877376427235,0.47715588506657436,0.0010000000000000009,Goal_D_stability_drift,Goal D: maximize stability under drift,2.3370190412887593,goal_adaptive_FB_controller
SplitMNIST_seed1_task3,SplitMNIST,digits,1,3,0.1840498088315293,0.09953857297524371,0.09774200012531535,0.2699265100771329,0.38713672990923864,0.2684318691796249,RC2O_static,0.9708819600875236,0.999,0.999,0.5134661766753424,0.5721115194372146,0.4553325582168608,0.0010000000000000009,Goal_D_stability_drift,Goal D: maximize stability under drift,2.331576369449218,goal_adaptive_FB_controller
SplitMNIST_seed1_task4,SplitMNIST,digits,1,4,0.20195450084444358,0.07471616778281728,0.18807453512544722,0.28107126478444927,0.5047457731895469,0.2615865195679625,RC2O_static,0.9763088801274244,0.999,0.9827124794349498,0.512110167084974,0.5732415274291882,0.4570354724206025,0.0010000000000000009,Goal_D_stability_drift,Goal D: maximize stability under drift,2.3291502174416414,goal_adaptive_FB_controller
SplitMNIST_seed1_task5,SplitMNIST,digits,1,5,0.1692596978520151,0.1300871711100096,0.04376918222847759,0.28291567121049416,0.5532403417290499,0.2833544591222786,RC2O_static,0.9823032531475666,0.999,0.999,0.520751683002246,0.566040264164795,0.4681216563867693,0.0010000000000000009,Goal_D_stability_drift,Goal D: maximize stability under drift,2.325765400057815,goal_adaptive_FB_controller
SplitMNIST_seed2_task1,SplitMNIST,digits,2,1,0.1507801433555985,0.10143014859189539,0.10364652376207192,0.25143092818134644,0.25052565757441186,0.29300366907885467,RC2O_static,0.9897530695884635,0.999,0.999,0.4651442562003182,0.6123797864997349,0.48260069947804685,0.0010000000000000009,Goal_D_stability_drift,Goal D: maximize stability under drift,2.3441012090764155,goal_adaptive_FB_controller
SplitMNIST_seed2_task2,SplitMNIST,digits,2,2,0.1365161113011586,0.14243491765981306,0.09481523943490536,0.2925785030959676,0.37966421567921416,0.32895464078270453,RC2O_static,0.995,0.999,0.999,0.4889692986124722,0.5925255844896065,0.4886044287841418,0.0010000000000000009,Goal_D_stability_drift,Goal D: maximize stability under drift,2.343780806941989,goal_adaptive_FB_controller
SplitMNIST_seed2_task3,SplitMNIST,digits,2,3,0.13105550003207225,0.09982958088337249,0.09302547359785406,0.2506102464554514,0.44921137140839845,0.28391218910984756,RC2O_static,0.995,0.999,0.999,0.5001006973561064,0.5832494188699113,0.45315946696926934,0.0010000000000000009,Goal_D_stability_drift,Goal D: maximize stability under drift,2.339414907265274,goal_adaptive_FB_controller
SplitMNIST_seed2_task4,SplitMNIST,digits,2,4,0.13738382373373115,0.10924384599934318,0.13620155681204676,0.2830131575003036,0.4605991464890704,0.2603136777211199,RC2O_static,0.995,0.999,0.9928611214927299,0.48752268745688976,0.5937310937859253,0.4418947467763412,0.0010000000000000009,Goal_D_stability_drift,Goal D: maximize stability under drift,2.3389843894712086,goal_adaptive_FB_controller
SplitMNIST_seed2_task5,SplitMNIST,digits,2,5,0.16578543635245707,0.08656289809072543,0.0703648019899094,0.23910474420137484,0.5305612994085463,0.22195612573013107,RC2O_static,0.995,0.999,0.999,0.5236843330536239,0.56359638912198,0.43425293335286375,0.0010000000000000009,Goal_D_stability_drift,Goal D: maximize stability under drift,2.3320140002289693,goal_adaptive_FB_controller
SplitMNIST_seed3_task1,SplitMNIST,digits,3,1,0.1506632545106428,0.051252823767483156,0.09347500297465011,0.2663096168897839,0.36583140828415367,0.22791095413219348,RC2O_static,0.995,0.999,0.999,0.49016251874131167,0.5915312343822403,0.4307389316607966,0.0010000000000000009,Goal_D_stability_drift,Goal D: maximize stability under drift,2.337676760479527,goal_adaptive_FB_controller
SplitMNIST_seed3_task2,SplitMNIST,digits,3,2,0.13675075086255742,0.057184235027194705,0.05831276647795754,0.16021185444298736,0.43217052373132453,0.2908222407611112,RC2O_static,0.995,0.999,0.999,0.48807622876334034,0.5932698093638831,0.45708924240546056,0.0010000000000000009,Goal_D_stability_drift,Goal D: maximize stability under drift,2.3333733054510364,goal_adaptive_FB_controller
SplitMNIST_seed3_task3,SplitMNIST,digits,3,3,0.16683666644527684,0.07627813675509686,0.08980183747034003,0.2641977950762912,0.39167424736590345,0.33996601621344635,RC2O_static,0.9794939726614009,0.999,0.999,0.49656209289504194,0.5861982559207983,0.46915761179572824,0.0010000000000000009,Goal_D_stability_drift,Goal D: maximize stability under drift,2.335090971533677,goal_adaptive_FB_controller
SplitMNIST_seed3_task4,SplitMNIST,digits,3,4,0.1301762160289187,0.08363897531116124,0.07176139327012726,0.22768453227743934,0.43658567785474145,0.2409032694790533,RC2O_static,0.9930990952172536,0.999,0.9956301175811131,0.49731560923042495,0.5855703256413125,0.44870790861272203,0.0010000000000000009,Goal_D_stability_drift,Goal D: maximize stability under drift,2.3295742100877437,goal_adaptive_FB_controller
SplitMNIST_seed3_task5,SplitMNIST,digits,3,5,0.14837249583142043,0.08208253559953144,0.07743446833286557,0.2624861674821214,0.5178328349345104,0.25367839861551705,RC2O_static,0.9873699417614876,0.999,0.999,0.5069934828759101,0.5775054309367416,0.445616914189657,0.0010000000000000009,Goal_D_stability_drift,Goal D: maximize stability under drift,2.3325878493552303,goal_adaptive_FB_controller
PermutedMNIST_seed0_task1,PermutedMNIST,digits,0,1,0.30620350844740607,0.21106340804060866,0.5252767818175056,0.5003298580041625,0.39079667592747497,0.44182189438722463,specialization_promoter,0.9048767448261134,0.9534946880629951,0.8788525136128411,0.5953902465456057,0.5038414612119952,0.6927802074995701,0.04650531193700491,Goal_E_specialization,Goal E: maximize host specialization,1.7988870041892493,goal_adaptive_FB_controller
PermutedMNIST_seed0_task2,PermutedMNIST,digits,0,2,0.3142711755917313,0.2868605979484679,0.612701949171781,0.5330519641142752,0.5065051799223501,0.48096093558145175,specialization_promoter,0.876540534303167,0.957233522715838,0.8627370768907484,0.6008612183764018,0.49928231801966516,0.720756376187218,0.04276647728416205,Goal_E_specialization,Goal E: maximize host specialization,1.8331328422855764,goal_adaptive_FB_controller
PermutedMNIST_seed0_task3,PermutedMNIST,digits,0,3,0.3234725104655376,0.24981202616291312,0.640758142906764,0.5314057959696514,0.5444085068720945,0.47794208042103453,specialization_promoter,0.8843717040120556,0.9476575797938509,0.8500028388638327,0.6211546567309806,0.48237111939084953,0.7267062405936459,0.0523424202061491,Goal_E_specialization,Goal E: maximize host specialization,1.8367461741255497,goal_adaptive_FB_controller
PermutedMNIST_seed0_task4,PermutedMNIST,digits,0,4,0.32282837326154157,0.20964190399331073,0.6424089713039788,0.532052816126734,0.5340252447673753,0.36541191909343096,specialization_promoter,0.9007527253875962,0.9619268726657344,0.8585946581879775,0.6296929571535933,0.47525586903867223,0.6607504211912258,0.0380731273342656,Goal_E_specialization,Goal E: maximize host specialization,1.737517621912938,goal_adaptive_FB_controller
PermutedMNIST_seed0_task5,PermutedMNIST,digits,0,5,0.35678682835845554,0.23502761334811392,0.7131178362041983,0.5830930474536621,0.5943984447707402,0.41900179837778556,specialization_promoter,0.8735129849172257,0.9497758425512494,0.8424511472129544,0.6196071405760739,0.483660716186605,0.6978391234458478,0.05022415744875064,Goal_E_specialization,Goal E: maximize host specialization,1.7823444570454434,goal_adaptive_FB_controller
PermutedMNIST_seed1_task1,PermutedMNIST,digits,1,1,0.3210417234032721,0.2513543414975021,0.5150454782616497,0.4946254982190633,0.3762536837102827,0.44703333662785005,specialization_promoter,0.8865776869826744,0.9554228313088806,0.8778739470294515,0.5940624998693921,0.5049479167755067,0.7105849730395013,0.044577168691119384,Goal_E_specialization,Goal E: maximize host specialization,1.8201367859780233,goal_adaptive_FB_controller
PermutedMNIST_seed1_task2,PermutedMNIST,digits,1,2,0.31306995848012326,0.2647169260343134,0.5039710459105972,0.5009038266173627,0.4969106352354117,0.5139940208212204,specialization_promoter,0.8953450722373966,0.9500337592032482,0.8777023719195443,0.61183210903356,0.4901399091387,0.7326194269545909,0.049966240796751826,Goal_E_specialization,Goal E: maximize host specialization,1.861894865256138,goal_adaptive_FB_controller
PermutedMNIST_seed1_task3,PermutedMNIST,digits,1,3,0.3463406319390595,0.23080609365980087,0.5907726257952066,0.5327731515677512,0.4725150457372488,0.4709169165108234,specialization_promoter,0.8845765688483704,0.9455771826800035,0.8672829788931253,0.6216987274163613,0.48191772715303216,0.7072038305973498,0.05442281731999654,Goal_E_specialization,Goal E: maximize host specialization,1.8112947772957766,goal_adaptive_FB_controller
PermutedMNIST_seed1_task4,PermutedMNIST,digits,1,4,0.34234954901552295,0.2300218736109157,0.6576161305897169,0.5786080759254457,0.5343438022162803,0.48260954030143677,specialization_promoter,0.8839574323607227,0.9489063535711596,0.8532883214676533,0.611130411373174,0.4907246571890216,0.6994134949795155,0.0510936464288404,Goal_E_specialization,Goal E: maximize host specialization,1.7994343922868121,goal_adaptive_FB_controller
PermutedMNIST_seed1_task5,PermutedMNIST,digits,1,5,0.3209297170788323,0.2917281388036251,0.654555480115323,0.5521461113558415,0.5843251734683311,0.480321285346126,specialization_promoter,0.8905257044214651,0.9376843214110934,0.8547474400071641,0.628826290639421,0.47597809113381584,0.715024239488168,0.06231567858890663,Goal_E_specialization,Goal E: maximize host specialization,1.8199197679701946,goal_adaptive_FB_controller
PermutedMNIST_seed2_task1,PermutedMNIST,digits,2,1,0.35564727080584174,0.2700683468630563,0.5196930200663868,0.5310528670180544,0.4328877374827303,0.4748950457832441,specialization_promoter,0.8893914847767114,0.9499672291858623,0.8724373807165292,0.6092890216115263,0.49225914865706133,0.7146734203979349,0.050032770814137706,Goal_E_specialization,Goal E: maximize host specialization,1.8272180076779585,goal_adaptive_FB_controller
PermutedMNIST_seed2_task2,PermutedMNIST,digits,2,2,0.2930926218820866,0.26513863182659847,0.538288909866798,0.47181237922283215,0.42558731343906153,0.46164923669534397,specialization_promoter,0.8892223520274493,0.954034083072095,0.8777441390542117,0.5911924985546443,0.5073395845377964,0.709025151122954,0.04596591692790497,Goal_E_specialization,Goal E: maximize host specialization,1.8204280824990364,goal_adaptive_FB_controller
PermutedMNIST_seed2_task3,PermutedMNIST,digits,2,3,0.3603518485788121,0.25801184558844326,0.5608335648905618,0.5697349258848045,0.5285975825049662,0.4010021556687567,specialization_promoter,0.8781695088768586,0.9432365434965893,0.8751997663201252,0.616196479207064,0.48650293399411326,0.6894479634274023,0.05676345650341075,Goal_E_specialization,Goal E: maximize host specialization,1.7755956785299292,goal_adaptive_FB_controller
PermutedMNIST_seed2_task4,PermutedMNIST,digits,2,4,0.3381023515310466,0.20095131843887665,0.6350835055932001,0.5750952786046599,0.5526345683387371,0.5301728148520302,specialization_promoter,0.8665363711511815,0.9546599679351448,0.873437181038115,0.6211821483275984,0.4823482097270013,0.7438217982386751,0.04534003206485515,Goal_E_specialization,Goal E: maximize host specialization,1.8718658543980875,goal_adaptive_FB_controller
PermutedMNIST_seed2_task5,PermutedMNIST,digits,2,5,0.3313433139057956,0.23689558228135443,0.7452047422217002,0.6080564239666443,0.5906853038024131,0.43953071997894394,specialization_promoter,0.8939797022230919,0.9414844590426298,0.8305385062260239,0.6377129682908533,0.4685725264242888,0.6927470991801428,0.058515540957370216,Goal_E_specialization,Goal E: maximize host specialization,1.7778078114038243,goal_adaptive_FB_controller
PermutedMNIST_seed3_task1,PermutedMNIST,digits,3,1,0.33820233143031536,0.2809247648164643,0.47705112182143433,0.5320313038262525,0.39011132638679985,0.4431487645799913,specialization_promoter,0.8792893709244574,0.9525323234559656,0.8798312206697176,0.6081466377886823,0.49321113517609805,0.6953633393841302,0.04746767654403439,Goal_E_specialization,Goal E: maximize host specialization,1.7945352593653958,goal_adaptive_FB_controller
PermutedMNIST_seed3_task2,PermutedMNIST,digits,3,2,0.3163806725460198,0.2374960641389353,0.5385106474188486,0.48647631698650673,0.4999662612562959,0.4528345448482969,specialization_promoter,0.8895054821537749,0.9542561970300661,0.8719060415303699,0.5921472800216573,0.5065439333152856,0.7048372545113551,0.045743802969933856,Goal_E_specialization,Goal E: maximize host specialization,1.811797435861593,goal_adaptive_FB_controller
PermutedMNIST_seed3_task3,PermutedMNIST,digits,3,3,0.34279688810331904,0.24582614497010352,0.577326445043787,0.5261246923527113,0.4804510033862693,0.47298241903196353,specialization_promoter,0.8855514949743932,0.9612129072782959,0.8797038832510655,0.6205744857791398,0.48285459518405016,0.7138855864583483,0.03878709272170411,Goal_E_specialization,Goal E: maximize host specialization,1.8293746292855702,goal_adaptive_FB_controller
PermutedMNIST_seed3_task4,PermutedMNIST,digits,3,4,0.3165708272487415,0.23899488927315304,0.6624530778215765,0.5363207462165485,0.5213040345215337,0.48328901683844755,specialization_promoter,0.8818294195114368,0.9541739388167023,0.8587962260424312,0.6120892654339637,0.4899256121383636,0.7171904270822994,0.045826061183297684,Goal_E_specialization,Goal E: maximize host specialization,1.8275254724551822,goal_adaptive_FB_controller
PermutedMNIST_seed3_task5,PermutedMNIST,digits,3,5,0.32596861601809224,0.30300780528121535,0.7023007379586476,0.5412449131739672,0.6181700482645692,0.4607824695332994,specialization_promoter,0.8777234984583945,0.9502349988349282,0.8369996992209526,0.6337893161581005,0.4718422365349162,0.7179510190258585,0.049765001165071765,Goal_E_specialization,Goal E: maximize host specialization,1.8166273102150265,goal_adaptive_FB_controller
RotatedMNIST_seed0_task1,RotatedMNIST,digits,0,1,0.3146463308271441,0.3200415082748845,0.4499043764199615,0.46608603500679896,0.38304810754680935,0.5089663714789666,specialization_promoter,0.8896600452379853,0.9614212341178449,0.8820814026873123,0.5895017002180062,0.5087485831516615,0.749652200417623,0.03857876588215514,Goal_E_specialization,Goal E: maximize host specialization,1.8896221862635076,goal_adaptive_FB_controller
RotatedMNIST_seed0_task2,RotatedMNIST,digits,0,2,0.30585475540657026,0.3490682138047014,0.47873358958863993,0.47270523306366846,0.3567686524257889,0.5346692773775623,specialization_promoter,0.8930374437747128,0.9561615354056568,0.8863485059550003,0.5964194114236971,0.5029838238135858,0.761754264578325,0.04383846459434315,Goal_E_specialization,Goal E: maximize host specialization,1.9113215890505528,goal_adaptive_FB_controller
RotatedMNIST_seed0_task3,RotatedMNIST,digits,0,3,0.29555749646793283,0.29057310098826605,0.5643342902529968,0.5297858529819985,0.4284624317107788,0.5499321099797583,specialization_promoter,0.9016897561161193,0.9561056300499157,0.8622652070913427,0.5805370762218778,0.5162191031484351,0.7439990729687818,0.04389436995008433,Goal_E_specialization,Goal E: maximize host specialization,1.8849444172920644,goal_adaptive_FB_controller
RotatedMNIST_seed0_task4,RotatedMNIST,digits,0,4,0.316903101454213,0.3084488885698326,0.5559602735186167,0.4864588889082124,0.6036367545600482,0.5120282468618095,specialization_promoter,0.8883983425079887,0.9585112185325546,0.8616741663433785,0.6212353376422024,0.4823038852981646,0.739515419630031,0.04148878146744539,Goal_E_specialization,Goal E: maximize host specialization,1.8676829774315455,goal_adaptive_FB_controller
RotatedMNIST_seed0_task5,RotatedMNIST,digits,0,5,0.3389213900699279,0.29718176813105585,0.6149772522652208,0.5507819143121175,0.6270009190222688,0.4830783468026229,specialization_promoter,0.8908065638395574,0.9470874313619956,0.8611563893308039,0.6290983549928446,0.4757513708392961,0.7298435925986647,0.05291256863800442,Goal_E_specialization,Goal E: maximize host specialization,1.8462480416707392,goal_adaptive_FB_controller
RotatedMNIST_seed1_task1,RotatedMNIST,digits,1,1,0.2906920235384069,0.28477477584893685,0.42585316826160313,0.42793214578729544,0.3817029377995565,0.469784728151274,specialization_promoter,0.8882637501169448,0.9615884130193122,0.8892211614356962,0.578293002616936,0.5180891644858867,0.7119683851214245,0.038411586980687806,Goal_E_specialization,Goal E: maximize host specialization,1.8312170922893325,goal_adaptive_FB_controller
RotatedMNIST_seed1_task2,RotatedMNIST,digits,1,2,0.3265682319593292,0.2789012436695616,0.5441066649648169,0.5538402914421798,0.4996565756466801,0.5012156463283127,specialization_promoter,0.8807580133099381,0.9487248830511675,0.866021824435607,0.6161426230218416,0.48654781414846526,0.7552431757999817,0.051275116948832467,Goal_E_specialization,Goal E: maximize host specialization,1.8849639423533588,goal_adaptive_FB_controller
RotatedMNIST_seed1_task3,RotatedMNIST,digits,1,3,0.32670573425184485,0.32451877748576796,0.4869325951830318,0.4963206837439743,0.5159352054760277,0.6044239330605587,specialization_promoter,0.8813705804738449,0.9665073129367124,0.8756055035673731,0.6136686156009246,0.48860948699922946,0.7934717171267287,0.03349268706328756,Goal_E_specialization,Goal E: maximize host specialization,1.964800695593666,goal_adaptive_FB_controller
RotatedMNIST_seed1_task4,RotatedMNIST,digits,1,4,0.29016477051897926,0.3143753478234113,0.559948835798045,0.5234075399151786,0.5205772712950277,0.5441774823084808,specialization_promoter,0.917236237824034,0.9585887215435892,0.8660506994167118,0.6041304465147169,0.4965579612377359,0.7529708658861695,0.041411278456410794,Goal_E_specialization,Goal E: maximize host specialization,1.902548687682595,goal_adaptive_FB_controller
RotatedMNIST_seed1_task5,RotatedMNIST,digits,1,5,0.35676060850946123,0.2875568893258405,0.7002950742487211,0.5671393659994899,0.568213593706577,0.49832062388410486,specialization_promoter,0.8813962301159061,0.9607134586565079,0.8538699944265433,0.6209787739696571,0.4825176883586191,0.7395045586960722,0.039286541343492076,Goal_E_specialization,Goal E: maximize host specialization,1.8622595185069017,goal_adaptive_FB_controller
RotatedMNIST_seed2_task1,RotatedMNIST,digits,2,1,0.29905518199764436,0.24021535026139512,0.4189602067701992,0.43305401150068684,0.39140195709833486,0.4965692580761236,specialization_promoter,0.9069871385913943,0.9730174159600729,0.8959634188507376,0.5933994187558329,0.5055004843701392,0.7366832718355999,0.02698258403992715,Goal_E_specialization,Goal E: maximize host specialization,1.8809525154211904,goal_adaptive_FB_controller
RotatedMNIST_seed2_task2,RotatedMNIST,digits,2,2,0.30634692278281694,0.29474536505159943,0.49925974012136975,0.4582301474189383,0.3849378045078447,0.599756383213272,specialization_promoter,0.9072545197648244,0.9511439312202181,0.8858175384549589,0.5912734365477188,0.5072721362102344,0.7847994709702295,0.04885606877978188,Goal_E_specialization,Goal E: maximize host specialization,1.9579545109809329,goal_adaptive_FB_controller
RotatedMNIST_seed2_task3,RotatedMNIST,digits,2,3,0.38369785565266634,0.2562452672010205,0.5218404293164506,0.6161409794628477,0.5144939908682541,0.47947962233296765,specialization_promoter,0.880672766794036,0.9511665658493244,0.8761022820773713,0.6363788915881443,0.4696842570098797,0.7324334234364287,0.04883343415067565,Goal_E_specialization,Goal E: maximize host specialization,1.8510840850526922,goal_adaptive_FB_controller
RotatedMNIST_seed2_task4,RotatedMNIST,digits,2,4,0.3055541788029402,0.33533133754924893,0.639310383173817,0.5548312180807138,0.5475193705356831,0.5446682920014587,specialization_promoter,0.8982254371630779,0.9393442847727353,0.8578013460269429,0.6157334163963893,0.48688881966967557,0.7635589289140889,0.06065571522726465,Goal_E_specialization,Goal E: maximize host specialization,1.9040475156358034,goal_adaptive_FB_controller
RotatedMNIST_seed2_task5,RotatedMNIST,digits,2,5,0.29712818802523316,0.2651522475836035,0.6546767615313087,0.556483192363537,0.604278561938093,0.4555226574406656,specialization_promoter,0.8984520627262695,0.9430914632833629,0.8581519819974971,0.6182077262300941,0.4848268948082549,0.7163314990227463,0.05690853671663709,Goal_E_specialization,Goal E: maximize host specialization,1.8235509673320436,goal_adaptive_FB_controller
RotatedMNIST_seed3_task1,RotatedMNIST,digits,3,1,0.3029037128036037,0.29056326059711496,0.47546407004769914,0.47774386648937417,0.3609400408615923,0.5413663043500635,specialization_promoter,0.8967422507349211,0.9536118703996113,0.8791831987791418,0.5890168156948243,0.5091526535876464,0.7548174769446502,0.04638812960038874,Goal_E_specialization,Goal E: maximize host specialization,1.901089812180278,goal_adaptive_FB_controller
RotatedMNIST_seed3_task2,RotatedMNIST,digits,3,2,0.31576017905722253,0.2996404270355048,0.462726638388594,0.49017464301821867,0.4534941957815557,0.4749552219224912,specialization_promoter,0.8942350832361771,0.9527012439682767,0.8797395217137821,0.6037846784770667,0.496846101269111,0.7258053017163805,0.04729875603172329,Goal_E_specialization,Goal E: maximize host specialization,1.8476402446001958,goal_adaptive_FB_controller
RotatedMNIST_seed3_task3,RotatedMNIST,digits,3,3,0.34210064666858203,0.3093952732217573,0.5523529067279033,0.5839346555337048,0.451950279105784,0.5162106731189404,specialization_promoter,0.8893696044258333,0.9434906325772016,0.8678964563095408,0.6223453370208364,0.48137888581596966,0.7456378712795984,0.05650936742279844,Goal_E_specialization,Goal E: maximize host specialization,1.874493501183795,goal_adaptive_FB_controller
RotatedMNIST_seed3_task4,RotatedMNIST,digits,3,4,0.32782505660321964,0.2986335411465836,0.6132480062628524,0.5762849925621533,0.5109095173562921,0.5110074590294308,specialization_promoter,0.8787285425126629,0.955624052667213,0.8545953558449102,0.615735987439585,0.48688667713367917,0.7433641641682963,0.04437594733278705,Goal_E_specialization,Goal E: maximize host specialization,1.86781349953211,goal_adaptive_FB_controller
RotatedMNIST_seed3_task5,RotatedMNIST,digits,3,5,0.3170229423881547,0.2775590303032716,0.6323835997492148,0.5174897899945093,0.6105073075954186,0.5261643801316539,specialization_promoter,0.8888286182146267,0.9465196045928138,0.8613961661420823,0.6366148984510417,0.46948758462413187,0.7420779181472786,0.05348039540718619,Goal_E_specialization,Goal E: maximize host specialization,1.8693240706700558,goal_adaptive_FB_controller
SVHNContinual_seed0_task1,SVHNContinual,digits-real,0,1,0.5907885437820896,0.48600740830339945,0.4872015484154762,0.6489232905809461,0.43056991716068865,0.7045170752924451,specialization_promoter,0.8225260412340013,0.9405902709993977,0.8716554486575803,0.6763873195000512,0.43634390041662396,0.8586764808352585,0.05940972900060226,Goal_E_specialization,Goal E: maximize host specialization,2.0488696485629383,goal_adaptive_FB_controller
SVHNContinual_seed0_task2,SVHNContinual,digits-real,0,2,0.582384810889269,0.47937970924600243,0.5039061394990499,0.6511932332451321,0.5653672581963015,0.6453525879162197,specialization_promoter,0.8205248663342205,0.9394045411166851,0.8560046227987829,0.6949074933847385,0.42091042217938457,0.8245096647402651,0.06059545888331486,Goal_E_specialization,Goal E: maximize host specialization,1.9825334356237077,goal_adaptive_FB_controller
SVHNContinual_seed0_task3,SVHNContinual,digits-real,0,3,0.5706976280268954,0.48040529130484205,0.5947552598045589,0.702894158359452,0.6726127984293899,0.694507388895887,specialization_promoter,0.8106382884991622,0.9308051181175347,0.8532706747989038,0.7087500297179375,0.40937497523505206,0.865538827779607,0.06919488188246525,Goal_E_specialization,Goal E: maximize host specialization,2.0449214792028014,goal_adaptive_FB_controller
SVHNContinual_seed0_task4,SVHNContinual,digits-real,0,4,0.6116274021384005,0.48522090363929393,0.6404280030619915,0.6883902639860887,0.6897716641259805,0.6590538305720246,specialization_promoter,0.8124217085736329,0.9511782329637818,0.8440580621421159,0.7062423158174244,0.411464736818813,0.8346093022578387,0.04882176703621821,Goal_E_specialization,Goal E: maximize host specialization,1.9974007844225912,goal_adaptive_FB_controller
SVHNContinual_seed0_task5,SVHNContinual,digits-real,0,5,0.5924111433657719,0.4898963087480462,0.6122421565009929,0.7283905902376918,0.7335259322757786,0.626666038150048,specialization_promoter,0.7993161041282514,0.9498996058583205,0.8406837870892131,0.7293189779112486,0.39223418507395946,0.8287414454914195,0.05010039414167955,Goal_E_specialization,Goal E: maximize host specialization,1.9772171440947595,goal_adaptive_FB_controller
SVHNContinual_seed1_task1,SVHNContinual,digits-real,1,1,0.6031366885636421,0.4732479189147264,0.39831940376209096,0.635248138004372,0.5116579205083807,0.7142319997056367,specialization_promoter,0.7878563257853815,0.9441014866055975,0.8756061189732892,0.6969181545957048,0.41923487117024594,0.8612786768685299,0.05589851339440255,Goal_E_specialization,Goal E: maximize host specialization,2.0452073891283704,goal_adaptive_FB_controller
SVHNContinual_seed1_task2,SVHNContinual,digits-real,1,2,0.5860008705986327,0.46468216528598055,0.5558026677902348,0.6741227598033842,0.5761773171410235,0.6649684074015767,specialization_promoter,0.816521809499981,0.9465376174920009,0.8516832993651811,0.6922511266937916,0.423124061088507,0.8318551844975581,0.05346238250799906,Goal_E_specialization,Goal E: maximize host specialization,1.9966308385098361,goal_adaptive_FB_controller
SVHNContinual_seed1_task3,SVHNContinual,digits-real,1,3,0.6164853751164437,0.5207570971588229,0.5476872805723473,0.6276024382509342,0.6201201942979018,0.7058778860762227,specialization_promoter,0.8202905718674519,0.9463445097912472,0.8658440231982562,0.7151747965935257,0.40402100283872855,0.8670560896135975,0.05365549020875282,Goal_E_specialization,Goal E: maximize host specialization,2.0595854453466593,goal_adaptive_FB_controller
SVHNContinual_seed1_task4,SVHNContinual,digits-real,1,4,0.5603237787616734,0.5023999556018484,0.6071717971843381,0.6421228253161184,0.678624187247489,0.6720337546464061,specialization_promoter,0.804629138078436,0.9375527459545062,0.8566689609507678,0.6976392194956192,0.4186339837536506,0.8479623942932757,0.06244725404549378,Goal_E_specialization,Goal E: maximize host specialization,2.0164746072583526,goal_adaptive_FB_controller
SVHNContinual_seed1_task5,SVHNContinual,digits-real,1,5,0.5903521956629811,0.4691885850278141,0.6312688681712095,0.7002632692622633,0.7576513044512806,0.726902149280249,specialization_promoter,0.8158344534191913,0.94547313393026,0.8381413056187133,0.732246917362414,0.38979423553132164,0.8729013756331061,0.05452686606974,Goal_E_specialization,Goal E: maximize host specialization,2.0627369487022515,goal_adaptive_FB_controller
SVHNContinual_seed2_task1,SVHNContinual,digits-real,2,1,0.5633665041161232,0.49161761621344774,0.41842074233600424,0.6137620287423091,0.530404015444869,0.7436268985579215,specialization_promoter,0.8120970823382843,0.9433062578789405,0.8806789306428082,0.6854426706721705,0.4287977744398579,0.8869837027718277,0.05669374212105949,Goal_E_specialization,Goal E: maximize host specialization,2.097575610182557,goal_adaptive_FB_controller
SVHNContinual_seed2_task2,SVHNContinual,digits-real,2,2,0.5494469091915636,0.4769299570497869,0.48815515982766144,0.6324788526817721,0.5090973516548516,0.7138743559923201,specialization_promoter,0.826921466135249,0.951735847178584,0.8596363514409742,0.6825565889536401,0.43120284253863317,0.864131287955247,0.04826415282141605,Goal_E_specialization,Goal E: maximize host specialization,2.0600198960572818,goal_adaptive_FB_controller
SVHNContinual_seed2_task3,SVHNContinual,digits-real,2,3,0.5916505508407276,0.5393765274060061,0.5405137326594532,0.6652699218870556,0.5686688851089744,0.6778270285155533,specialization_promoter,0.8072812367143918,0.9476333385304606,0.85863386862395,0.6952984167535273,0.4205846527053939,0.8595528874364903,0.05236666146953939,Goal_E_specialization,Goal E: maximize host specialization,2.039084106312583,goal_adaptive_FB_controller
SVHNContinual_seed2_task4,SVHNContinual,digits-real,2,4,0.6054168524096235,0.4402486173425707,0.584809549447483,0.7169600676696432,0.6859853563238327,0.7320834963577217,specialization_promoter,0.7943471972769005,0.94363175350283,0.849039231671238,0.7157687939909807,0.403526005007516,0.8779605369264532,0.05636824649716998,Goal_E_specialization,Goal E: maximize host specialization,2.0676246021602602,goal_adaptive_FB_controller
SVHNContinual_seed2_task5,SVHNContinual,digits-real,2,5,0.5637446887187041,0.4828944407860259,0.6659409216932358,0.7199501451213391,0.7321347609083925,0.7182448902972433,specialization_promoter,0.8194830914267692,0.9376295471760395,0.8245010467034787,0.7231610048488967,0.3973658292925861,0.8611236229355005,0.062370452823960476,Goal_E_specialization,Goal E: maximize host specialization,2.039343764101802,goal_adaptive_FB_controller
SVHNContinual_seed3_task1,SVHNContinual,digits-real,3,1,0.5885276027343417,0.5255634763903307,0.4735920942558293,0.5890322373711214,0.48892911555075597,0.7384753591482194,specialization_promoter,0.8128113237142764,0.946418123555673,0.8646454121073259,0.682904335384849,0.4309130538459591,0.8815688320379643,0.05358187644432699,Goal_E_specialization,Goal E: maximize host specialization,2.0857971351219886,goal_adaptive_FB_controller
SVHNContinual_seed3_task2,SVHNContinual,digits-real,3,2,0.5312992378853533,0.48331550928341127,0.5268746051361451,0.6481753452424809,0.5678061738956911,0.6771894856462664,specialization_promoter,0.8185957653909904,0.945308323711002,0.8680639954022806,0.6730886470702253,0.4390927941081455,0.8446044007481186,0.05469167628899796,Goal_E_specialization,Goal E: maximize host specialization,2.0227492502399738,goal_adaptive_FB_controller
SVHNContinual_seed3_task3,SVHNContinual,digits-real,3,3,0.6199003082925738,0.5260286416829557,0.5138324577948258,0.6356716765535357,0.6578974816959147,0.7543962014181311,specialization_promoter,0.7961940776600624,0.9369652008257588,0.8529086853951631,0.7258946466039219,0.3950877944967317,0.9025534072050515,0.06303479917424115,Goal_E_specialization,Goal E: maximize host specialization,2.1075530167406895,goal_adaptive_FB_controller
SVHNContinual_seed3_task4,SVHNContinual,digits-real,3,4,0.5968339211545671,0.45916904574950496,0.6064680358732583,0.6794767137165842,0.7005671986397475,0.7613295657454036,specialization_promoter,0.8191751622013569,0.9364266136798828,0.848136084594765,0.707444089778968,0.41046325851752663,0.8840959055707032,0.06357338632011722,Goal_E_specialization,Goal E: maximize host specialization,2.087384859732475,goal_adaptive_FB_controller
SVHNContinual_seed3_task5,SVHNContinual,digits-real,3,5,0.5538472915296347,0.5104367430075032,0.6414489593322754,0.6591043076622055,0.6684104074974251,0.7032288967191191,specialization_promoter,0.8119343448867689,0.9344366319337603,0.8352359376970041,0.7069308283338576,0.41089097638845196,0.8694847032689004,0.06556336806623975,Goal_E_specialization,Goal E: maximize host specialization,2.0493585294216357,goal_adaptive_FB_controller
SplitCIFAR100Coarse_seed0_task1,SplitCIFAR100Coarse,natural-images,0,1,0.7891440889045508,0.6550693630389074,0.4404313897209378,0.7220676082286035,0.6244076210190063,0.9984088392064309,specialization_promoter,0.7508240741058039,0.9444263431710711,0.8557443917779926,0.7628514401319508,0.3642904665567076,0.999,0.0555736568289289,Goal_E_specialization,Goal E: maximize host specialization,2.288857832528841,goal_adaptive_FB_controller
SplitCIFAR100Coarse_seed0_task2,SplitCIFAR100Coarse,natural-images,0,2,0.8370038088674012,0.6705661471532373,0.4354246031941269,0.8119930352228502,0.5938712504143434,0.9879015943091742,specialization_promoter,0.7362857308176896,0.9296114340269405,0.8672415351641842,0.7671985826111725,0.36066784782402295,0.999,0.07038856597305954,Goal_E_specialization,Goal E: maximize host specialization,2.280638869920416,goal_adaptive_FB_controller
SplitCIFAR100Coarse_seed0_task3,SplitCIFAR100Coarse,natural-images,0,3,0.7519233787273665,0.6888454773930675,0.5027827072170505,0.7533388778681649,0.6897732714847741,0.9340123684663801,specialization_promoter,0.7594047350552411,0.9288690434383214,0.8458241571019544,0.7570270692340851,0.36914410897159566,0.9804481912431229,0.07113095656167856,Goal_E_specialization,Goal E: maximize host specialization,2.2430930260791686,goal_adaptive_FB_controller
SplitCIFAR100Coarse_seed0_task4,SplitCIFAR100Coarse,natural-images,0,4,0.8029460515928258,0.6693333139351509,0.5525307134709384,0.8379991311555857,0.7794374539500976,0.9236748638044845,specialization_promoter,0.7278718052331655,0.9406825076363748,0.84573531064303,0.7871334102475838,0.34405549146034686,0.9953933018977256,0.05931749236362516,Goal_E_specialization,Goal E: maximize host specialization,2.256867808169022,goal_adaptive_FB_controller
SplitCIFAR100Coarse_seed0_task5,SplitCIFAR100Coarse,natural-images,0,5,0.7757683300593559,0.681560986747505,0.6234940788336261,0.7965117729626255,0.7826339626856182,0.9388151790198968,specialization_promoter,0.7459648889698394,0.9328404835716188,0.825856045858684,0.7688169637898181,0.35931919684181823,0.9915532493018545,0.06715951642838125,Goal_E_specialization,Goal E: maximize host specialization,2.2528455178769193,goal_adaptive_FB_controller
SplitCIFAR100Coarse_seed1_task1,SplitCIFAR100Coarse,natural-images,1,1,0.7691142062934752,0.6985454725455252,0.352806142848499,0.7414296450316046,0.6114983021682535,0.9177840209929593,specialization_promoter,0.7581620459357691,0.9372169128891994,0.8725592628156311,0.7380426034631138,0.38496449711407177,0.9910271141319905,0.0627830871108006,Goal_E_specialization,Goal E: maximize host specialization,2.265798102229511,goal_adaptive_FB_controller
SplitCIFAR100Coarse_seed1_task2,SplitCIFAR100Coarse,natural-images,1,2,0.8131131115253547,0.6727614997841525,0.43902156199287384,0.7452575117226714,0.6623221628899711,0.9498368631491109,specialization_promoter,0.7455738504715408,0.9373858800085046,0.8505654242221186,0.7602731699170109,0.3664390250691576,0.999,0.06261411999149535,Goal_E_specialization,Goal E: maximize host specialization,2.2742786317101937,goal_adaptive_FB_controller
SplitCIFAR100Coarse_seed1_task3,SplitCIFAR100Coarse,natural-images,1,3,0.7918281031699116,0.6931600126146504,0.5162677364520123,0.7243649381211288,0.7163780334006072,0.9975914102186239,specialization_promoter,0.752807856113701,0.9498934430955461,0.8506272584747391,0.7884181891717505,0.34298484235687454,0.999,0.05010655690445387,Goal_E_specialization,Goal E: maximize host specialization,2.2885852102609836,goal_adaptive_FB_controller
SplitCIFAR100Coarse_seed1_task4,SplitCIFAR100Coarse,natural-images,1,4,0.79002626300174,0.6342717682706962,0.5014316793151644,0.7719438695355011,0.785331289664574,0.9448725395949185,specialization_promoter,0.7534171823944873,0.9404370835357402,0.8460573739057501,0.787847828472584,0.3434601429395132,0.9910914246183534,0.05956291646425982,Goal_E_specialization,Goal E: maximize host specialization,2.2621080679072363,goal_adaptive_FB_controller
SplitCIFAR100Coarse_seed1_task5,SplitCIFAR100Coarse,natural-images,1,5,0.7710723221501569,0.6594913764709285,0.5727920113514886,0.7489437563131799,0.7742575306729389,1.0,specialization_promoter,0.7472355144852474,0.9503278991657511,0.8404833585084645,0.784175573495498,0.34652035542041826,0.999,0.04967210083424889,Goal_E_specialization,Goal E: maximize host specialization,2.285165881493437,goal_adaptive_FB_controller
SplitCIFAR100Coarse_seed2_task1,SplitCIFAR100Coarse,natural-images,2,1,0.7809010999956233,0.7020395691474365,0.37977316069236355,0.7410627283934746,0.5701814880887224,0.9190468780122998,specialization_promoter,0.7472178438504543,0.9372287610659715,0.8635774374039891,0.7499079635979855,0.37507669700167867,0.9806857070288756,0.06277123893402847,Goal_E_specialization,Goal E: maximize host specialization,2.2441671076362257,goal_adaptive_FB_controller
SplitCIFAR100Coarse_seed2_task2,SplitCIFAR100Coarse,natural-images,2,2,0.7268590118434352,0.6658653819845225,0.4985588187173504,0.7342935034705377,0.6817924365092294,0.8612412365328956,specialization_promoter,0.775223770679176,0.9340088779159889,0.8470479601567544,0.7567602756798599,0.36936643693345006,0.9463078295628758,0.06599112208401114,Goal_E_specialization,Goal E: maximize host specialization,2.1835155414289913,goal_adaptive_FB_controller
SplitCIFAR100Coarse_seed2_task3,SplitCIFAR100Coarse,natural-images,2,3,0.7629835268947399,0.6952627324404606,0.48484518505244173,0.7212045645047555,0.6907043340877023,1.0,specialization_promoter,0.755701958208534,0.945585192071423,0.8615049472295995,0.7603776574005836,0.36635195216618033,0.999,0.054414807928577,Goal_E_specialization,Goal E: maximize host specialization,2.2925299794996965,goal_adaptive_FB_controller
SplitCIFAR100Coarse_seed2_task4,SplitCIFAR100Coarse,natural-images,2,4,0.809740989495605,0.6497017512715937,0.5346875795765424,0.7819835200817745,0.8176403667231928,0.9261845263853163,specialization_promoter,0.7413684000815489,0.9352749026177218,0.8431967579234694,0.7900020610780898,0.34166494910159184,0.9888690726158907,0.06472509738227816,Goal_E_specialization,Goal E: maximize host specialization,2.249023722512748,goal_adaptive_FB_controller
SplitCIFAR100Coarse_seed2_task5,SplitCIFAR100Coarse,natural-images,2,5,0.8266684095557615,0.6705958799598599,0.5564168615163934,0.7518494344203964,0.8630383594402056,0.8793962754653915,specialization_promoter,0.7355746790044204,0.9345488090033721,0.8348433546938596,0.813081639605312,0.3224319669955733,0.9618165188975601,0.06545119099662788,Goal_E_specialization,Goal E: maximize host specialization,2.193485356817208,goal_adaptive_FB_controller
SplitCIFAR100Coarse_seed3_task1,SplitCIFAR100Coarse,natural-images,3,1,0.7246851542948537,0.6642819126679692,0.3797456973252263,0.6558755154960977,0.5452369976970267,0.9912891965369105,specialization_promoter,0.7705771200125967,0.9425865465513454,0.8727596703121527,0.7303881786131128,0.3913431844890727,0.999,0.05741345344865456,Goal_E_specialization,Goal E: maximize host specialization,2.2984157582397495,goal_adaptive_FB_controller
SplitCIFAR100Coarse_seed3_task2,SplitCIFAR100Coarse,natural-images,3,2,0.7798570251325917,0.6355350753962129,0.41745002713744617,0.6639768599788402,0.7251510320012058,0.9417048472445149,specialization_promoter,0.7584497480180276,0.9448268650642453,0.8707032374893632,0.7734540080412495,0.3554549932989587,0.9962800312774015,0.05517313493575471,Goal_E_specialization,Goal E: maximize host specialization,2.279049932119832,goal_adaptive_FB_controller
SplitCIFAR100Coarse_seed3_task3,SplitCIFAR100Coarse,natural-images,3,3,0.7857986424152088,0.6885323579339555,0.5136159980759754,0.7852830580575973,0.6778296745770466,0.9882214057836011,specialization_promoter,0.7476974520516412,0.9491534639830191,0.8533637620308487,0.7696907966498934,0.3585910027917555,0.999,0.05084653601698086,Goal_E_specialization,Goal E: maximize host specialization,2.2864224023332618,goal_adaptive_FB_controller
SplitCIFAR100Coarse_seed3_task4,SplitCIFAR100Coarse,natural-images,3,4,0.7590954001243444,0.7525382228300437,0.5208969715671715,0.7431629210946596,0.7574473497866683,0.9475228343480618,specialization_promoter,0.7470091899081747,0.9301789098386479,0.8501907092490976,0.7865932672974896,0.3445056105854253,0.999,0.06982109016135207,Goal_E_specialization,Goal E: maximize host specialization,2.2708944500683352,goal_adaptive_FB_controller
SplitCIFAR100Coarse_seed3_task5,SplitCIFAR100Coarse,natural-images,3,5,0.7987209979268307,0.6636399242406119,0.5632639290031075,0.7842879979320456,0.8356312274774824,0.9510333818817231,specialization_promoter,0.743240466285357,0.9205414195552453,0.8482153395188589,0.7964554640945423,0.3362871132545481,0.9894595880881941,0.07945858044475473,Goal_E_specialization,Goal E: maximize host specialization,2.247949106391302,goal_adaptive_FB_controller
SplitCIFAR10_seed0_task1,SplitCIFAR10,natural-images,0,1,0.5951231963401031,0.5642485168109856,0.369689596676834,0.5708510588190269,0.5682309930521252,0.8229390949639573,specialization_promoter,0.8110029517863693,0.9516843569087653,0.8780627964592786,0.6781936350025524,0.434838637497873,0.936265767277255,0.048315643091234706,Goal_E_specialization,Goal E: maximize host specialization,2.1881205500563237,goal_adaptive_FB_controller
SplitCIFAR10_seed0_task2,SplitCIFAR10,natural-images,0,2,0.6409294866074664,0.5394724043628817,0.2768408068454159,0.5518869410178018,0.5972224096938984,0.7809047050536093,specialization_promoter,0.8043599193143953,0.9599102999394291,0.8950629293321136,0.7182192129911253,0.40148398917406214,0.8989722885679479,0.04008970006057089,Goal_E_specialization,Goal E: maximize host specialization,2.127135925105713,goal_adaptive_FB_controller
SplitCIFAR10_seed0_task3,SplitCIFAR10,natural-images,0,3,0.6409084803212819,0.5964730543019499,0.34629753266279356,0.6508863433033627,0.6587311995675998,0.8156240234387195,specialization_promoter,0.796860459282821,0.9432576503998081,0.8787276013890853,0.7195107707096702,0.40040769107527485,0.9293111952440072,0.056742349600191866,Goal_E_specialization,Goal E: maximize host specialization,2.1679015386035463,goal_adaptive_FB_controller
SplitCIFAR10_seed0_task4,SplitCIFAR10,natural-images,0,4,0.5878694360117495,0.5362476691695974,0.42808053014802955,0.6414781733222988,0.6354029073287497,0.8081779193625046,specialization_promoter,0.7964241800690185,0.9422645971979852,0.8794345500758003,0.6954960887043207,0.4204199260797328,0.9170627350024071,0.057735402802014835,Goal_E_specialization,Goal E: maximize host specialization,2.1487509298761145,goal_adaptive_FB_controller
SplitCIFAR10_seed0_task5,SplitCIFAR10,natural-images,0,5,0.6341080583895364,0.5049368983136355,0.4713382031398682,0.6548650410983033,0.7603690150583142,0.8191969331606075,specialization_promoter,0.7997911627763673,0.9312286176099723,0.8626479717896672,0.7356578596386776,0.3869517836344353,0.9123626191572054,0.06877138239002767,Goal_E_specialization,Goal E: maximize host specialization,2.13548598401606,goal_adaptive_FB_controller
SplitCIFAR10_seed1_task1,SplitCIFAR10,natural-images,1,1,0.5896277139646589,0.5563696010624222,0.2948426931429208,0.6256854474364846,0.45306153223791623,0.7156946476662303,specialization_promoter,0.8130650411124315,0.9542021099210387,0.8961974213090699,0.676474838803636,0.4362709676636366,0.8675704460442955,0.04579789007896129,Goal_E_specialization,Goal E: maximize host specialization,2.071446256121751,goal_adaptive_FB_controller
SplitCIFAR10_seed1_task2,SplitCIFAR10,natural-images,1,2,0.6253031061571721,0.5887812447262923,0.27882544326857994,0.6106002449812726,0.6112840535218916,0.7929443735764788,specialization_promoter,0.815059698983485,0.9516903964873676,0.8908643937732491,0.7122108172339319,0.40649098563839003,0.9227060521564262,0.04830960351263236,Goal_E_specialization,Goal E: maximize host specialization,2.1650497612821438,goal_adaptive_FB_controller
SplitCIFAR10_seed1_task3,SplitCIFAR10,natural-images,1,3,0.6554451046891967,0.5882470330735468,0.4473537773161577,0.667943574963561,0.6110606447596912,0.7580463244379467,specialization_promoter,0.7965361603897975,0.9338955126159212,0.8710844990163983,0.7105473141457623,0.4078772382118647,0.9015495260336944,0.06610448738407881,Goal_E_specialization,Goal E: maximize host specialization,2.111069609613619,goal_adaptive_FB_controller
SplitCIFAR10_seed1_task4,SplitCIFAR10,natural-images,1,4,0.6308233085156676,0.5878155453697678,0.3718970344032895,0.629110995507831,0.6733343965800674,0.7991907299821233,specialization_promoter,0.8027975062064983,0.9484162715637587,0.8748341473905965,0.7272984605263733,0.3939179495613556,0.9183451424633232,0.05158372843624126,Goal_E_specialization,Goal E: maximize host specialization,2.15032109493844,goal_adaptive_FB_controller
SplitCIFAR10_seed1_task5,SplitCIFAR10,natural-images,1,5,0.6330664908622213,0.5496347766142244,0.45894260361929456,0.6498391324986418,0.6988371954646971,0.7767976022631671,specialization_promoter,0.7986198756038213,0.9434961520791163,0.8614927529522916,0.7154355226523769,0.40380373112301926,0.9043143718762905,0.0565038479208837,Goal_E_specialization,Goal E: maximize host specialization,2.1195164322852222,goal_adaptive_FB_controller
SplitCIFAR10_seed2_task1,SplitCIFAR10,natural-images,2,1,0.661393144674172,0.5374582613657736,0.3086905319695931,0.6010293017472977,0.565551180590767,0.8651676801165903,specialization_promoter,0.8001024100382116,0.9666930091704665,0.8915722541714828,0.6975796239935959,0.4186836466720034,0.9476373037688456,0.03330699082953348,Goal_E_specialization,Goal E: maximize host specialization,2.2171492652657423,goal_adaptive_FB_controller
SplitCIFAR10_seed2_task2,SplitCIFAR10,natural-images,2,2,0.5851627668696491,0.5232021127120186,0.33013044317168483,0.5981258369970281,0.5623650595625325,0.7264191142421776,specialization_promoter,0.8061354855582519,0.9397413831846703,0.8800741297735405,0.6971200017713066,0.4190666651905778,0.8844715128298355,0.060258616815329735,Goal_E_specialization,Goal E: maximize host specialization,2.087270871230526,goal_adaptive_FB_controller
SplitCIFAR10_seed2_task3,SplitCIFAR10,natural-images,2,3,0.6096594993657131,0.5145184151305742,0.35191651081777336,0.6223468321924149,0.5596230206377104,0.7759311084609678,specialization_promoter,0.8109295080670245,0.9500679254898197,0.8793276003050688,0.6998292524068027,0.41680895632766435,0.8937762660171567,0.049932074510180335,Goal_E_specialization,Goal E: maximize host specialization,2.1142712988442245,goal_adaptive_FB_controller
SplitCIFAR10_seed2_task4,SplitCIFAR10,natural-images,2,4,0.600254479537546,0.5345108443191785,0.3459247753101631,0.5800591383893343,0.7285238170213131,0.7777004361785671,specialization_promoter,0.8106347102147191,0.9574969874126377,0.8804300003644169,0.7214983963608131,0.39875133636598903,0.9029221802883829,0.04250301258736233,Goal_E_specialization,Goal E: maximize host specialization,2.1298701142760432,goal_adaptive_FB_controller
SplitCIFAR10_seed2_task5,SplitCIFAR10,natural-images,2,5,0.6134587030524706,0.615544494811624,0.44223219757419086,0.6513766548607212,0.7275055641287176,0.8241851235922791,specialization_promoter,0.8018987283073311,0.9552467058843738,0.8664563459763911,0.7279213504930356,0.3933988745891369,0.9271758918039908,0.04475329411562623,Goal_E_specialization,Goal E: maximize host specialization,2.1679480298121048,goal_adaptive_FB_controller
SplitCIFAR10_seed3_task1,SplitCIFAR10,natural-images,3,1,0.6642775849315627,0.5406182123248098,0.3679707422271125,0.6608654258821052,0.5839322958041161,0.7840231105215867,specialization_promoter,0.8059140402732481,0.950903803479581,0.8846597346295038,0.7202704167030592,0.3997746527474506,0.8916754391640107,0.04909619652041897,Goal_E_specialization,Goal E: maximize host specialization,2.111779692569826,goal_adaptive_FB_controller
SplitCIFAR10_seed3_task2,SplitCIFAR10,natural-images,3,2,0.6049674739000255,0.5454938331713125,0.4028071007748514,0.6796834614811847,0.6170858046550558,0.8220747133258542,specialization_promoter,0.8057332493598206,0.9570023868144439,0.8679131244470364,0.7084218227913341,0.4096484810072215,0.9311950822623378,0.04299761318555606,Goal_E_specialization,Goal E: maximize host specialization,2.176497143128807,goal_adaptive_FB_controller
SplitCIFAR10_seed3_task3,SplitCIFAR10,natural-images,3,3,0.609001277460961,0.5672576047431225,0.47949572662832796,0.6412179749198721,0.6267267871976827,0.76887040189945,specialization_promoter,0.8060225691077001,0.9383932858936844,0.8540755521344116,0.7112950574316107,0.40725411880699103,0.9022237748161592,0.061606714106315574,Goal_E_specialization,Goal E: maximize host specialization,2.1139470777454106,goal_adaptive_FB_controller
SplitCIFAR10_seed3_task4,SplitCIFAR10,natural-images,3,4,0.599801877106193,0.5946273990570489,0.3976960168860714,0.6205759285393436,0.6420284985510225,0.8113600978246194,specialization_promoter,0.8018853664929956,0.9545530717778262,0.8708764743584356,0.7034534568424673,0.41378878596461055,0.9256837744539254,0.04544692822217378,Goal_E_specialization,Goal E: maximize host specialization,2.1652257604410052,goal_adaptive_FB_controller
SplitCIFAR10_seed3_task5,SplitCIFAR10,natural-images,3,5,0.6395417347053697,0.5379995638429645,0.45849075722691907,0.6691472869175004,0.7210438674985883,0.8356264448973989,specialization_promoter,0.8155336912569904,0.9311541961026444,0.8679593039480903,0.7334627736082712,0.3887810219931074,0.9372769236059373,0.06884580389735562,Goal_E_specialization,Goal E: maximize host specialization,2.182401766874024,goal_adaptive_FB_controller
SplitFashionMNIST_seed0_task1,SplitFashionMNIST,fashion,0,1,0.3807521821563378,0.46717666120450047,0.1808695683462322,0.4199432028836281,0.3864781342229844,0.6399003384425044,specialization_promoter,0.8872436908656886,0.9635800656159945,0.9178944380745458,0.6151092169629893,0.4874089858641756,0.8148236659900541,0.03641993438400548,Goal_E_specialization,Goal E: maximize host specialization,2.0133843227705226,goal_adaptive_FB_controller
SplitFashionMNIST_seed0_task2,SplitFashionMNIST,fashion,0,2,0.3685302569197805,0.4567965547888964,0.2479400497607773,0.4461506030568815,0.48076073829601057,0.6184799924875616,specialization_promoter,0.8793838654456985,0.9543092797905365,0.8990015262343417,0.6156984039475869,0.4869179967103442,0.8170689866326941,0.04569072020946352,Goal_E_specialization,Goal E: maximize host specialization,2.003315521061992,goal_adaptive_FB_controller
SplitFashionMNIST_seed0_task3,SplitFashionMNIST,fashion,0,3,0.4026070629431854,0.43116451019978635,0.2372383101070944,0.4813944673365708,0.5559463359358148,0.6546950256144441,specialization_promoter,0.8640899042023382,0.9610176696553449,0.9003125257823191,0.6360423126634326,0.46996473944713946,0.8174240829362024,0.03898233034465515,Goal_E_specialization,Goal E: maximize host specialization,2.006663848722271,goal_adaptive_FB_controller
SplitFashionMNIST_seed0_task4,SplitFashionMNIST,fashion,0,4,0.3891909280210307,0.4250609251826696,0.28062115274915805,0.43870433785264823,0.5944977679011091,0.5950286985093669,specialization_promoter,0.8773838948701134,0.9557443967686793,0.898622994454832,0.6346571778822394,0.4711190184314671,0.791056362026087,0.04425560323132072,Goal_E_specialization,Goal E: maximize host specialization,1.960216523270924,goal_adaptive_FB_controller
SplitFashionMNIST_seed0_task5,SplitFashionMNIST,fashion,0,5,0.3677343403138047,0.42025209460791313,0.3036322937822363,0.5089304808077337,0.6334666384843415,0.6779051082656592,specialization_promoter,0.8776954326153595,0.9557442107288074,0.9049613620509388,0.6617479601185531,0.4485433665678724,0.8553189901195973,0.04425578927119256,Goal_E_specialization,Goal E: maximize host specialization,2.069345061025575,goal_adaptive_FB_controller
SplitFashionMNIST_seed1_task1,SplitFashionMNIST,fashion,1,1,0.41041833063543803,0.44375406808292506,0.19845685180309924,0.43021508820464843,0.4501174862454107,0.6209350900294169,specialization_promoter,0.8474916990042369,0.9556582794604699,0.9171644400378964,0.6305221558511234,0.4745648701240638,0.8000594816502414,0.044341720539530116,Goal_E_specialization,Goal E: maximize host specialization,1.9734016485363919,goal_adaptive_FB_controller
SplitFashionMNIST_seed1_task2,SplitFashionMNIST,fashion,1,2,0.4315114128310036,0.441533418061148,0.25035097779407656,0.4887921037892913,0.47459758513169953,0.5960761947807884,specialization_promoter,0.8612076449174604,0.9574582415427987,0.9075808219363607,0.6134115070627851,0.4888237441143457,0.816173469244357,0.04254175845720132,Goal_E_specialization,Goal E: maximize host specialization,1.9960706572734093,goal_adaptive_FB_controller
SplitFashionMNIST_seed1_task3,SplitFashionMNIST,fashion,1,3,0.36552637014116496,0.48694053026354267,0.2614808878770518,0.39933448249222075,0.49048393723552836,0.6309231452777158,specialization_promoter,0.8802427433854036,0.9646155446693755,0.8949803238494519,0.6362005539854083,0.46983287167882637,0.8196473860962801,0.03538445533062451,Goal_E_specialization,Goal E: maximize host specialization,2.0106450835636207,goal_adaptive_FB_controller
SplitFashionMNIST_seed1_task4,SplitFashionMNIST,fashion,1,4,0.39131769793887156,0.547123078620316,0.25933227393754826,0.44635952801099865,0.5947686714736051,0.6647997021294646,specialization_promoter,0.8676504457438831,0.96379951457568,0.8853232993347545,0.6263212871380908,0.478065594051591,0.8527207620085135,0.03620048542431997,Goal_E_specialization,Goal E: maximize host specialization,2.0592198230602046,goal_adaptive_FB_controller
SplitFashionMNIST_seed1_task5,SplitFashionMNIST,fashion,1,5,0.38662635374056525,0.458214248691706,0.2655645480135361,0.4315922477060668,0.6044013611056935,0.6732835197486579,specialization_promoter,0.8661828562864126,0.9689133701678956,0.9048061574392914,0.6281785086227494,0.4765179094810421,0.8366560470724222,0.031086629832104418,Goal_E_specialization,Goal E: maximize host specialization,2.0427033119563216,goal_adaptive_FB_controller
SplitFashionMNIST_seed2_task1,SplitFashionMNIST,fashion,2,1,0.40066181276053725,0.44507347271644654,0.23451611494557628,0.49357430232011024,0.46596749632275475,0.6259836226917374,specialization_promoter,0.8661103373401767,0.9640177423160794,0.90547216059409,0.6321665070103016,0.47319457749141525,0.8154456298071875,0.035982257683920604,Goal_E_specialization,Goal E: maximize host specialization,2.002008915050643,goal_adaptive_FB_controller
SplitFashionMNIST_seed2_task2,SplitFashionMNIST,fashion,2,2,0.39216592874978384,0.4538230682910619,0.18612280836677741,0.45478541262715566,0.5212691123254068,0.593641328389066,specialization_promoter,0.8644983823044352,0.9680104337158537,0.9035619478695062,0.6409851827705497,0.4658456810245418,0.8010516193386932,0.03198956628414629,Goal_E_specialization,Goal E: maximize host specialization,1.975462571414413,goal_adaptive_FB_controller
SplitFashionMNIST_seed2_task3,SplitFashionMNIST,fashion,2,3,0.33381395994618895,0.4484938036471359,0.3247690321046144,0.43089290508965405,0.48087416635062086,0.6437575716903422,specialization_promoter,0.8954587788854294,0.9698535354119844,0.8975419060923884,0.6063480342166365,0.49470997148613616,0.8271769951733376,0.03014646458801562,Goal_E_specialization,Goal E: maximize host specialization,2.0319039036248143,goal_adaptive_FB_controller
SplitFashionMNIST_seed2_task4,SplitFashionMNIST,fashion,2,4,0.34879615488155685,0.43840755381884255,0.2974896509765069,0.4603351524623008,0.5632812529506968,0.5830948914637215,specialization_promoter,0.8947800180669865,0.9634982540214935,0.8969993230478812,0.6196736730078717,0.4836052724934402,0.7944134434915492,0.03650174597850653,Goal_E_specialization,Goal E: maximize host specialization,1.9710154088487832,goal_adaptive_FB_controller
SplitFashionMNIST_seed2_task5,SplitFashionMNIST,fashion,2,5,0.39196661973560215,0.4454242140808284,0.322400358867788,0.4448126524856268,0.6654346754208411,0.6319252679584378,specialization_promoter,0.8606287848802731,0.9656403348221883,0.9006824891430757,0.6388658982135383,0.46761175148871803,0.8104071968528787,0.03435966517781175,Goal_E_specialization,Goal E: maximize host specialization,1.9929050185276698,goal_adaptive_FB_controller
SplitFashionMNIST_seed3_task1,SplitFashionMNIST,fashion,3,1,0.3473075384596984,0.47122468177423193,0.18794863524914446,0.4416778440139004,0.3542761899153115,0.6677035764531971,specialization_promoter,0.8951027128577747,0.967839322964939,0.9078200069027398,0.5887298261553816,0.509391811537182,0.8419819408899878,0.03216067703506098,Goal_E_specialization,Goal E: maximize host specialization,2.060421693899092,goal_adaptive_FB_controller
SplitFashionMNIST_seed3_task2,SplitFashionMNIST,fashion,3,2,0.38680870883793267,0.4174186833459431,0.26721583190023235,0.43386513113186104,0.5433911626255871,0.6248816997279327,specialization_promoter,0.8618940951545315,0.9629926031503211,0.9034929649185709,0.6320475378881564,0.47329371842653634,0.8050865608899591,0.03700739684967891,Goal_E_specialization,Goal E: maximize host specialization,1.9844875655632768,goal_adaptive_FB_controller
SplitFashionMNIST_seed3_task3,SplitFashionMNIST,fashion,3,3,0.3897642233100701,0.44812519841260945,0.24140636475861607,0.44538765852738516,0.5584456621419324,0.6354080991108447,specialization_promoter,0.8656061989490857,0.9687142218304641,0.9127480622597081,0.6262746718066241,0.4781044401611465,0.8304905622091091,0.03128577816953593,Goal_E_specialization,Goal E: maximize host specialization,2.029090708681704,goal_adaptive_FB_controller
SplitFashionMNIST_seed3_task4,SplitFashionMNIST,fashion,3,4,0.39970257873027026,0.45773982772123967,0.2186977962083539,0.4751758049735592,0.6141815769211848,0.6424753099812005,specialization_promoter,0.8738861519628429,0.9699969539069474,0.9065455292570722,0.6495464817132184,0.45871126523898464,0.8179598053667579,0.0300030460930526,Goal_E_specialization,Goal E: maximize host specialization,2.012086410483312,goal_adaptive_FB_controller
SplitFashionMNIST_seed3_task5,SplitFashionMNIST,fashion,3,5,0.3949408363879826,0.4613952420085171,0.30255132774101173,0.4530164336181758,0.5846725184727097,0.6185142642524779,specialization_promoter,0.8771459903570297,0.9583099101069348,0.8972723106816882,0.6362931729027962,0.46975568924766986,0.8127424883616775,0.04169008989306522,Goal_E_specialization,Goal E: maximize host specialization,1.9961835560034098,goal_adaptive_FB_controller
SplitKMNIST_seed0_task1,SplitKMNIST,characters,0,1,0.4697127088414757,0.34179762127425806,0.20590011227468663,0.4435468756372052,0.44819700435955007,0.6791779298840739,specialization_promoter,0.8517528060334857,0.9599824827189168,0.9218241511306324,0.6395749928016112,0.46702083933199057,0.8350022336282051,0.04001751728108316,Goal_E_specialization,Goal E: maximize host specialization,2.038003699469892,goal_adaptive_FB_controller
SplitKMNIST_seed0_task2,SplitKMNIST,characters,0,2,0.4315588178495182,0.37162351144443273,0.28890191823904277,0.4733827163151329,0.5073865355255709,0.6230696342963967,specialization_promoter,0.858048705165898,0.9543381363577138,0.9050378663084784,0.6440970612832337,0.46325244893063855,0.7898539978590986,0.04566186364228619,Goal_E_specialization,Goal E: maximize host specialization,1.9578678469092414,goal_adaptive_FB_controller
SplitKMNIST_seed0_task3,SplitKMNIST,characters,0,3,0.4399578681610788,0.40216473523398555,0.2858285550041667,0.4989818328968745,0.5621207078661286,0.6683680962158971,specialization_promoter,0.8674915313023691,0.9614309514555244,0.8993657194948793,0.6505620180841604,0.4578649849298664,0.8248247263454718,0.038569048544475626,Goal_E_specialization,Goal E: maximize host specialization,2.0201821109258327,goal_adaptive_FB_controller
SplitKMNIST_seed0_task4,SplitKMNIST,characters,0,4,0.40891624113554775,0.3903225615493837,0.2640033016637626,0.4682722436151559,0.6226267777926504,0.6463692691921309,specialization_promoter,0.8738225829459418,0.9607648421151022,0.9051140624451482,0.6375091815840176,0.4687423486799853,0.8086989173995219,0.03923515788489784,Goal_E_specialization,Goal E: maximize host specialization,1.9963790247001534,goal_adaptive_FB_controller
SplitKMNIST_seed0_task5,SplitKMNIST,characters,0,5,0.4481963268651736,0.39685475698278444,0.3617931681967128,0.5105603466756653,0.6468182749767682,0.6687289751245816,specialization_promoter,0.8569075858003327,0.9591669597680911,0.8874341862139635,0.6670466473928333,0.44412779383930556,0.8367414823415263,0.040833040231908924,Goal_E_specialization,Goal E: maximize host specialization,2.0303989558631383,goal_adaptive_FB_controller
SplitKMNIST_seed1_task1,SplitKMNIST,characters,1,1,0.40992842836207904,0.4100721449511301,0.2139282124714011,0.45890837737958257,0.41630854200454764,0.7081277651824076,specialization_promoter,0.8594015777935122,0.9689249462749957,0.922531435281348,0.6264260677806961,0.47797827684941985,0.8495777627146037,0.031075053725004298,Goal_E_specialization,Goal E: maximize host specialization,2.0702816300400277,goal_adaptive_FB_controller
SplitKMNIST_seed1_task2,SplitKMNIST,characters,1,2,0.4656656983473609,0.3473480689464505,0.26080713549801476,0.49181373716337656,0.5040878402945852,0.5848600686180363,specialization_promoter,0.8661481482250637,0.9671208467240052,0.9174098448547793,0.6397775916151308,0.46685200698739093,0.7774908529181667,0.03287915327599478,Goal_E_specialization,Goal E: maximize host specialization,1.943233082204833,goal_adaptive_FB_controller
SplitKMNIST_seed1_task3,SplitKMNIST,characters,1,3,0.431881273228102,0.3757576381290579,0.3521853195438866,0.49430772849060095,0.5244671595124806,0.6591911401736178,specialization_promoter,0.8687326795505043,0.9632412199218282,0.8973249806336441,0.6509931082159247,0.4575057431533961,0.8301490825489252,0.03675878007817179,Goal_E_specialization,Goal E: maximize host specialization,2.0269453476467314,goal_adaptive_FB_controller
SplitKMNIST_seed1_task4,SplitKMNIST,characters,1,4,0.4120980908295716,0.37353689742943746,0.2620260216520839,0.47827367604779275,0.5399584643513752,0.6925469090122468,specialization_promoter,0.8697164224347158,0.9497711383388643,0.9118748299018334,0.64223337886557,0.46480551761202504,0.8388076717027111,0.050228861661135715,Goal_E_specialization,Goal E: maximize host specialization,2.045628340445488,goal_adaptive_FB_controller
SplitKMNIST_seed1_task5,SplitKMNIST,characters,1,5,0.40349277794386396,0.442321042302932,0.34212448310162924,0.4574136362948369,0.5870531915490932,0.6583080456633699,specialization_promoter,0.8696425243724258,0.9705101956358994,0.8916460968463037,0.6564820017219608,0.45293166523169925,0.8246567437040231,0.029489804364100647,Goal_E_specialization,Goal E: maximize host specialization,2.0194661613342726,goal_adaptive_FB_controller
SplitKMNIST_seed2_task1,SplitKMNIST,characters,2,1,0.42719807237425006,0.3487060136998262,0.22863562740492877,0.4456931286766152,0.4539620862151731,0.6687945289807565,specialization_promoter,0.8699319664029057,0.9591320269789442,0.9135404345387989,0.627757352784989,0.47686887267917577,0.8137693295635097,0.040867973021055826,Goal_E_specialization,Goal E: maximize host specialization,2.008385240286834,goal_adaptive_FB_controller
SplitKMNIST_seed2_task2,SplitKMNIST,characters,2,2,0.42528538715278313,0.399671535183187,0.23936537298814345,0.4493722474532167,0.39241707474120685,0.7147251254701994,specialization_promoter,0.879428219916168,0.9597076251808477,0.9075129473279703,0.6354578665064533,0.4704517779112889,0.8581297234550801,0.040292374819152266,Goal_E_specialization,Goal E: maximize host specialization,2.083282080774248,goal_adaptive_FB_controller
SplitKMNIST_seed2_task3,SplitKMNIST,characters,2,3,0.44315128387095176,0.3898499322321634,0.2759205480314769,0.50993628938514,0.5346919238343283,0.6518361451328278,specialization_promoter,0.8559089354235497,0.9565554921297342,0.9089801498812101,0.6379496423510868,0.46837529804076106,0.8077999982474,0.04344450787026577,Goal_E_specialization,Goal E: maximize host specialization,1.990243775651494,goal_adaptive_FB_controller
SplitKMNIST_seed2_task4,SplitKMNIST,characters,2,4,0.4171748913023331,0.39951542961623554,0.23064403471024197,0.4631496639727843,0.6013195761110102,0.740621615898952,specialization_promoter,0.8751567847450685,0.9674387996869995,0.903266437034417,0.6495985884524513,0.4586678429562905,0.8808267776186277,0.03256120031300047,Goal_E_specialization,Goal E: maximize host specialization,2.121116696794582,goal_adaptive_FB_controller
SplitKMNIST_seed2_task5,SplitKMNIST,characters,2,5,0.405533564988147,0.42400395908272387,0.2782049246685278,0.5088181177462999,0.6082951631897321,0.6749329854884509,specialization_promoter,0.8601301111237243,0.9708102212669988,0.9125806007277365,0.6491734390805296,0.4590221340995586,0.834276072929361,0.029189778733001215,Goal_E_specialization,Goal E: maximize host specialization,2.039267143183525,goal_adaptive_FB_controller
SplitKMNIST_seed3_task1,SplitKMNIST,characters,3,1,0.40629817004638485,0.45347238061182815,0.20499594246631953,0.47062460701617226,0.3828470534109738,0.669444259074977,specialization_promoter,0.8728629526093032,0.9580035918680326,0.9079187217747562,0.6201613834373991,0.48319884713550065,0.8395533564524886,0.04199640813196737,Goal_E_specialization,Goal E: maximize host specialization,2.0462034522873735,goal_adaptive_FB_controller
SplitKMNIST_seed3_task2,SplitKMNIST,characters,3,2,0.4339709536289738,0.39889167959029,0.2753213768047772,0.5006476411892806,0.42815000678874354,0.6262837601252919,specialization_promoter,0.8589088295182992,0.9565269619685315,0.9017384333519354,0.6253345010595813,0.47888791578368217,0.8044174388753709,0.043473038031468514,Goal_E_specialization,Goal E: maximize host specialization,1.9807319997208126,goal_adaptive_FB_controller
SplitKMNIST_seed3_task3,SplitKMNIST,characters,3,3,0.45501077157366143,0.3869273712707713,0.2968249676231874,0.4591287401199968,0.5532997334394424,0.6422206838809527,specialization_promoter,0.8593882727867422,0.9593302499179152,0.8963796320683481,0.6423089120684226,0.4647425732763145,0.811185226444862,0.04066975008208484,Goal_E_specialization,Goal E: maximize host specialization,1.992239635369173,goal_adaptive_FB_controller
SplitKMNIST_seed3_task4,SplitKMNIST,characters,3,4,0.40640911359641574,0.428505937831582,0.28758395728684866,0.43909594335634666,0.6099470447656976,0.6853062034150225,specialization_promoter,0.8608372690354387,0.9587598292850006,0.9064954673504867,0.6482358280920772,0.4598034765899356,0.8482680622011252,0.04124017071499941,Goal_E_specialization,Goal E: maximize host specialization,2.0569197271718234,goal_adaptive_FB_controller
SplitKMNIST_seed3_task5,SplitKMNIST,characters,3,5,0.39983245992387206,0.3478985352522437,0.30789140237480095,0.4652980763741006,0.608778602123293,0.6923313049451381,specialization_promoter,0.8702650485853152,0.9602909420032557,0.8971709707636445,0.6358947381369647,0.47008771821919604,0.8527699493676616,0.03970905799674429,Goal_E_specialization,Goal E: maximize host specialization,2.066283223797528,goal_adaptive_FB_controller
SplitMNIST_seed0_task1,SplitMNIST,digits,0,1,0.1156408304387371,0.13874287450119005,0.07039288584742817,0.1967933289232454,0.27993992864489575,0.302377879258495,specialization_promoter,0.9627980879566598,0.9814922171116833,0.9387635547948867,0.5221910043078756,0.5648408297434371,0.628097833380965,0.01850778288831667,Goal_E_specialization,Goal E: maximize host specialization,1.7321366749356177,goal_adaptive_FB_controller
SplitMNIST_seed0_task2,SplitMNIST,digits,0,2,0.15015739537106806,0.12839042954153182,0.06453189473949407,0.24627945302147272,0.38476746754935676,0.21538772341289958,specialization_promoter,0.9464833864143024,0.9847866448281903,0.9585372361701443,0.5308247181452831,0.5576460682122641,0.5822642380669288,0.015213355171809662,Goal_E_specialization,Goal E: maximize host specialization,1.6580368569486477,goal_adaptive_FB_controller
SplitMNIST_seed0_task3,SplitMNIST,digits,0,3,0.11840572901619742,0.13935579531224807,0.06773201240546381,0.2430181565392833,0.3337902830202953,0.3111632328036094,specialization_promoter,0.9675500253750525,0.9768932143032165,0.9702789473368202,0.5409133870033829,0.5492388441638476,0.6084490958739677,0.023106785696783483,Goal_E_specialization,Goal E: maximize host specialization,1.7126363279094499,goal_adaptive_FB_controller
SplitMNIST_seed0_task4,SplitMNIST,digits,0,4,0.18525204303982962,0.0723214737618836,0.09434468433861336,0.280087776258653,0.47024766294986736,0.28950346268958566,specialization_promoter,0.9288108507987604,0.9834761912988982,0.9630635954175686,0.5679519281318539,0.5267067265567884,0.592035872539051,0.016523808701101816,Goal_E_specialization,Goal E: maximize host specialization,1.674315062766549,goal_adaptive_FB_controller
SplitMNIST_seed0_task5,SplitMNIST,digits,0,5,0.13838087749215947,0.1017541802655163,0.07917179012981182,0.291401737769978,0.5356209470768569,0.24491673230835093,specialization_promoter,0.9608468377636314,0.9742647939862882,0.9487010351340054,0.5650430647019823,0.5291307794150147,0.573701399006053,0.02573520601371182,Goal_E_specialization,Goal E: maximize host specialization,1.646763990330458,goal_adaptive_FB_controller
SplitMNIST_seed1_task1,SplitMNIST,digits,1,1,0.1412010818066855,0.06742883692384186,0.03662732449902006,0.2533001818547762,0.2753819666529619,0.2701761282379126,specialization_promoter,0.9446554002734605,0.9851852454571693,0.9687467019926491,0.532229832812594,0.5564751393228384,0.5994049833362939,0.014814754542830655,Goal_E_specialization,Goal E: maximize host specialization,1.690548337216352,goal_adaptive_FB_controller
SplitMNIST_seed1_task2,SplitMNIST,digits,1,2,0.16244999488984335,0.10986911560568266,0.10217055774717239,0.26280959472266235,0.36817537936074735,0.33808761072364724,specialization_promoter,0.9387192663532293,0.9797646399797153,0.9649973279562402,0.5542147148287317,0.5381544043093902,0.627726398353412,0.0202353600202847,Goal_E_specialization,Goal E: maximize host specialization,1.7335781655230125,goal_adaptive_FB_controller
SplitMNIST_seed1_task3,SplitMNIST,digits,1,3,0.1840498088315293,0.09953857297524371,0.09774200012531535,0.2699265100771329,0.38713672990923864,0.2684318691796249,specialization_promoter,0.9333704244119048,0.9788810320956995,0.9691265448572595,0.5684661766753425,0.5262781861038812,0.5975443825184159,0.021118967904300456,Goal_E_specialization,Goal E: maximize host specialization,1.6810358899750923,goal_adaptive_FB_controller
SplitMNIST_seed1_task4,SplitMNIST,digits,1,4,0.20195450084444358,0.07471616778281728,0.18807453512544722,0.28107126478444927,0.5047457731895469,0.2615865195679625,specialization_promoter,0.9381767843219948,0.9863928490585839,0.9377124794349497,0.5671101670849741,0.5274081940958549,0.5984258547687581,0.013607150941416069,Goal_E_specialization,Goal E: maximize host specialization,1.6773523508292159,goal_adaptive_FB_controller
SplitMNIST_seed1_task5,SplitMNIST,digits,1,5,0.1692596978520151,0.1300871711100096,0.04376918222847759,0.28291567121049416,0.5532403417290499,0.2833544591222786,specialization_promoter,0.9455554324253169,0.9723073898392303,0.9675254914015677,0.575751683002246,0.5202069308314616,0.6121241914814427,0.027692610160769737,Goal_E_specialization,Goal E: maximize host specialization,1.7043078484098542,goal_adaptive_FB_controller
SplitMNIST_seed2_task1,SplitMNIST,digits,2,1,0.1507801433555985,0.10143014859189539,0.10364652376207192,0.25143092818134644,0.25052565757441186,0.29300366907885467,specialization_promoter,0.9522888233032609,0.9917766132667536,0.9564135934421677,0.5201442562003181,0.5665464531664015,0.6277611397675094,0.008223386733246407,Goal_E_specialization,Goal E: maximize host specialization,1.7349151541274048,goal_adaptive_FB_controller
SplitMNIST_seed2_task2,SplitMNIST,digits,2,2,0.1365161113011586,0.14243491765981306,0.09481523943490536,0.2925785030959676,0.37966421567921416,0.32895464078270453,specialization_promoter,0.9625186918377427,0.9699895643931485,0.9550777436905097,0.5439692986124721,0.5466922511562733,0.6380789856780664,0.03001043560685146,Goal_E_specialization,Goal E: maximize host specialization,1.7492429647200423,goal_adaptive_FB_controller
SplitMNIST_seed2_task3,SplitMNIST,digits,2,3,0.13105550003207225,0.09982958088337249,0.09302547359785406,0.2506102464554514,0.44921137140839845,0.28391218910984756,specialization_promoter,0.9656659008681477,0.9776943668260234,0.9656288428045439,0.5551006973561065,0.5374160855365779,0.5972289296624511,0.022305633173976602,Goal_E_specialization,Goal E: maximize host specialization,1.6914572648945647,goal_adaptive_FB_controller
SplitMNIST_seed2_task4,SplitMNIST,digits,2,4,0.13738382373373115,0.10924384599934318,0.13620155681204676,0.2830131575003036,0.4605991464890704,0.2603136777211199,specialization_promoter,0.963071976181503,0.9722411816588576,0.9478611214927299,0.5425226874568897,0.5478977604525919,0.5831323881028757,0.027758818341142355,Goal_E_specialization,Goal E: maximize host specialization,1.6625423069958745,goal_adaptive_FB_controller
SplitMNIST_seed2_task5,SplitMNIST,digits,2,5,0.16578543635245707,0.08656289809072543,0.0703648019899094,0.23910474420137484,0.5305612994085463,0.22195612573013107,specialization_promoter,0.9598545107920197,0.9849169170046512,0.9601211706373486,0.578684333053624,0.5177630557886467,0.5708876684404796,0.015083082995348773,Goal_E_specialization,Goal E: maximize host specialization,1.6453906292052496,goal_adaptive_FB_controller
SplitMNIST_seed3_task1,SplitMNIST,digits,3,1,0.1506632545106428,0.051252823767483156,0.09347500297465011,0.2663096168897839,0.36583140828415367,0.22791095413219348,specialization_promoter,0.9804479973758111,0.9788235196287284,0.9598276918608629,0.5451625187413116,0.5456979010489069,0.5680882461566598,0.021176480371271622,Goal_E_specialization,Goal E: maximize host specialization,1.6478371122730833,goal_adaptive_FB_controller
SplitMNIST_seed3_task2,SplitMNIST,digits,3,2,0.13675075086255742,0.057184235027194705,0.05831276647795754,0.16021185444298736,0.43217052373132453,0.2908222407611112,specialization_promoter,0.9750746024882087,0.985205881253232,0.9617095446068185,0.5430762287633403,0.5474364760305497,0.6019879112967939,0.014794118746767948,Goal_E_specialization,Goal E: maximize host specialization,1.703581329981223,goal_adaptive_FB_controller
SplitMNIST_seed3_task3,SplitMNIST,digits,3,3,0.16683666644527684,0.07627813675509686,0.08980183747034003,0.2641977950762912,0.39167424736590345,0.33996601621344635,specialization_promoter,0.9414009260802783,0.9855324314010178,0.9604864773022955,0.5515620928950419,0.5403649225874652,0.6199535337413418,0.014467568598982239,Goal_E_specialization,Goal E: maximize host specialization,1.7243097698708458,goal_adaptive_FB_controller
SplitMNIST_seed3_task4,SplitMNIST,digits,3,4,0.1301762160289187,0.08363897531116124,0.07176139327012726,0.22768453227743934,0.43658567785474145,0.2409032694790533,specialization_promoter,0.9551900696000327,0.9790718637940252,0.9506301175811132,0.552315609230425,0.5397369923079791,0.5876163009502084,0.02092813620597478,Goal_E_specialization,Goal E: maximize host specialization,1.6665167029312946,goal_adaptive_FB_controller
SplitMNIST_seed3_task5,SplitMNIST,digits,3,5,0.14837249583142043,0.08208253559953144,0.07743446833286557,0.2624861674821214,0.5178328349345104,0.25367839861551705,specialization_promoter,0.9494220051514759,0.978869206661304,0.9651539607127743,0.56199348287591,0.5316720976034084,0.586058322023519,0.021130793338696052,Goal_E_specialization,Goal E: maximize host specialization,1.6672722606591932,goal_adaptive_FB_controller
